temperature,specimen,E,L1,L2,L3,P
6.0,1,0.0,0.0,0.0,0.0,0.0
6.0,2,7.0,6.0,0.0,0.0,0.0
6.0,3,0.0,0.0,0.0,0.0,0.0
6.0,4,0.0,0.0,0.0,0.0,0.0
6.0,5,0.0,0.0,0.0,0.0,0.0
6.0,6,9.0,0.0,0.0,0.0,0.0
6.0,7,0.0,0.0,0.0,0.0,0.0
6.0,8,0.0,0.0,0.0,0.0,0.0
6.0,9,9.0,0.0,0.0,0.0,0.0
6.0,10,0.0,0.0,0.0,0.0,0.0
6.0,11,0.0,0.0,0.0,0.0,0.0
6.0,12,7.0,7.0,0.0,0.0,0.0
6.0,13,0.0,0.0,0.0,0.0,0.0
6.0,14,0.0,0.0,0.0,0.0,0.0
6.0,15,0.0,0.0,0.0,0.0,0.0
6.0,16,9.0,0.0,0.0,0.0,0.0
6.0,17,0.0,0.0,0.0,0.0,0.0
6.0,18,0.0,0.0,0.0,0.0,0.0
6.0,19,0.0,0.0,0.0,0.0,0.0
6.0,20,0.0,0.0,0.0,0.0,0.0
6.0,21,10.0,0.0,0.0,0.0,0.0
6.0,22,10.0,0.0,0.0,0.0,0.0
6.0,23,0.0,0.0,0.0,0.0,0.0
6.0,24,0.0,0.0,0.0,0.0,0.0
6.0,25,0.0,0.0,0.0,0.0,0.0
6.0,26,0.0,0.0,0.0,0.0,0.0
6.0,27,0.0,0.0,0.0,0.0,0.0
6.0,28,8.0,0.0,0.0,0.0,0.0
6.0,29,0.0,0.0,0.0,0.0,0.0
6.0,30,0.0,0.0,0.0,0.0,0.0
6.0,31,0.0,0.0,0.0,0.0,0.0
6.0,32,0.0,0.0,0.0,0.0,0.0
6.0,33,10.0,0.0,0.0,0.0,0.0
6.0,34,0.0,0.0,0.0,0.0,0.0
6.0,35,0.0,0.0,0.0,0.0,0.0
6.0,36,0.0,0.0,0.0,0.0,0.0
6.0,37,0.0,0.0,0.0,0.0,0.0
6.0,38,0.0,0.0,0.0,0.0,0.0
6.0,39,8.0,6.0,0.0,0.0,0.0
6.0,40,0.0,0.0,0.0,0.0,0.0
6.0,41,0.0,0.0,0.0,0.0,0.0
6.0,42,0.0,0.0,0.0,0.0,0.0
6.0,43,0.0,0.0,0.0,0.0,0.0
6.0,44,8.0,0.0,0.0,0.0,0.0
6.0,45,0.0,0.0,0.0,0.0,0.0
6.0,46,0.0,0.0,0.0,0.0,0.0
6.0,47,0.0,0.0,0.0,0.0,0.0
6.0,48,10.0,0.0,0.0,0.0,0.0
6.0,49,0.0,0.0,0.0,0.0,0.0
6.0,50,10.0,0.0,0.0,0.0,0.0
6.0,51,0.0,0.0,0.0,0.0,0.0
6.0,52,0.0,0.0,0.0,0.0,0.0
6.0,53,0.0,0.0,0.0,0.0,0.0
6.0,54,0.0,0.0,0.0,0.0,0.0
6.0,55,0.0,0.0,0.0,0.0,0.0
6.0,56,0.0,0.0,0.0,0.0,0.0
6.0,57,0.0,0.0,0.0,0.0,0.0
6.0,58,0.0,0.0,0.0,0.0,0.0
6.0,59,0.0,0.0,0.0,0.0,0.0
6.0,60,0.0,0.0,0.0,0.0,0.0
6.0,61,0.0,0.0,0.0,0.0,0.0
6.0,62,0.0,0.0,0.0,0.0,0.0
6.0,63,0.0,0.0,0.0,0.0,0.0
6.0,64,0.0,0.0,0.0,0.0,0.0
6.0,65,0.0,0.0,0.0,0.0,0.0
6.0,66,0.0,0.0,0.0,0.0,0.0
6.0,67,0.0,0.0,0.0,0.0,0.0
6.0,68,0.0,0.0,0.0,0.0,0.0
6.0,69,0.0,0.0,0.0,0.0,0.0
6.0,70,0.0,0.0,0.0,0.0,0.0
6.0,71,0.0,0.0,0.0,0.0,0.0
6.0,72,0.0,0.0,0.0,0.0,0.0
6.0,73,0.0,0.0,0.0,0.0,0.0
6.0,74,0.0,0.0,0.0,0.0,0.0
6.0,75,0.0,0.0,0.0,0.0,0.0
6.0,76,0.0,0.0,0.0,0.0,0.0
6.0,77,0.0,0.0,0.0,0.0,0.0
6.0,78,0.0,0.0,0.0,0.0,0.0
6.0,79,0.0,0.0,0.0,0.0,0.0
6.0,80,0.0,0.0,0.0,0.0,0.0
6.0,81,0.0,0.0,0.0,0.0,0.0
6.0,82,0.0,0.0,0.0,0.0,0.0
6.0,83,0.0,0.0,0.0,0.0,0.0
6.0,84,0.0,0.0,0.0,0.0,0.0
6.0,85,0.0,0.0,0.0,0.0,0.0
6.0,86,0.0,0.0,0.0,0.0,0.0
6.0,87,0.0,0.0,0.0,0.0,0.0
6.0,88,0.0,0.0,0.0,0.0,0.0
6.0,89,0.0,0.0,0.0,0.0,0.0
6.0,90,0.0,0.0,0.0,0.0,0.0
6.0,91,0.0,0.0,0.0,0.0,0.0
6.0,92,0.0,0.0,0.0,0.0,0.0
6.0,93,0.0,0.0,0.0,0.0,0.0
6.0,94,0.0,0.0,0.0,0.0,0.0
6.0,95,0.0,0.0,0.0,0.0,0.0
6.0,96,0.0,0.0,0.0,0.0,0.0
6.0,97,0.0,0.0,0.0,0.0,0.0
6.0,98,0.0,0.0,0.0,0.0,0.0
6.0,99,0.0,0.0,0.0,0.0,0.0
6.0,100,0.0,0.0,0.0,0.0,0.0
6.0,101,0.0,0.0,0.0,0.0,0.0
6.0,102,0.0,0.0,0.0,0.0,0.0
6.0,103,0.0,0.0,0.0,0.0,0.0
6.0,104,0.0,0.0,0.0,0.0,0.0
6.0,105,0.0,0.0,0.0,0.0,0.0
6.0,106,0.0,0.0,0.0,0.0,0.0
6.0,107,0.0,0.0,0.0,0.0,0.0
6.0,108,0.0,0.0,0.0,0.0,0.0
6.0,109,0.0,0.0,0.0,0.0,0.0
6.0,110,0.0,0.0,0.0,0.0,0.0
6.0,111,0.0,0.0,0.0,0.0,0.0
6.0,112,0.0,0.0,0.0,0.0,0.0
6.0,113,0.0,0.0,0.0,0.0,0.0
6.0,114,0.0,0.0,0.0,0.0,0.0
6.0,115,0.0,0.0,0.0,0.0,0.0
6.0,116,0.0,0.0,0.0,0.0,0.0
6.0,117,0.0,0.0,0.0,0.0,0.0
6.0,118,0.0,0.0,0.0,0.0,0.0
6.0,119,0.0,0.0,0.0,0.0,0.0
6.0,120,0.0,0.0,0.0,0.0,0.0
6.0,121,0.0,0.0,0.0,0.0,0.0
6.0,122,0.0,0.0,0.0,0.0,0.0
6.0,123,0.0,0.0,0.0,0.0,0.0
6.0,124,0.0,0.0,0.0,0.0,0.0
6.0,125,0.0,0.0,0.0,0.0,0.0
6.0,126,0.0,0.0,0.0,0.0,0.0
6.0,127,0.0,0.0,0.0,0.0,0.0
6.0,128,0.0,0.0,0.0,0.0,0.0
6.0,129,0.0,0.0,0.0,0.0,0.0
6.0,130,0.0,0.0,0.0,0.0,0.0
6.0,131,0.0,0.0,0.0,0.0,0.0
6.0,132,0.0,0.0,0.0,0.0,0.0
6.0,133,0.0,0.0,0.0,0.0,0.0
6.0,134,0.0,0.0,0.0,0.0,0.0
6.0,135,0.0,0.0,0.0,0.0,0.0
6.0,136,0.0,0.0,0.0,0.0,0.0
6.0,137,0.0,0.0,0.0,0.0,0.0
6.0,138,0.0,0.0,0.0,0.0,0.0
6.0,139,0.0,0.0,0.0,0.0,0.0
6.0,140,0.0,0.0,0.0,0.0,0.0
6.0,141,0.0,0.0,0.0,0.0,0.0
6.0,142,0.0,0.0,0.0,0.0,0.0
6.0,143,0.0,0.0,0.0,0.0,0.0
6.0,144,0.0,0.0,0.0,0.0,0.0
6.0,145,0.0,0.0,0.0,0.0,0.0
6.0,146,0.0,0.0,0.0,0.0,0.0
6.0,147,0.0,0.0,0.0,0.0,0.0
6.0,148,0.0,0.0,0.0,0.0,0.0
6.0,149,0.0,0.0,0.0,0.0,0.0
6.0,150,0.0,0.0,0.0,0.0,0.0
6.0,151,0.0,0.0,0.0,0.0,0.0
6.0,152,0.0,0.0,0.0,0.0,0.0
6.0,153,0.0,0.0,0.0,0.0,0.0
6.0,154,0.0,0.0,0.0,0.0,0.0
6.0,155,0.0,0.0,0.0,0.0,0.0
6.0,156,0.0,0.0,0.0,0.0,0.0
6.0,157,0.0,0.0,0.0,0.0,0.0
6.0,158,0.0,0.0,0.0,0.0,0.0
6.0,159,0.0,0.0,0.0,0.0,0.0
6.0,160,0.0,0.0,0.0,0.0,0.0
6.0,161,0.0,0.0,0.0,0.0,0.0
6.0,162,0.0,0.0,0.0,0.0,0.0
6.0,163,0.0,0.0,0.0,0.0,0.0
6.0,164,0.0,0.0,0.0,0.0,0.0
6.0,165,0.0,0.0,0.0,0.0,0.0
6.0,166,0.0,0.0,0.0,0.0,0.0
6.0,167,0.0,0.0,0.0,0.0,0.0
6.0,168,0.0,0.0,0.0,0.0,0.0
6.0,169,0.0,0.0,0.0,0.0,0.0
6.0,170,0.0,0.0,0.0,0.0,0.0
6.0,171,0.0,0.0,0.0,0.0,0.0
6.0,172,0.0,0.0,0.0,0.0,0.0
6.0,173,0.0,0.0,0.0,0.0,0.0
6.0,174,0.0,0.0,0.0,0.0,0.0
6.0,175,0.0,0.0,0.0,0.0,0.0
6.0,176,0.0,0.0,0.0,0.0,0.0
6.0,177,0.0,0.0,0.0,0.0,0.0
6.0,178,0.0,0.0,0.0,0.0,0.0
6.0,179,0.0,0.0,0.0,0.0,0.0
6.0,180,0.0,0.0,0.0,0.0,0.0
6.0,181,0.0,0.0,0.0,0.0,0.0
6.0,182,0.0,0.0,0.0,0.0,0.0
6.0,183,0.0,0.0,0.0,0.0,0.0
6.0,184,0.0,0.0,0.0,0.0,0.0
6.0,185,0.0,0.0,0.0,0.0,0.0
6.0,186,0.0,0.0,0.0,0.0,0.0
6.0,187,0.0,0.0,0.0,0.0,0.0
6.0,188,0.0,0.0,0.0,0.0,0.0
6.0,189,0.0,0.0,0.0,0.0,0.0
6.0,190,0.0,0.0,0.0,0.0,0.0
6.0,191,0.0,0.0,0.0,0.0,0.0
6.0,192,0.0,0.0,0.0,0.0,0.0
6.0,193,0.0,0.0,0.0,0.0,0.0
6.0,194,0.0,0.0,0.0,0.0,0.0
6.0,195,0.0,0.0,0.0,0.0,0.0
6.0,196,0.0,0.0,0.0,0.0,0.0
6.0,197,0.0,0.0,0.0,0.0,0.0
6.0,198,0.0,0.0,0.0,0.0,0.0
6.0,199,0.0,0.0,0.0,0.0,0.0
6.0,200,0.0,0.0,0.0,0.0,0.0
6.0,201,0.0,0.0,0.0,0.0,0.0
6.0,202,0.0,0.0,0.0,0.0,0.0
6.0,203,0.0,0.0,0.0,0.0,0.0
6.0,204,0.0,0.0,0.0,0.0,0.0
6.0,205,0.0,0.0,0.0,0.0,0.0
6.0,206,0.0,0.0,0.0,0.0,0.0
6.0,207,0.0,0.0,0.0,0.0,0.0
6.0,208,0.0,0.0,0.0,0.0,0.0
6.0,209,0.0,0.0,0.0,0.0,0.0
6.0,210,0.0,0.0,0.0,0.0,0.0
6.0,211,0.0,0.0,0.0,0.0,0.0
6.0,212,0.0,0.0,0.0,0.0,0.0
6.0,213,0.0,0.0,0.0,0.0,0.0
6.0,214,0.0,0.0,0.0,0.0,0.0
6.0,215,0.0,0.0,0.0,0.0,0.0
6.0,216,0.0,0.0,0.0,0.0,0.0
6.0,217,0.0,0.0,0.0,0.0,0.0
6.0,218,0.0,0.0,0.0,0.0,0.0
6.0,219,0.0,0.0,0.0,0.0,0.0
6.0,220,0.0,0.0,0.0,0.0,0.0
6.0,221,0.0,0.0,0.0,0.0,0.0
6.0,222,0.0,0.0,0.0,0.0,0.0
6.0,223,0.0,0.0,0.0,0.0,0.0
6.0,224,0.0,0.0,0.0,0.0,0.0
6.0,225,0.0,0.0,0.0,0.0,0.0
6.0,226,0.0,0.0,0.0,0.0,0.0
6.0,227,0.0,0.0,0.0,0.0,0.0
6.0,228,0.0,0.0,0.0,0.0,0.0
6.0,229,0.0,0.0,0.0,0.0,0.0
6.0,230,0.0,0.0,0.0,0.0,0.0
6.0,231,0.0,0.0,0.0,0.0,0.0
6.0,232,0.0,0.0,0.0,0.0,0.0
6.0,233,0.0,0.0,0.0,0.0,0.0
6.0,234,0.0,0.0,0.0,0.0,0.0
6.0,235,0.0,0.0,0.0,0.0,0.0
6.0,236,0.0,0.0,0.0,0.0,0.0
6.0,237,0.0,0.0,0.0,0.0,0.0
6.0,238,0.0,0.0,0.0,0.0,0.0
6.0,239,0.0,0.0,0.0,0.0,0.0
6.0,240,0.0,0.0,0.0,0.0,0.0
6.0,241,0.0,0.0,0.0,0.0,0.0
6.0,242,0.0,0.0,0.0,0.0,0.0
6.0,243,0.0,0.0,0.0,0.0,0.0
6.0,244,0.0,0.0,0.0,0.0,0.0
6.0,245,0.0,0.0,0.0,0.0,0.0
6.0,246,0.0,0.0,0.0,0.0,0.0
6.0,247,0.0,0.0,0.0,0.0,0.0
6.0,248,0.0,0.0,0.0,0.0,0.0
6.0,249,0.0,0.0,0.0,0.0,0.0
6.0,250,0.0,0.0,0.0,0.0,0.0
6.0,251,0.0,0.0,0.0,0.0,0.0
6.0,252,0.0,0.0,0.0,0.0,0.0
6.0,253,0.0,0.0,0.0,0.0,0.0
6.0,254,0.0,0.0,0.0,0.0,0.0
6.0,255,0.0,0.0,0.0,0.0,0.0
6.0,256,0.0,0.0,0.0,0.0,0.0
6.0,257,0.0,0.0,0.0,0.0,0.0
6.0,258,0.0,0.0,0.0,0.0,0.0
6.0,259,0.0,0.0,0.0,0.0,0.0
6.0,260,0.0,0.0,0.0,0.0,0.0
6.0,261,0.0,0.0,0.0,0.0,0.0
6.0,262,0.0,0.0,0.0,0.0,0.0
6.0,263,0.0,0.0,0.0,0.0,0.0
6.0,264,0.0,0.0,0.0,0.0,0.0
6.0,265,0.0,0.0,0.0,0.0,0.0
6.0,266,0.0,0.0,0.0,0.0,0.0
6.0,267,0.0,0.0,0.0,0.0,0.0
6.0,268,0.0,0.0,0.0,0.0,0.0
6.0,269,0.0,0.0,0.0,0.0,0.0
6.0,270,0.0,0.0,0.0,0.0,0.0
6.0,271,0.0,0.0,0.0,0.0,0.0
6.0,272,0.0,0.0,0.0,0.0,0.0
6.0,273,0.0,0.0,0.0,0.0,0.0
6.0,274,0.0,0.0,0.0,0.0,0.0
6.0,275,0.0,0.0,0.0,0.0,0.0
6.0,276,0.0,0.0,0.0,0.0,0.0
6.0,277,0.0,0.0,0.0,0.0,0.0
6.0,278,0.0,0.0,0.0,0.0,0.0
6.0,279,0.0,0.0,0.0,0.0,0.0
6.0,280,0.0,0.0,0.0,0.0,0.0
6.0,281,0.0,0.0,0.0,0.0,0.0
6.0,282,0.0,0.0,0.0,0.0,0.0
6.0,283,0.0,0.0,0.0,0.0,0.0
6.0,284,0.0,0.0,0.0,0.0,0.0
6.0,285,0.0,0.0,0.0,0.0,0.0
6.0,286,0.0,0.0,0.0,0.0,0.0
6.0,287,0.0,0.0,0.0,0.0,0.0
6.0,288,0.0,0.0,0.0,0.0,0.0
6.0,289,0.0,0.0,0.0,0.0,0.0
6.0,290,0.0,0.0,0.0,0.0,0.0
6.0,291,0.0,0.0,0.0,0.0,0.0
6.0,292,0.0,0.0,0.0,0.0,0.0
6.0,293,0.0,0.0,0.0,0.0,0.0
6.0,294,0.0,0.0,0.0,0.0,0.0
6.0,295,0.0,0.0,0.0,0.0,0.0
6.0,296,0.0,0.0,0.0,0.0,0.0
6.0,297,0.0,0.0,0.0,0.0,0.0
6.0,298,0.0,0.0,0.0,0.0,0.0
6.0,299,0.0,0.0,0.0,0.0,0.0
6.0,300,0.0,0.0,0.0,0.0,0.0
6.0,301,0.0,0.0,0.0,0.0,0.0
6.0,302,0.0,0.0,0.0,0.0,0.0
6.0,303,0.0,0.0,0.0,0.0,0.0
6.0,304,0.0,0.0,0.0,0.0,0.0
6.0,305,0.0,0.0,0.0,0.0,0.0
6.0,306,0.0,0.0,0.0,0.0,0.0
6.0,307,0.0,0.0,0.0,0.0,0.0
6.0,308,0.0,0.0,0.0,0.0,0.0
6.0,309,0.0,0.0,0.0,0.0,0.0
6.0,310,0.0,0.0,0.0,0.0,0.0
6.0,311,0.0,0.0,0.0,0.0,0.0
6.0,312,0.0,0.0,0.0,0.0,0.0
6.0,313,0.0,0.0,0.0,0.0,0.0
6.0,314,0.0,0.0,0.0,0.0,0.0
6.0,315,0.0,0.0,0.0,0.0,0.0
6.0,316,0.0,0.0,0.0,0.0,0.0
6.0,317,0.0,0.0,0.0,0.0,0.0
6.0,318,0.0,0.0,0.0,0.0,0.0
6.0,319,0.0,0.0,0.0,0.0,0.0
6.0,320,0.0,0.0,0.0,0.0,0.0
6.0,321,0.0,0.0,0.0,0.0,0.0
6.0,322,0.0,0.0,0.0,0.0,0.0
6.0,323,0.0,0.0,0.0,0.0,0.0
6.0,324,0.0,0.0,0.0,0.0,0.0
6.0,325,0.0,0.0,0.0,0.0,0.0
6.0,326,0.0,0.0,0.0,0.0,0.0
6.0,327,0.0,0.0,0.0,0.0,0.0
6.0,328,0.0,0.0,0.0,0.0,0.0
6.0,329,0.0,0.0,0.0,0.0,0.0
6.0,330,0.0,0.0,0.0,0.0,0.0
6.0,331,0.0,0.0,0.0,0.0,0.0
6.0,332,0.0,0.0,0.0,0.0,0.0
6.0,333,0.0,0.0,0.0,0.0,0.0
6.0,334,0.0,0.0,0.0,0.0,0.0
6.0,335,0.0,0.0,0.0,0.0,0.0
6.0,336,0.0,0.0,0.0,0.0,0.0
6.0,337,0.0,0.0,0.0,0.0,0.0
6.0,338,0.0,0.0,0.0,0.0,0.0
6.0,339,0.0,0.0,0.0,0.0,0.0
6.0,340,0.0,0.0,0.0,0.0,0.0
6.0,341,0.0,0.0,0.0,0.0,0.0
6.0,342,0.0,0.0,0.0,0.0,0.0
6.0,343,0.0,0.0,0.0,0.0,0.0
6.0,344,0.0,0.0,0.0,0.0,0.0
6.0,345,0.0,0.0,0.0,0.0,0.0
6.0,346,0.0,0.0,0.0,0.0,0.0
6.0,347,0.0,0.0,0.0,0.0,0.0
6.0,348,0.0,0.0,0.0,0.0,0.0
6.0,349,0.0,0.0,0.0,0.0,0.0
6.0,350,0.0,0.0,0.0,0.0,0.0
6.0,351,0.0,0.0,0.0,0.0,0.0
6.0,352,0.0,0.0,0.0,0.0,0.0
6.0,353,0.0,0.0,0.0,0.0,0.0
6.0,354,0.0,0.0,0.0,0.0,0.0
6.0,355,0.0,0.0,0.0,0.0,0.0
6.0,356,0.0,0.0,0.0,0.0,0.0
6.0,357,0.0,0.0,0.0,0.0,0.0
6.0,358,0.0,0.0,0.0,0.0,0.0
6.0,359,0.0,0.0,0.0,0.0,0.0
6.0,360,0.0,0.0,0.0,0.0,0.0
6.0,361,0.0,0.0,0.0,0.0,0.0
6.0,362,0.0,0.0,0.0,0.0,0.0
6.0,363,0.0,0.0,0.0,0.0,0.0
6.0,364,0.0,0.0,0.0,0.0,0.0
6.0,365,0.0,0.0,0.0,0.0,0.0
6.0,366,0.0,0.0,0.0,0.0,0.0
6.0,367,0.0,0.0,0.0,0.0,0.0
6.0,368,0.0,0.0,0.0,0.0,0.0
6.0,369,0.0,0.0,0.0,0.0,0.0
6.0,370,0.0,0.0,0.0,0.0,0.0
6.0,371,0.0,0.0,0.0,0.0,0.0
6.0,372,0.0,0.0,0.0,0.0,0.0
6.0,373,0.0,0.0,0.0,0.0,0.0
6.0,374,0.0,0.0,0.0,0.0,0.0
6.0,375,0.0,0.0,0.0,0.0,0.0
6.0,376,0.0,0.0,0.0,0.0,0.0
6.0,377,0.0,0.0,0.0,0.0,0.0
6.0,378,0.0,0.0,0.0,0.0,0.0
6.0,379,0.0,0.0,0.0,0.0,0.0
6.0,380,0.0,0.0,0.0,0.0,0.0
6.0,381,0.0,0.0,0.0,0.0,0.0
6.0,382,0.0,0.0,0.0,0.0,0.0
6.0,383,0.0,0.0,0.0,0.0,0.0
6.0,384,0.0,0.0,0.0,0.0,0.0
6.0,385,0.0,0.0,0.0,0.0,0.0
6.0,386,0.0,0.0,0.0,0.0,0.0
6.0,387,0.0,0.0,0.0,0.0,0.0
6.0,388,0.0,0.0,0.0,0.0,0.0
6.0,389,0.0,0.0,0.0,0.0,0.0
6.0,390,0.0,0.0,0.0,0.0,0.0
6.0,391,0.0,0.0,0.0,0.0,0.0
6.0,392,0.0,0.0,0.0,0.0,0.0
6.0,393,0.0,0.0,0.0,0.0,0.0
6.0,394,0.0,0.0,0.0,0.0,0.0
6.0,395,0.0,0.0,0.0,0.0,0.0
6.0,396,0.0,0.0,0.0,0.0,0.0
6.0,397,0.0,0.0,0.0,0.0,0.0
6.0,398,0.0,0.0,0.0,0.0,0.0
6.0,399,0.0,0.0,0.0,0.0,0.0
6.0,400,0.0,0.0,0.0,0.0,0.0
6.0,401,0.0,0.0,0.0,0.0,0.0
6.0,402,0.0,0.0,0.0,0.0,0.0
6.0,403,0.0,0.0,0.0,0.0,0.0
6.0,404,0.0,0.0,0.0,0.0,0.0
6.0,405,0.0,0.0,0.0,0.0,0.0
6.0,406,0.0,0.0,0.0,0.0,0.0
6.0,407,0.0,0.0,0.0,0.0,0.0
6.0,408,0.0,0.0,0.0,0.0,0.0
6.0,409,0.0,0.0,0.0,0.0,0.0
6.0,410,0.0,0.0,0.0,0.0,0.0
6.0,411,0.0,0.0,0.0,0.0,0.0
6.0,412,0.0,0.0,0.0,0.0,0.0
6.0,413,0.0,0.0,0.0,0.0,0.0
6.0,414,0.0,0.0,0.0,0.0,0.0
6.0,415,0.0,0.0,0.0,0.0,0.0
6.0,416,0.0,0.0,0.0,0.0,0.0
6.0,417,0.0,0.0,0.0,0.0,0.0
6.0,418,0.0,0.0,0.0,0.0,0.0
6.0,419,0.0,0.0,0.0,0.0,0.0
6.0,420,0.0,0.0,0.0,0.0,0.0
6.0,421,0.0,0.0,0.0,0.0,0.0
6.0,422,0.0,0.0,0.0,0.0,0.0
6.0,423,0.0,0.0,0.0,0.0,0.0
6.0,424,0.0,0.0,0.0,0.0,0.0
6.0,425,0.0,0.0,0.0,0.0,0.0
6.0,426,0.0,0.0,0.0,0.0,0.0
6.0,427,0.0,0.0,0.0,0.0,0.0
6.0,428,0.0,0.0,0.0,0.0,0.0
6.0,429,0.0,0.0,0.0,0.0,0.0
6.0,430,0.0,0.0,0.0,0.0,0.0
6.0,431,0.0,0.0,0.0,0.0,0.0
6.0,432,0.0,0.0,0.0,0.0,0.0
6.0,433,0.0,0.0,0.0,0.0,0.0
6.0,434,0.0,0.0,0.0,0.0,0.0
6.0,435,0.0,0.0,0.0,0.0,0.0
6.0,436,0.0,0.0,0.0,0.0,0.0
6.0,437,0.0,0.0,0.0,0.0,0.0
6.0,438,0.0,0.0,0.0,0.0,0.0
6.0,439,0.0,0.0,0.0,0.0,0.0
6.0,440,0.0,0.0,0.0,0.0,0.0
6.0,441,0.0,0.0,0.0,0.0,0.0
6.0,442,0.0,0.0,0.0,0.0,0.0
6.0,443,0.0,0.0,0.0,0.0,0.0
6.0,444,0.0,0.0,0.0,0.0,0.0
6.0,445,0.0,0.0,0.0,0.0,0.0
6.0,446,0.0,0.0,0.0,0.0,0.0
6.0,447,0.0,0.0,0.0,0.0,0.0
6.0,448,0.0,0.0,0.0,0.0,0.0
6.0,449,0.0,0.0,0.0,0.0,0.0
6.0,450,0.0,0.0,0.0,0.0,0.0
6.0,451,0.0,0.0,0.0,0.0,0.0
6.0,452,0.0,0.0,0.0,0.0,0.0
6.0,453,0.0,0.0,0.0,0.0,0.0
6.0,454,0.0,0.0,0.0,0.0,0.0
6.0,455,0.0,0.0,0.0,0.0,0.0
6.0,456,0.0,0.0,0.0,0.0,0.0
6.0,457,0.0,0.0,0.0,0.0,0.0
6.0,458,0.0,0.0,0.0,0.0,0.0
6.0,459,0.0,0.0,0.0,0.0,0.0
6.0,460,0.0,0.0,0.0,0.0,0.0
6.0,461,0.0,0.0,0.0,0.0,0.0
6.0,462,0.0,0.0,0.0,0.0,0.0
6.0,463,0.0,0.0,0.0,0.0,0.0
6.0,464,0.0,0.0,0.0,0.0,0.0
6.0,465,0.0,0.0,0.0,0.0,0.0
6.0,466,0.0,0.0,0.0,0.0,0.0
6.0,467,0.0,0.0,0.0,0.0,0.0
6.0,468,0.0,0.0,0.0,0.0,0.0
6.0,469,0.0,0.0,0.0,0.0,0.0
6.0,470,0.0,0.0,0.0,0.0,0.0
6.0,471,0.0,0.0,0.0,0.0,0.0
6.0,472,0.0,0.0,0.0,0.0,0.0
6.0,473,0.0,0.0,0.0,0.0,0.0
6.0,474,0.0,0.0,0.0,0.0,0.0
6.0,475,0.0,0.0,0.0,0.0,0.0
6.0,476,0.0,0.0,0.0,0.0,0.0
6.0,477,0.0,0.0,0.0,0.0,0.0
6.0,478,0.0,0.0,0.0,0.0,0.0
6.0,479,0.0,0.0,0.0,0.0,0.0
6.0,480,0.0,0.0,0.0,0.0,0.0
6.0,481,0.0,0.0,0.0,0.0,0.0
6.0,482,0.0,0.0,0.0,0.0,0.0
6.0,483,0.0,0.0,0.0,0.0,0.0
6.0,484,0.0,0.0,0.0,0.0,0.0
6.0,485,0.0,0.0,0.0,0.0,0.0
6.0,486,0.0,0.0,0.0,0.0,0.0
6.0,487,0.0,0.0,0.0,0.0,0.0
6.0,488,0.0,0.0,0.0,0.0,0.0
6.0,489,0.0,0.0,0.0,0.0,0.0
6.0,490,0.0,0.0,0.0,0.0,0.0
6.0,491,0.0,0.0,0.0,0.0,0.0
6.0,492,0.0,0.0,0.0,0.0,0.0
6.0,493,0.0,0.0,0.0,0.0,0.0
6.0,494,0.0,0.0,0.0,0.0,0.0
6.0,495,0.0,0.0,0.0,0.0,0.0
6.0,496,0.0,0.0,0.0,0.0,0.0
6.0,497,0.0,0.0,0.0,0.0,0.0
6.0,498,0.0,0.0,0.0,0.0,0.0
6.0,499,0.0,0.0,0.0,0.0,0.0
6.0,500,0.0,0.0,0.0,0.0,0.0
6.0,501,0.0,0.0,0.0,0.0,0.0
6.0,502,0.0,0.0,0.0,0.0,0.0
6.0,503,0.0,0.0,0.0,0.0,0.0
6.0,504,0.0,0.0,0.0,0.0,0.0
6.0,505,0.0,0.0,0.0,0.0,0.0
6.0,506,0.0,0.0,0.0,0.0,0.0
6.0,507,0.0,0.0,0.0,0.0,0.0
6.0,508,0.0,0.0,0.0,0.0,0.0
6.0,509,0.0,0.0,0.0,0.0,0.0
6.0,510,0.0,0.0,0.0,0.0,0.0
6.0,511,0.0,0.0,0.0,0.0,0.0
6.0,512,0.0,0.0,0.0,0.0,0.0
6.0,513,0.0,0.0,0.0,0.0,0.0
6.0,514,0.0,0.0,0.0,0.0,0.0
6.0,515,0.0,0.0,0.0,0.0,0.0
6.0,516,0.0,0.0,0.0,0.0,0.0
6.0,517,0.0,0.0,0.0,0.0,0.0
6.0,518,0.0,0.0,0.0,0.0,0.0
6.0,519,0.0,0.0,0.0,0.0,0.0
6.0,520,0.0,0.0,0.0,0.0,0.0
6.0,521,0.0,0.0,0.0,0.0,0.0
6.0,522,0.0,0.0,0.0,0.0,0.0
6.0,523,0.0,0.0,0.0,0.0,0.0
6.0,524,0.0,0.0,0.0,0.0,0.0
6.0,525,0.0,0.0,0.0,0.0,0.0
6.0,526,0.0,0.0,0.0,0.0,0.0
6.0,527,0.0,0.0,0.0,0.0,0.0
6.0,528,0.0,0.0,0.0,0.0,0.0
6.0,529,0.0,0.0,0.0,0.0,0.0
6.0,530,0.0,0.0,0.0,0.0,0.0
6.0,531,0.0,0.0,0.0,0.0,0.0
6.0,532,0.0,0.0,0.0,0.0,0.0
6.0,533,0.0,0.0,0.0,0.0,0.0
6.0,534,0.0,0.0,0.0,0.0,0.0
6.0,535,0.0,0.0,0.0,0.0,0.0
6.0,536,0.0,0.0,0.0,0.0,0.0
6.0,537,0.0,0.0,0.0,0.0,0.0
6.0,538,0.0,0.0,0.0,0.0,0.0
6.0,539,0.0,0.0,0.0,0.0,0.0
6.0,540,0.0,0.0,0.0,0.0,0.0
6.0,541,0.0,0.0,0.0,0.0,0.0
6.0,542,0.0,0.0,0.0,0.0,0.0
6.0,543,0.0,0.0,0.0,0.0,0.0
6.0,544,0.0,0.0,0.0,0.0,0.0
6.0,545,0.0,0.0,0.0,0.0,0.0
6.0,546,0.0,0.0,0.0,0.0,0.0
6.0,547,0.0,0.0,0.0,0.0,0.0
6.0,548,0.0,0.0,0.0,0.0,0.0
6.0,549,0.0,0.0,0.0,0.0,0.0
6.0,550,0.0,0.0,0.0,0.0,0.0
6.0,551,0.0,0.0,0.0,0.0,0.0
6.0,552,0.0,0.0,0.0,0.0,0.0
6.0,553,0.0,0.0,0.0,0.0,0.0
6.0,554,0.0,0.0,0.0,0.0,0.0
6.0,555,0.0,0.0,0.0,0.0,0.0
6.0,556,0.0,0.0,0.0,0.0,0.0
6.0,557,0.0,0.0,0.0,0.0,0.0
6.0,558,0.0,0.0,0.0,0.0,0.0
6.0,559,0.0,0.0,0.0,0.0,0.0
6.0,560,0.0,0.0,0.0,0.0,0.0
6.0,561,0.0,0.0,0.0,0.0,0.0
6.0,562,0.0,0.0,0.0,0.0,0.0
6.0,563,0.0,0.0,0.0,0.0,0.0
6.0,564,0.0,0.0,0.0,0.0,0.0
6.0,565,0.0,0.0,0.0,0.0,0.0
6.0,566,0.0,0.0,0.0,0.0,0.0
6.0,567,0.0,0.0,0.0,0.0,0.0
6.0,568,0.0,0.0,0.0,0.0,0.0
6.0,569,0.0,0.0,0.0,0.0,0.0
6.0,570,0.0,0.0,0.0,0.0,0.0
6.0,571,0.0,0.0,0.0,0.0,0.0
6.0,572,0.0,0.0,0.0,0.0,0.0
6.0,573,0.0,0.0,0.0,0.0,0.0
6.0,574,0.0,0.0,0.0,0.0,0.0
6.0,575,0.0,0.0,0.0,0.0,0.0
6.0,576,0.0,0.0,0.0,0.0,0.0
6.0,577,0.0,0.0,0.0,0.0,0.0
6.0,578,0.0,0.0,0.0,0.0,0.0
6.0,579,0.0,0.0,0.0,0.0,0.0
6.0,580,0.0,0.0,0.0,0.0,0.0
6.0,581,0.0,0.0,0.0,0.0,0.0
6.0,582,0.0,0.0,0.0,0.0,0.0
6.0,583,0.0,0.0,0.0,0.0,0.0
6.0,584,0.0,0.0,0.0,0.0,0.0
6.0,585,0.0,0.0,0.0,0.0,0.0
6.0,586,0.0,0.0,0.0,0.0,0.0
6.0,587,0.0,0.0,0.0,0.0,0.0
6.0,588,0.0,0.0,0.0,0.0,0.0
6.0,589,0.0,0.0,0.0,0.0,0.0
6.0,590,0.0,0.0,0.0,0.0,0.0
6.0,591,0.0,0.0,0.0,0.0,0.0
6.0,592,0.0,0.0,0.0,0.0,0.0
6.0,593,0.0,0.0,0.0,0.0,0.0
6.0,594,0.0,0.0,0.0,0.0,0.0
6.0,595,0.0,0.0,0.0,0.0,0.0
6.0,596,0.0,0.0,0.0,0.0,0.0
6.0,597,0.0,0.0,0.0,0.0,0.0
6.0,598,0.0,0.0,0.0,0.0,0.0
6.0,599,0.0,0.0,0.0,0.0,0.0
6.0,600,0.0,0.0,0.0,0.0,0.0
6.0,601,0.0,0.0,0.0,0.0,0.0
6.0,602,0.0,0.0,0.0,0.0,0.0
6.0,603,0.0,0.0,0.0,0.0,0.0
6.0,604,0.0,0.0,0.0,0.0,0.0
6.0,605,0.0,0.0,0.0,0.0,0.0
6.0,606,0.0,0.0,0.0,0.0,0.0
6.0,607,0.0,0.0,0.0,0.0,0.0
6.0,608,0.0,0.0,0.0,0.0,0.0
6.0,609,0.0,0.0,0.0,0.0,0.0
6.0,610,0.0,0.0,0.0,0.0,0.0
6.0,611,0.0,0.0,0.0,0.0,0.0
6.0,612,0.0,0.0,0.0,0.0,0.0
6.0,613,0.0,0.0,0.0,0.0,0.0
6.0,614,0.0,0.0,0.0,0.0,0.0
6.0,615,0.0,0.0,0.0,0.0,0.0
6.0,616,0.0,0.0,0.0,0.0,0.0
6.0,617,0.0,0.0,0.0,0.0,0.0
6.0,618,0.0,0.0,0.0,0.0,0.0
6.0,619,0.0,0.0,0.0,0.0,0.0
6.0,620,0.0,0.0,0.0,0.0,0.0
6.0,621,0.0,0.0,0.0,0.0,0.0
6.0,622,0.0,0.0,0.0,0.0,0.0
6.0,623,0.0,0.0,0.0,0.0,0.0
6.0,624,0.0,0.0,0.0,0.0,0.0
6.0,625,0.0,0.0,0.0,0.0,0.0
6.0,626,0.0,0.0,0.0,0.0,0.0
6.0,627,0.0,0.0,0.0,0.0,0.0
6.0,628,0.0,0.0,0.0,0.0,0.0
6.0,629,0.0,0.0,0.0,0.0,0.0
6.0,630,0.0,0.0,0.0,0.0,0.0
6.0,631,0.0,0.0,0.0,0.0,0.0
6.0,632,0.0,0.0,0.0,0.0,0.0
6.0,633,0.0,0.0,0.0,0.0,0.0
6.0,634,0.0,0.0,0.0,0.0,0.0
6.0,635,0.0,0.0,0.0,0.0,0.0
6.0,636,0.0,0.0,0.0,0.0,0.0
6.0,637,0.0,0.0,0.0,0.0,0.0
6.0,638,0.0,0.0,0.0,0.0,0.0
6.0,639,0.0,0.0,0.0,0.0,0.0
6.0,640,0.0,0.0,0.0,0.0,0.0
6.0,641,0.0,0.0,0.0,0.0,0.0
6.0,642,0.0,0.0,0.0,0.0,0.0
6.0,643,0.0,0.0,0.0,0.0,0.0
6.0,644,0.0,0.0,0.0,0.0,0.0
6.0,645,0.0,0.0,0.0,0.0,0.0
6.0,646,0.0,0.0,0.0,0.0,0.0
6.0,647,0.0,0.0,0.0,0.0,0.0
6.0,648,0.0,0.0,0.0,0.0,0.0
6.0,649,0.0,0.0,0.0,0.0,0.0
6.0,650,0.0,0.0,0.0,0.0,0.0
6.0,651,0.0,0.0,0.0,0.0,0.0
6.0,652,0.0,0.0,0.0,0.0,0.0
6.0,653,0.0,0.0,0.0,0.0,0.0
6.0,654,0.0,0.0,0.0,0.0,0.0
6.0,655,0.0,0.0,0.0,0.0,0.0
6.0,656,0.0,0.0,0.0,0.0,0.0
6.0,657,0.0,0.0,0.0,0.0,0.0
6.0,658,0.0,0.0,0.0,0.0,0.0
6.0,659,0.0,0.0,0.0,0.0,0.0
6.0,660,0.0,0.0,0.0,0.0,0.0
6.0,661,0.0,0.0,0.0,0.0,0.0
6.0,662,0.0,0.0,0.0,0.0,0.0
6.0,663,0.0,0.0,0.0,0.0,0.0
6.0,664,0.0,0.0,0.0,0.0,0.0
6.0,665,0.0,0.0,0.0,0.0,0.0
6.0,666,0.0,0.0,0.0,0.0,0.0
6.0,667,0.0,0.0,0.0,0.0,0.0
6.0,668,0.0,0.0,0.0,0.0,0.0
6.0,669,0.0,0.0,0.0,0.0,0.0
6.0,670,0.0,0.0,0.0,0.0,0.0
6.0,671,0.0,0.0,0.0,0.0,0.0
6.0,672,0.0,0.0,0.0,0.0,0.0
6.0,673,0.0,0.0,0.0,0.0,0.0
6.0,674,0.0,0.0,0.0,0.0,0.0
6.0,675,0.0,0.0,0.0,0.0,0.0
6.0,676,0.0,0.0,0.0,0.0,0.0
6.0,677,0.0,0.0,0.0,0.0,0.0
6.0,678,0.0,0.0,0.0,0.0,0.0
6.0,679,0.0,0.0,0.0,0.0,0.0
6.0,680,0.0,0.0,0.0,0.0,0.0
6.0,681,0.0,0.0,0.0,0.0,0.0
6.0,682,0.0,0.0,0.0,0.0,0.0
6.0,683,0.0,0.0,0.0,0.0,0.0
6.0,684,0.0,0.0,0.0,0.0,0.0
6.0,685,0.0,0.0,0.0,0.0,0.0
6.0,686,0.0,0.0,0.0,0.0,0.0
6.0,687,0.0,0.0,0.0,0.0,0.0
6.0,688,0.0,0.0,0.0,0.0,0.0
6.0,689,0.0,0.0,0.0,0.0,0.0
6.0,690,0.0,0.0,0.0,0.0,0.0
6.0,691,0.0,0.0,0.0,0.0,0.0
6.0,692,0.0,0.0,0.0,0.0,0.0
6.0,693,0.0,0.0,0.0,0.0,0.0
6.0,694,0.0,0.0,0.0,0.0,0.0
6.0,695,0.0,0.0,0.0,0.0,0.0
6.0,696,0.0,0.0,0.0,0.0,0.0
6.0,697,0.0,0.0,0.0,0.0,0.0
6.0,698,0.0,0.0,0.0,0.0,0.0
6.0,699,0.0,0.0,0.0,0.0,0.0
6.0,700,0.0,0.0,0.0,0.0,0.0
6.0,701,0.0,0.0,0.0,0.0,0.0
6.0,702,0.0,0.0,0.0,0.0,0.0
6.0,703,0.0,0.0,0.0,0.0,0.0
6.0,704,0.0,0.0,0.0,0.0,0.0
6.0,705,0.0,0.0,0.0,0.0,0.0
6.0,706,0.0,0.0,0.0,0.0,0.0
6.0,707,0.0,0.0,0.0,0.0,0.0
6.0,708,0.0,0.0,0.0,0.0,0.0
6.0,709,0.0,0.0,0.0,0.0,0.0
6.0,710,0.0,0.0,0.0,0.0,0.0
6.0,711,0.0,0.0,0.0,0.0,0.0
6.0,712,0.0,0.0,0.0,0.0,0.0
6.0,713,0.0,0.0,0.0,0.0,0.0
6.0,714,0.0,0.0,0.0,0.0,0.0
6.0,715,0.0,0.0,0.0,0.0,0.0
6.0,716,0.0,0.0,0.0,0.0,0.0
6.0,717,0.0,0.0,0.0,0.0,0.0
6.0,718,0.0,0.0,0.0,0.0,0.0
6.0,719,0.0,0.0,0.0,0.0,0.0
6.0,720,0.0,0.0,0.0,0.0,0.0
6.0,721,0.0,0.0,0.0,0.0,0.0
6.0,722,0.0,0.0,0.0,0.0,0.0
6.0,723,0.0,0.0,0.0,0.0,0.0
6.0,724,0.0,0.0,0.0,0.0,0.0
6.0,725,0.0,0.0,0.0,0.0,0.0
6.0,726,0.0,0.0,0.0,0.0,0.0
6.0,727,0.0,0.0,0.0,0.0,0.0
6.0,728,0.0,0.0,0.0,0.0,0.0
6.0,729,0.0,0.0,0.0,0.0,0.0
6.0,730,0.0,0.0,0.0,0.0,0.0
6.0,731,0.0,0.0,0.0,0.0,0.0
6.0,732,0.0,0.0,0.0,0.0,0.0
6.0,733,0.0,0.0,0.0,0.0,0.0
6.0,734,0.0,0.0,0.0,0.0,0.0
6.0,735,0.0,0.0,0.0,0.0,0.0
6.0,736,0.0,0.0,0.0,0.0,0.0
6.0,737,0.0,0.0,0.0,0.0,0.0
6.0,738,0.0,0.0,0.0,0.0,0.0
6.0,739,0.0,0.0,0.0,0.0,0.0
6.0,740,0.0,0.0,0.0,0.0,0.0
6.0,741,0.0,0.0,0.0,0.0,0.0
6.0,742,0.0,0.0,0.0,0.0,0.0
6.0,743,0.0,0.0,0.0,0.0,0.0
6.0,744,0.0,0.0,0.0,0.0,0.0
6.0,745,0.0,0.0,0.0,0.0,0.0
6.0,746,0.0,0.0,0.0,0.0,0.0
6.0,747,0.0,0.0,0.0,0.0,0.0
6.0,748,0.0,0.0,0.0,0.0,0.0
6.0,749,0.0,0.0,0.0,0.0,0.0
6.0,750,0.0,0.0,0.0,0.0,0.0
6.0,751,0.0,0.0,0.0,0.0,0.0
6.0,752,0.0,0.0,0.0,0.0,0.0
6.0,753,0.0,0.0,0.0,0.0,0.0
6.0,754,0.0,0.0,0.0,0.0,0.0
6.0,755,0.0,0.0,0.0,0.0,0.0
6.0,756,0.0,0.0,0.0,0.0,0.0
6.0,757,0.0,0.0,0.0,0.0,0.0
6.0,758,0.0,0.0,0.0,0.0,0.0
6.0,759,0.0,0.0,0.0,0.0,0.0
6.0,760,0.0,0.0,0.0,0.0,0.0
6.0,761,0.0,0.0,0.0,0.0,0.0
6.0,762,0.0,0.0,0.0,0.0,0.0
6.0,763,0.0,0.0,0.0,0.0,0.0
6.0,764,0.0,0.0,0.0,0.0,0.0
6.0,765,0.0,0.0,0.0,0.0,0.0
6.0,766,0.0,0.0,0.0,0.0,0.0
6.0,767,0.0,0.0,0.0,0.0,0.0
6.0,768,0.0,0.0,0.0,0.0,0.0
6.0,769,0.0,0.0,0.0,0.0,0.0
6.0,770,0.0,0.0,0.0,0.0,0.0
6.0,771,0.0,0.0,0.0,0.0,0.0
6.0,772,0.0,0.0,0.0,0.0,0.0
6.0,773,0.0,0.0,0.0,0.0,0.0
6.0,774,0.0,0.0,0.0,0.0,0.0
6.0,775,0.0,0.0,0.0,0.0,0.0
6.0,776,0.0,0.0,0.0,0.0,0.0
6.0,777,0.0,0.0,0.0,0.0,0.0
6.0,778,0.0,0.0,0.0,0.0,0.0
6.0,779,0.0,0.0,0.0,0.0,0.0
6.0,780,0.0,0.0,0.0,0.0,0.0
6.0,781,0.0,0.0,0.0,0.0,0.0
6.0,782,0.0,0.0,0.0,0.0,0.0
6.0,783,0.0,0.0,0.0,0.0,0.0
6.0,784,0.0,0.0,0.0,0.0,0.0
6.0,785,0.0,0.0,0.0,0.0,0.0
6.0,786,0.0,0.0,0.0,0.0,0.0
6.0,787,0.0,0.0,0.0,0.0,0.0
6.0,788,0.0,0.0,0.0,0.0,0.0
6.0,789,0.0,0.0,0.0,0.0,0.0
6.0,790,0.0,0.0,0.0,0.0,0.0
6.0,791,0.0,0.0,0.0,0.0,0.0
6.0,792,0.0,0.0,0.0,0.0,0.0
6.0,793,0.0,0.0,0.0,0.0,0.0
6.0,794,0.0,0.0,0.0,0.0,0.0
6.0,795,0.0,0.0,0.0,0.0,0.0
6.0,796,0.0,0.0,0.0,0.0,0.0
6.0,797,0.0,0.0,0.0,0.0,0.0
6.0,798,0.0,0.0,0.0,0.0,0.0
6.0,799,0.0,0.0,0.0,0.0,0.0
6.0,800,0.0,0.0,0.0,0.0,0.0
6.0,801,0.0,0.0,0.0,0.0,0.0
6.0,802,0.0,0.0,0.0,0.0,0.0
6.0,803,0.0,0.0,0.0,0.0,0.0
6.0,804,0.0,0.0,0.0,0.0,0.0
6.0,805,0.0,0.0,0.0,0.0,0.0
6.0,806,0.0,0.0,0.0,0.0,0.0
6.0,807,0.0,0.0,0.0,0.0,0.0
6.0,808,0.0,0.0,0.0,0.0,0.0
6.0,809,0.0,0.0,0.0,0.0,0.0
6.0,810,0.0,0.0,0.0,0.0,0.0
6.0,811,0.0,0.0,0.0,0.0,0.0
6.0,812,0.0,0.0,0.0,0.0,0.0
6.0,813,0.0,0.0,0.0,0.0,0.0
6.0,814,0.0,0.0,0.0,0.0,0.0
6.0,815,0.0,0.0,0.0,0.0,0.0
6.0,816,0.0,0.0,0.0,0.0,0.0
6.0,817,0.0,0.0,0.0,0.0,0.0
6.0,818,0.0,0.0,0.0,0.0,0.0
6.0,819,0.0,0.0,0.0,0.0,0.0
6.0,820,0.0,0.0,0.0,0.0,0.0
6.0,821,0.0,0.0,0.0,0.0,0.0
6.0,822,0.0,0.0,0.0,0.0,0.0
6.0,823,0.0,0.0,0.0,0.0,0.0
6.0,824,0.0,0.0,0.0,0.0,0.0
6.0,825,0.0,0.0,0.0,0.0,0.0
6.0,826,0.0,0.0,0.0,0.0,0.0
6.0,827,0.0,0.0,0.0,0.0,0.0
6.0,828,0.0,0.0,0.0,0.0,0.0
6.0,829,0.0,0.0,0.0,0.0,0.0
6.0,830,0.0,0.0,0.0,0.0,0.0
6.0,831,0.0,0.0,0.0,0.0,0.0
6.0,832,0.0,0.0,0.0,0.0,0.0
6.0,833,0.0,0.0,0.0,0.0,0.0
6.0,834,0.0,0.0,0.0,0.0,0.0
6.0,835,0.0,0.0,0.0,0.0,0.0
6.0,836,0.0,0.0,0.0,0.0,0.0
6.0,837,0.0,0.0,0.0,0.0,0.0
6.0,838,0.0,0.0,0.0,0.0,0.0
6.0,839,0.0,0.0,0.0,0.0,0.0
6.0,840,0.0,0.0,0.0,0.0,0.0
6.0,841,0.0,0.0,0.0,0.0,0.0
6.0,842,0.0,0.0,0.0,0.0,0.0
6.0,843,0.0,0.0,0.0,0.0,0.0
6.0,844,0.0,0.0,0.0,0.0,0.0
6.0,845,0.0,0.0,0.0,0.0,0.0
6.0,846,0.0,0.0,0.0,0.0,0.0
6.0,847,0.0,0.0,0.0,0.0,0.0
6.0,848,0.0,0.0,0.0,0.0,0.0
6.0,849,0.0,0.0,0.0,0.0,0.0
6.0,850,0.0,0.0,0.0,0.0,0.0
6.0,851,0.0,0.0,0.0,0.0,0.0
6.0,852,0.0,0.0,0.0,0.0,0.0
6.0,853,0.0,0.0,0.0,0.0,0.0
6.0,854,0.0,0.0,0.0,0.0,0.0
6.0,855,0.0,0.0,0.0,0.0,0.0
6.0,856,0.0,0.0,0.0,0.0,0.0
6.0,857,0.0,0.0,0.0,0.0,0.0
6.0,858,0.0,0.0,0.0,0.0,0.0
6.0,859,0.0,0.0,0.0,0.0,0.0
6.0,860,0.0,0.0,0.0,0.0,0.0
6.0,861,0.0,0.0,0.0,0.0,0.0
6.0,862,0.0,0.0,0.0,0.0,0.0
6.0,863,0.0,0.0,0.0,0.0,0.0
6.0,864,0.0,0.0,0.0,0.0,0.0
6.0,865,0.0,0.0,0.0,0.0,0.0
6.0,866,0.0,0.0,0.0,0.0,0.0
6.0,867,0.0,0.0,0.0,0.0,0.0
6.0,868,0.0,0.0,0.0,0.0,0.0
6.0,869,0.0,0.0,0.0,0.0,0.0
6.0,870,0.0,0.0,0.0,0.0,0.0
6.0,871,0.0,0.0,0.0,0.0,0.0
6.0,872,0.0,0.0,0.0,0.0,0.0
6.0,873,0.0,0.0,0.0,0.0,0.0
6.0,874,0.0,0.0,0.0,0.0,0.0
6.0,875,0.0,0.0,0.0,0.0,0.0
6.0,876,0.0,0.0,0.0,0.0,0.0
6.0,877,0.0,0.0,0.0,0.0,0.0
6.0,878,0.0,0.0,0.0,0.0,0.0
6.0,879,0.0,0.0,0.0,0.0,0.0
6.0,880,0.0,0.0,0.0,0.0,0.0
6.0,881,0.0,0.0,0.0,0.0,0.0
6.0,882,0.0,0.0,0.0,0.0,0.0
6.0,883,0.0,0.0,0.0,0.0,0.0
6.0,884,0.0,0.0,0.0,0.0,0.0
6.0,885,0.0,0.0,0.0,0.0,0.0
6.0,886,0.0,0.0,0.0,0.0,0.0
6.0,887,0.0,0.0,0.0,0.0,0.0
6.0,888,0.0,0.0,0.0,0.0,0.0
6.0,889,0.0,0.0,0.0,0.0,0.0
6.0,890,0.0,0.0,0.0,0.0,0.0
6.0,891,0.0,0.0,0.0,0.0,0.0
6.0,892,0.0,0.0,0.0,0.0,0.0
6.0,893,0.0,0.0,0.0,0.0,0.0
6.0,894,0.0,0.0,0.0,0.0,0.0
6.0,895,0.0,0.0,0.0,0.0,0.0
6.0,896,0.0,0.0,0.0,0.0,0.0
6.0,897,0.0,0.0,0.0,0.0,0.0
6.0,898,0.0,0.0,0.0,0.0,0.0
6.0,899,0.0,0.0,0.0,0.0,0.0
6.0,900,0.0,0.0,0.0,0.0,0.0
6.0,901,0.0,0.0,0.0,0.0,0.0
6.0,902,0.0,0.0,0.0,0.0,0.0
6.0,903,0.0,0.0,0.0,0.0,0.0
6.0,904,0.0,0.0,0.0,0.0,0.0
6.0,905,0.0,0.0,0.0,0.0,0.0
6.0,906,0.0,0.0,0.0,0.0,0.0
6.0,907,0.0,0.0,0.0,0.0,0.0
6.0,908,0.0,0.0,0.0,0.0,0.0
6.0,909,0.0,0.0,0.0,0.0,0.0
6.0,910,0.0,0.0,0.0,0.0,0.0
6.0,911,0.0,0.0,0.0,0.0,0.0
6.0,912,0.0,0.0,0.0,0.0,0.0
6.0,913,0.0,0.0,0.0,0.0,0.0
6.0,914,0.0,0.0,0.0,0.0,0.0
6.0,915,0.0,0.0,0.0,0.0,0.0
6.0,916,0.0,0.0,0.0,0.0,0.0
6.0,917,0.0,0.0,0.0,0.0,0.0
6.0,918,0.0,0.0,0.0,0.0,0.0
6.0,919,0.0,0.0,0.0,0.0,0.0
6.0,920,0.0,0.0,0.0,0.0,0.0
6.0,921,0.0,0.0,0.0,0.0,0.0
6.0,922,0.0,0.0,0.0,0.0,0.0
6.0,923,0.0,0.0,0.0,0.0,0.0
6.0,924,0.0,0.0,0.0,0.0,0.0
6.0,925,0.0,0.0,0.0,0.0,0.0
6.0,926,0.0,0.0,0.0,0.0,0.0
6.0,927,0.0,0.0,0.0,0.0,0.0
6.0,928,0.0,0.0,0.0,0.0,0.0
6.0,929,0.0,0.0,0.0,0.0,0.0
6.0,930,0.0,0.0,0.0,0.0,0.0
6.0,931,0.0,0.0,0.0,0.0,0.0
6.0,932,0.0,0.0,0.0,0.0,0.0
6.0,933,0.0,0.0,0.0,0.0,0.0
6.0,934,0.0,0.0,0.0,0.0,0.0
6.0,935,0.0,0.0,0.0,0.0,0.0
6.0,936,0.0,0.0,0.0,0.0,0.0
6.0,937,0.0,0.0,0.0,0.0,0.0
6.0,938,0.0,0.0,0.0,0.0,0.0
6.0,939,0.0,0.0,0.0,0.0,0.0
6.0,940,0.0,0.0,0.0,0.0,0.0
6.0,941,0.0,0.0,0.0,0.0,0.0
6.0,942,0.0,0.0,0.0,0.0,0.0
6.0,943,0.0,0.0,0.0,0.0,0.0
6.0,944,0.0,0.0,0.0,0.0,0.0
6.0,945,0.0,0.0,0.0,0.0,0.0
6.0,946,0.0,0.0,0.0,0.0,0.0
6.0,947,0.0,0.0,0.0,0.0,0.0
6.0,948,0.0,0.0,0.0,0.0,0.0
6.0,949,0.0,0.0,0.0,0.0,0.0
6.0,950,0.0,0.0,0.0,0.0,0.0
6.0,951,0.0,0.0,0.0,0.0,0.0
6.0,952,0.0,0.0,0.0,0.0,0.0
6.0,953,0.0,0.0,0.0,0.0,0.0
6.0,954,0.0,0.0,0.0,0.0,0.0
6.0,955,0.0,0.0,0.0,0.0,0.0
6.0,956,0.0,0.0,0.0,0.0,0.0
6.0,957,0.0,0.0,0.0,0.0,0.0
6.0,958,0.0,0.0,0.0,0.0,0.0
6.0,959,0.0,0.0,0.0,0.0,0.0
6.0,960,0.0,0.0,0.0,0.0,0.0
6.0,961,0.0,0.0,0.0,0.0,0.0
6.0,962,0.0,0.0,0.0,0.0,0.0
6.0,963,0.0,0.0,0.0,0.0,0.0
6.0,964,0.0,0.0,0.0,0.0,0.0
6.0,965,0.0,0.0,0.0,0.0,0.0
6.0,966,0.0,0.0,0.0,0.0,0.0
6.0,967,0.0,0.0,0.0,0.0,0.0
6.0,968,0.0,0.0,0.0,0.0,0.0
6.0,969,0.0,0.0,0.0,0.0,0.0
6.0,970,0.0,0.0,0.0,0.0,0.0
6.0,971,0.0,0.0,0.0,0.0,0.0
6.0,972,0.0,0.0,0.0,0.0,0.0
6.0,973,0.0,0.0,0.0,0.0,0.0
6.0,974,0.0,0.0,0.0,0.0,0.0
6.0,975,0.0,0.0,0.0,0.0,0.0
6.0,976,0.0,0.0,0.0,0.0,0.0
6.0,977,0.0,0.0,0.0,0.0,0.0
6.0,978,0.0,0.0,0.0,0.0,0.0
6.0,979,0.0,0.0,0.0,0.0,0.0
6.0,980,0.0,0.0,0.0,0.0,0.0
6.0,981,0.0,0.0,0.0,0.0,0.0
6.0,982,0.0,0.0,0.0,0.0,0.0
6.0,983,0.0,0.0,0.0,0.0,0.0
6.0,984,0.0,0.0,0.0,0.0,0.0
6.0,985,0.0,0.0,0.0,0.0,0.0
6.0,986,0.0,0.0,0.0,0.0,0.0
6.0,987,0.0,0.0,0.0,0.0,0.0
6.0,988,0.0,0.0,0.0,0.0,0.0
6.0,989,0.0,0.0,0.0,0.0,0.0
6.0,990,0.0,0.0,0.0,0.0,0.0
6.0,991,0.0,0.0,0.0,0.0,0.0
6.0,992,0.0,0.0,0.0,0.0,0.0
6.0,993,0.0,0.0,0.0,0.0,0.0
6.0,994,0.0,0.0,0.0,0.0,0.0
6.0,995,0.0,0.0,0.0,0.0,0.0
6.0,996,0.0,0.0,0.0,0.0,0.0
6.0,997,0.0,0.0,0.0,0.0,0.0
6.0,998,0.0,0.0,0.0,0.0,0.0
6.0,999,0.0,0.0,0.0,0.0,0.0
6.0,1000,0.0,0.0,0.0,0.0,0.0
9.0,1,0.0,0.0,0.0,0.0,0.0
9.0,2,5.0,0.0,0.0,0.0,0.0
9.0,3,6.0,6.0,5.0,7.0,0.0
9.0,4,0.0,0.0,0.0,0.0,0.0
9.0,5,5.0,6.0,6.0,8.0,0.0
9.0,6,0.0,0.0,0.0,0.0,0.0
9.0,7,0.0,0.0,0.0,0.0,0.0
9.0,8,4.0,6.0,0.0,0.0,0.0
9.0,9,0.0,0.0,0.0,0.0,0.0
9.0,10,0.0,0.0,0.0,0.0,0.0
9.0,11,0.0,0.0,0.0,0.0,0.0
9.0,12,5.0,0.0,0.0,0.0,0.0
9.0,13,0.0,0.0,0.0,0.0,0.0
9.0,14,0.0,0.0,0.0,0.0,0.0
9.0,15,0.0,0.0,0.0,0.0,0.0
9.0,16,6.0,5.0,6.0,6.0,0.0
9.0,17,0.0,0.0,0.0,0.0,0.0
9.0,18,0.0,0.0,0.0,0.0,0.0
9.0,19,0.0,0.0,0.0,0.0,0.0
9.0,20,6.0,0.0,0.0,0.0,0.0
9.0,21,4.0,0.0,0.0,0.0,0.0
9.0,22,0.0,0.0,0.0,0.0,0.0
9.0,23,0.0,0.0,0.0,0.0,0.0
9.0,24,0.0,0.0,0.0,0.0,0.0
9.0,25,5.0,5.0,6.0,7.0,0.0
9.0,26,0.0,0.0,0.0,0.0,0.0
9.0,27,5.0,0.0,0.0,0.0,0.0
9.0,28,0.0,0.0,0.0,0.0,0.0
9.0,29,0.0,0.0,0.0,0.0,0.0
9.0,30,7.0,5.0,6.0,8.0,0.0
9.0,31,0.0,0.0,0.0,0.0,0.0
9.0,32,5.0,0.0,0.0,0.0,0.0
9.0,33,5.0,5.0,0.0,0.0,0.0
9.0,34,0.0,0.0,0.0,0.0,0.0
9.0,35,0.0,0.0,0.0,0.0,0.0
9.0,36,0.0,0.0,0.0,0.0,0.0
9.0,37,5.0,6.0,5.0,0.0,0.0
9.0,38,0.0,0.0,0.0,0.0,0.0
9.0,39,6.0,6.0,6.0,8.0,0.0
9.0,40,0.0,0.0,0.0,0.0,0.0
9.0,41,0.0,0.0,0.0,0.0,0.0
9.0,42,5.0,6.0,6.0,8.0,0.0
9.0,43,0.0,0.0,0.0,0.0,0.0
9.0,44,4.0,0.0,0.0,0.0,0.0
9.0,45,0.0,0.0,0.0,0.0,0.0
9.0,46,0.0,0.0,0.0,0.0,0.0
9.0,47,8.0,5.0,6.0,8.0,0.0
9.0,48,0.0,0.0,0.0,0.0,0.0
9.0,49,5.0,6.0,6.0,8.0,0.0
9.0,50,0.0,0.0,0.0,0.0,0.0
9.0,51,0.0,0.0,0.0,0.0,0.0
9.0,52,0.0,0.0,0.0,0.0,0.0
9.0,53,0.0,0.0,0.0,0.0,0.0
9.0,54,0.0,0.0,0.0,0.0,0.0
9.0,55,0.0,0.0,0.0,0.0,0.0
9.0,56,0.0,0.0,0.0,0.0,0.0
9.0,57,0.0,0.0,0.0,0.0,0.0
9.0,58,0.0,0.0,0.0,0.0,0.0
9.0,59,0.0,0.0,0.0,0.0,0.0
9.0,60,0.0,0.0,0.0,0.0,0.0
9.0,61,0.0,0.0,0.0,0.0,0.0
9.0,62,0.0,0.0,0.0,0.0,0.0
9.0,63,0.0,0.0,0.0,0.0,0.0
9.0,64,0.0,0.0,0.0,0.0,0.0
9.0,65,0.0,0.0,0.0,0.0,0.0
9.0,66,0.0,0.0,0.0,0.0,0.0
9.0,67,0.0,0.0,0.0,0.0,0.0
9.0,68,0.0,0.0,0.0,0.0,0.0
9.0,69,0.0,0.0,0.0,0.0,0.0
9.0,70,0.0,0.0,0.0,0.0,0.0
9.0,71,0.0,0.0,0.0,0.0,0.0
9.0,72,0.0,0.0,0.0,0.0,0.0
9.0,73,0.0,0.0,0.0,0.0,0.0
9.0,74,0.0,0.0,0.0,0.0,0.0
9.0,75,0.0,0.0,0.0,0.0,0.0
9.0,76,0.0,0.0,0.0,0.0,0.0
9.0,77,0.0,0.0,0.0,0.0,0.0
9.0,78,0.0,0.0,0.0,0.0,0.0
9.0,79,0.0,0.0,0.0,0.0,0.0
9.0,80,0.0,0.0,0.0,0.0,0.0
9.0,81,0.0,0.0,0.0,0.0,0.0
9.0,82,0.0,0.0,0.0,0.0,0.0
9.0,83,0.0,0.0,0.0,0.0,0.0
9.0,84,0.0,0.0,0.0,0.0,0.0
9.0,85,0.0,0.0,0.0,0.0,0.0
9.0,86,0.0,0.0,0.0,0.0,0.0
9.0,87,0.0,0.0,0.0,0.0,0.0
9.0,88,0.0,0.0,0.0,0.0,0.0
9.0,89,0.0,0.0,0.0,0.0,0.0
9.0,90,0.0,0.0,0.0,0.0,0.0
9.0,91,0.0,0.0,0.0,0.0,0.0
9.0,92,0.0,0.0,0.0,0.0,0.0
9.0,93,0.0,0.0,0.0,0.0,0.0
9.0,94,0.0,0.0,0.0,0.0,0.0
9.0,95,0.0,0.0,0.0,0.0,0.0
9.0,96,0.0,0.0,0.0,0.0,0.0
9.0,97,0.0,0.0,0.0,0.0,0.0
9.0,98,0.0,0.0,0.0,0.0,0.0
9.0,99,0.0,0.0,0.0,0.0,0.0
9.0,100,0.0,0.0,0.0,0.0,0.0
9.0,101,0.0,0.0,0.0,0.0,0.0
9.0,102,0.0,0.0,0.0,0.0,0.0
9.0,103,0.0,0.0,0.0,0.0,0.0
9.0,104,0.0,0.0,0.0,0.0,0.0
9.0,105,0.0,0.0,0.0,0.0,0.0
9.0,106,0.0,0.0,0.0,0.0,0.0
9.0,107,0.0,0.0,0.0,0.0,0.0
9.0,108,0.0,0.0,0.0,0.0,0.0
9.0,109,0.0,0.0,0.0,0.0,0.0
9.0,110,0.0,0.0,0.0,0.0,0.0
9.0,111,0.0,0.0,0.0,0.0,0.0
9.0,112,0.0,0.0,0.0,0.0,0.0
9.0,113,0.0,0.0,0.0,0.0,0.0
9.0,114,0.0,0.0,0.0,0.0,0.0
9.0,115,0.0,0.0,0.0,0.0,0.0
9.0,116,0.0,0.0,0.0,0.0,0.0
9.0,117,0.0,0.0,0.0,0.0,0.0
9.0,118,0.0,0.0,0.0,0.0,0.0
9.0,119,0.0,0.0,0.0,0.0,0.0
9.0,120,0.0,0.0,0.0,0.0,0.0
9.0,121,0.0,0.0,0.0,0.0,0.0
9.0,122,0.0,0.0,0.0,0.0,0.0
9.0,123,0.0,0.0,0.0,0.0,0.0
9.0,124,0.0,0.0,0.0,0.0,0.0
9.0,125,0.0,0.0,0.0,0.0,0.0
9.0,126,0.0,0.0,0.0,0.0,0.0
9.0,127,0.0,0.0,0.0,0.0,0.0
9.0,128,0.0,0.0,0.0,0.0,0.0
9.0,129,0.0,0.0,0.0,0.0,0.0
9.0,130,0.0,0.0,0.0,0.0,0.0
9.0,131,0.0,0.0,0.0,0.0,0.0
9.0,132,0.0,0.0,0.0,0.0,0.0
9.0,133,0.0,0.0,0.0,0.0,0.0
9.0,134,0.0,0.0,0.0,0.0,0.0
9.0,135,0.0,0.0,0.0,0.0,0.0
9.0,136,0.0,0.0,0.0,0.0,0.0
9.0,137,0.0,0.0,0.0,0.0,0.0
9.0,138,0.0,0.0,0.0,0.0,0.0
9.0,139,0.0,0.0,0.0,0.0,0.0
9.0,140,0.0,0.0,0.0,0.0,0.0
9.0,141,0.0,0.0,0.0,0.0,0.0
9.0,142,0.0,0.0,0.0,0.0,0.0
9.0,143,0.0,0.0,0.0,0.0,0.0
9.0,144,0.0,0.0,0.0,0.0,0.0
9.0,145,0.0,0.0,0.0,0.0,0.0
9.0,146,0.0,0.0,0.0,0.0,0.0
9.0,147,0.0,0.0,0.0,0.0,0.0
9.0,148,0.0,0.0,0.0,0.0,0.0
9.0,149,0.0,0.0,0.0,0.0,0.0
9.0,150,0.0,0.0,0.0,0.0,0.0
9.0,151,0.0,0.0,0.0,0.0,0.0
9.0,152,0.0,0.0,0.0,0.0,0.0
9.0,153,0.0,0.0,0.0,0.0,0.0
9.0,154,0.0,0.0,0.0,0.0,0.0
9.0,155,0.0,0.0,0.0,0.0,0.0
9.0,156,0.0,0.0,0.0,0.0,0.0
9.0,157,0.0,0.0,0.0,0.0,0.0
9.0,158,0.0,0.0,0.0,0.0,0.0
9.0,159,0.0,0.0,0.0,0.0,0.0
9.0,160,0.0,0.0,0.0,0.0,0.0
9.0,161,0.0,0.0,0.0,0.0,0.0
9.0,162,0.0,0.0,0.0,0.0,0.0
9.0,163,0.0,0.0,0.0,0.0,0.0
9.0,164,0.0,0.0,0.0,0.0,0.0
9.0,165,0.0,0.0,0.0,0.0,0.0
9.0,166,0.0,0.0,0.0,0.0,0.0
9.0,167,0.0,0.0,0.0,0.0,0.0
9.0,168,0.0,0.0,0.0,0.0,0.0
9.0,169,0.0,0.0,0.0,0.0,0.0
9.0,170,0.0,0.0,0.0,0.0,0.0
9.0,171,0.0,0.0,0.0,0.0,0.0
9.0,172,0.0,0.0,0.0,0.0,0.0
9.0,173,0.0,0.0,0.0,0.0,0.0
9.0,174,0.0,0.0,0.0,0.0,0.0
9.0,175,0.0,0.0,0.0,0.0,0.0
9.0,176,0.0,0.0,0.0,0.0,0.0
9.0,177,0.0,0.0,0.0,0.0,0.0
9.0,178,0.0,0.0,0.0,0.0,0.0
9.0,179,0.0,0.0,0.0,0.0,0.0
9.0,180,0.0,0.0,0.0,0.0,0.0
9.0,181,0.0,0.0,0.0,0.0,0.0
9.0,182,0.0,0.0,0.0,0.0,0.0
9.0,183,0.0,0.0,0.0,0.0,0.0
9.0,184,0.0,0.0,0.0,0.0,0.0
9.0,185,0.0,0.0,0.0,0.0,0.0
9.0,186,0.0,0.0,0.0,0.0,0.0
9.0,187,0.0,0.0,0.0,0.0,0.0
9.0,188,0.0,0.0,0.0,0.0,0.0
9.0,189,0.0,0.0,0.0,0.0,0.0
9.0,190,0.0,0.0,0.0,0.0,0.0
9.0,191,0.0,0.0,0.0,0.0,0.0
9.0,192,0.0,0.0,0.0,0.0,0.0
9.0,193,0.0,0.0,0.0,0.0,0.0
9.0,194,0.0,0.0,0.0,0.0,0.0
9.0,195,0.0,0.0,0.0,0.0,0.0
9.0,196,0.0,0.0,0.0,0.0,0.0
9.0,197,0.0,0.0,0.0,0.0,0.0
9.0,198,0.0,0.0,0.0,0.0,0.0
9.0,199,0.0,0.0,0.0,0.0,0.0
9.0,200,0.0,0.0,0.0,0.0,0.0
9.0,201,0.0,0.0,0.0,0.0,0.0
9.0,202,0.0,0.0,0.0,0.0,0.0
9.0,203,0.0,0.0,0.0,0.0,0.0
9.0,204,0.0,0.0,0.0,0.0,0.0
9.0,205,0.0,0.0,0.0,0.0,0.0
9.0,206,0.0,0.0,0.0,0.0,0.0
9.0,207,0.0,0.0,0.0,0.0,0.0
9.0,208,0.0,0.0,0.0,0.0,0.0
9.0,209,0.0,0.0,0.0,0.0,0.0
9.0,210,0.0,0.0,0.0,0.0,0.0
9.0,211,0.0,0.0,0.0,0.0,0.0
9.0,212,0.0,0.0,0.0,0.0,0.0
9.0,213,0.0,0.0,0.0,0.0,0.0
9.0,214,0.0,0.0,0.0,0.0,0.0
9.0,215,0.0,0.0,0.0,0.0,0.0
9.0,216,0.0,0.0,0.0,0.0,0.0
9.0,217,0.0,0.0,0.0,0.0,0.0
9.0,218,0.0,0.0,0.0,0.0,0.0
9.0,219,0.0,0.0,0.0,0.0,0.0
9.0,220,0.0,0.0,0.0,0.0,0.0
9.0,221,0.0,0.0,0.0,0.0,0.0
9.0,222,0.0,0.0,0.0,0.0,0.0
9.0,223,0.0,0.0,0.0,0.0,0.0
9.0,224,0.0,0.0,0.0,0.0,0.0
9.0,225,0.0,0.0,0.0,0.0,0.0
9.0,226,0.0,0.0,0.0,0.0,0.0
9.0,227,0.0,0.0,0.0,0.0,0.0
9.0,228,0.0,0.0,0.0,0.0,0.0
9.0,229,0.0,0.0,0.0,0.0,0.0
9.0,230,0.0,0.0,0.0,0.0,0.0
9.0,231,0.0,0.0,0.0,0.0,0.0
9.0,232,0.0,0.0,0.0,0.0,0.0
9.0,233,0.0,0.0,0.0,0.0,0.0
9.0,234,0.0,0.0,0.0,0.0,0.0
9.0,235,0.0,0.0,0.0,0.0,0.0
9.0,236,0.0,0.0,0.0,0.0,0.0
9.0,237,0.0,0.0,0.0,0.0,0.0
9.0,238,0.0,0.0,0.0,0.0,0.0
9.0,239,0.0,0.0,0.0,0.0,0.0
9.0,240,0.0,0.0,0.0,0.0,0.0
9.0,241,0.0,0.0,0.0,0.0,0.0
9.0,242,0.0,0.0,0.0,0.0,0.0
9.0,243,0.0,0.0,0.0,0.0,0.0
9.0,244,0.0,0.0,0.0,0.0,0.0
9.0,245,0.0,0.0,0.0,0.0,0.0
9.0,246,0.0,0.0,0.0,0.0,0.0
9.0,247,0.0,0.0,0.0,0.0,0.0
9.0,248,0.0,0.0,0.0,0.0,0.0
9.0,249,0.0,0.0,0.0,0.0,0.0
9.0,250,0.0,0.0,0.0,0.0,0.0
9.0,251,0.0,0.0,0.0,0.0,0.0
9.0,252,0.0,0.0,0.0,0.0,0.0
9.0,253,0.0,0.0,0.0,0.0,0.0
9.0,254,0.0,0.0,0.0,0.0,0.0
9.0,255,0.0,0.0,0.0,0.0,0.0
9.0,256,0.0,0.0,0.0,0.0,0.0
9.0,257,0.0,0.0,0.0,0.0,0.0
9.0,258,0.0,0.0,0.0,0.0,0.0
9.0,259,0.0,0.0,0.0,0.0,0.0
9.0,260,0.0,0.0,0.0,0.0,0.0
9.0,261,0.0,0.0,0.0,0.0,0.0
9.0,262,0.0,0.0,0.0,0.0,0.0
9.0,263,0.0,0.0,0.0,0.0,0.0
9.0,264,0.0,0.0,0.0,0.0,0.0
9.0,265,0.0,0.0,0.0,0.0,0.0
9.0,266,0.0,0.0,0.0,0.0,0.0
9.0,267,0.0,0.0,0.0,0.0,0.0
9.0,268,0.0,0.0,0.0,0.0,0.0
9.0,269,0.0,0.0,0.0,0.0,0.0
9.0,270,0.0,0.0,0.0,0.0,0.0
9.0,271,0.0,0.0,0.0,0.0,0.0
9.0,272,0.0,0.0,0.0,0.0,0.0
9.0,273,0.0,0.0,0.0,0.0,0.0
9.0,274,0.0,0.0,0.0,0.0,0.0
9.0,275,0.0,0.0,0.0,0.0,0.0
9.0,276,0.0,0.0,0.0,0.0,0.0
9.0,277,0.0,0.0,0.0,0.0,0.0
9.0,278,0.0,0.0,0.0,0.0,0.0
9.0,279,0.0,0.0,0.0,0.0,0.0
9.0,280,0.0,0.0,0.0,0.0,0.0
9.0,281,0.0,0.0,0.0,0.0,0.0
9.0,282,0.0,0.0,0.0,0.0,0.0
9.0,283,0.0,0.0,0.0,0.0,0.0
9.0,284,0.0,0.0,0.0,0.0,0.0
9.0,285,0.0,0.0,0.0,0.0,0.0
9.0,286,0.0,0.0,0.0,0.0,0.0
9.0,287,0.0,0.0,0.0,0.0,0.0
9.0,288,0.0,0.0,0.0,0.0,0.0
9.0,289,0.0,0.0,0.0,0.0,0.0
9.0,290,0.0,0.0,0.0,0.0,0.0
9.0,291,0.0,0.0,0.0,0.0,0.0
9.0,292,0.0,0.0,0.0,0.0,0.0
9.0,293,0.0,0.0,0.0,0.0,0.0
9.0,294,0.0,0.0,0.0,0.0,0.0
9.0,295,0.0,0.0,0.0,0.0,0.0
9.0,296,0.0,0.0,0.0,0.0,0.0
9.0,297,0.0,0.0,0.0,0.0,0.0
9.0,298,0.0,0.0,0.0,0.0,0.0
9.0,299,0.0,0.0,0.0,0.0,0.0
9.0,300,0.0,0.0,0.0,0.0,0.0
9.0,301,0.0,0.0,0.0,0.0,0.0
9.0,302,0.0,0.0,0.0,0.0,0.0
9.0,303,0.0,0.0,0.0,0.0,0.0
9.0,304,0.0,0.0,0.0,0.0,0.0
9.0,305,0.0,0.0,0.0,0.0,0.0
9.0,306,0.0,0.0,0.0,0.0,0.0
9.0,307,0.0,0.0,0.0,0.0,0.0
9.0,308,0.0,0.0,0.0,0.0,0.0
9.0,309,0.0,0.0,0.0,0.0,0.0
9.0,310,0.0,0.0,0.0,0.0,0.0
9.0,311,0.0,0.0,0.0,0.0,0.0
9.0,312,0.0,0.0,0.0,0.0,0.0
9.0,313,0.0,0.0,0.0,0.0,0.0
9.0,314,0.0,0.0,0.0,0.0,0.0
9.0,315,0.0,0.0,0.0,0.0,0.0
9.0,316,0.0,0.0,0.0,0.0,0.0
9.0,317,0.0,0.0,0.0,0.0,0.0
9.0,318,0.0,0.0,0.0,0.0,0.0
9.0,319,0.0,0.0,0.0,0.0,0.0
9.0,320,0.0,0.0,0.0,0.0,0.0
9.0,321,0.0,0.0,0.0,0.0,0.0
9.0,322,0.0,0.0,0.0,0.0,0.0
9.0,323,0.0,0.0,0.0,0.0,0.0
9.0,324,0.0,0.0,0.0,0.0,0.0
9.0,325,0.0,0.0,0.0,0.0,0.0
9.0,326,0.0,0.0,0.0,0.0,0.0
9.0,327,0.0,0.0,0.0,0.0,0.0
9.0,328,0.0,0.0,0.0,0.0,0.0
9.0,329,0.0,0.0,0.0,0.0,0.0
9.0,330,0.0,0.0,0.0,0.0,0.0
9.0,331,0.0,0.0,0.0,0.0,0.0
9.0,332,0.0,0.0,0.0,0.0,0.0
9.0,333,0.0,0.0,0.0,0.0,0.0
9.0,334,0.0,0.0,0.0,0.0,0.0
9.0,335,0.0,0.0,0.0,0.0,0.0
9.0,336,0.0,0.0,0.0,0.0,0.0
9.0,337,0.0,0.0,0.0,0.0,0.0
9.0,338,0.0,0.0,0.0,0.0,0.0
9.0,339,0.0,0.0,0.0,0.0,0.0
9.0,340,0.0,0.0,0.0,0.0,0.0
9.0,341,0.0,0.0,0.0,0.0,0.0
9.0,342,0.0,0.0,0.0,0.0,0.0
9.0,343,0.0,0.0,0.0,0.0,0.0
9.0,344,0.0,0.0,0.0,0.0,0.0
9.0,345,0.0,0.0,0.0,0.0,0.0
9.0,346,0.0,0.0,0.0,0.0,0.0
9.0,347,0.0,0.0,0.0,0.0,0.0
9.0,348,0.0,0.0,0.0,0.0,0.0
9.0,349,0.0,0.0,0.0,0.0,0.0
9.0,350,0.0,0.0,0.0,0.0,0.0
9.0,351,0.0,0.0,0.0,0.0,0.0
9.0,352,0.0,0.0,0.0,0.0,0.0
9.0,353,0.0,0.0,0.0,0.0,0.0
9.0,354,0.0,0.0,0.0,0.0,0.0
9.0,355,0.0,0.0,0.0,0.0,0.0
9.0,356,0.0,0.0,0.0,0.0,0.0
9.0,357,0.0,0.0,0.0,0.0,0.0
9.0,358,0.0,0.0,0.0,0.0,0.0
9.0,359,0.0,0.0,0.0,0.0,0.0
9.0,360,0.0,0.0,0.0,0.0,0.0
9.0,361,0.0,0.0,0.0,0.0,0.0
9.0,362,0.0,0.0,0.0,0.0,0.0
9.0,363,0.0,0.0,0.0,0.0,0.0
9.0,364,0.0,0.0,0.0,0.0,0.0
9.0,365,0.0,0.0,0.0,0.0,0.0
9.0,366,0.0,0.0,0.0,0.0,0.0
9.0,367,0.0,0.0,0.0,0.0,0.0
9.0,368,0.0,0.0,0.0,0.0,0.0
9.0,369,0.0,0.0,0.0,0.0,0.0
9.0,370,0.0,0.0,0.0,0.0,0.0
9.0,371,0.0,0.0,0.0,0.0,0.0
9.0,372,0.0,0.0,0.0,0.0,0.0
9.0,373,0.0,0.0,0.0,0.0,0.0
9.0,374,0.0,0.0,0.0,0.0,0.0
9.0,375,0.0,0.0,0.0,0.0,0.0
9.0,376,0.0,0.0,0.0,0.0,0.0
9.0,377,0.0,0.0,0.0,0.0,0.0
9.0,378,0.0,0.0,0.0,0.0,0.0
9.0,379,0.0,0.0,0.0,0.0,0.0
9.0,380,0.0,0.0,0.0,0.0,0.0
9.0,381,0.0,0.0,0.0,0.0,0.0
9.0,382,0.0,0.0,0.0,0.0,0.0
9.0,383,0.0,0.0,0.0,0.0,0.0
9.0,384,0.0,0.0,0.0,0.0,0.0
9.0,385,0.0,0.0,0.0,0.0,0.0
9.0,386,0.0,0.0,0.0,0.0,0.0
9.0,387,0.0,0.0,0.0,0.0,0.0
9.0,388,0.0,0.0,0.0,0.0,0.0
9.0,389,0.0,0.0,0.0,0.0,0.0
9.0,390,0.0,0.0,0.0,0.0,0.0
9.0,391,0.0,0.0,0.0,0.0,0.0
9.0,392,0.0,0.0,0.0,0.0,0.0
9.0,393,0.0,0.0,0.0,0.0,0.0
9.0,394,0.0,0.0,0.0,0.0,0.0
9.0,395,0.0,0.0,0.0,0.0,0.0
9.0,396,0.0,0.0,0.0,0.0,0.0
9.0,397,0.0,0.0,0.0,0.0,0.0
9.0,398,0.0,0.0,0.0,0.0,0.0
9.0,399,0.0,0.0,0.0,0.0,0.0
9.0,400,0.0,0.0,0.0,0.0,0.0
9.0,401,0.0,0.0,0.0,0.0,0.0
9.0,402,0.0,0.0,0.0,0.0,0.0
9.0,403,0.0,0.0,0.0,0.0,0.0
9.0,404,0.0,0.0,0.0,0.0,0.0
9.0,405,0.0,0.0,0.0,0.0,0.0
9.0,406,0.0,0.0,0.0,0.0,0.0
9.0,407,0.0,0.0,0.0,0.0,0.0
9.0,408,0.0,0.0,0.0,0.0,0.0
9.0,409,0.0,0.0,0.0,0.0,0.0
9.0,410,0.0,0.0,0.0,0.0,0.0
9.0,411,0.0,0.0,0.0,0.0,0.0
9.0,412,0.0,0.0,0.0,0.0,0.0
9.0,413,0.0,0.0,0.0,0.0,0.0
9.0,414,0.0,0.0,0.0,0.0,0.0
9.0,415,0.0,0.0,0.0,0.0,0.0
9.0,416,0.0,0.0,0.0,0.0,0.0
9.0,417,0.0,0.0,0.0,0.0,0.0
9.0,418,0.0,0.0,0.0,0.0,0.0
9.0,419,0.0,0.0,0.0,0.0,0.0
9.0,420,0.0,0.0,0.0,0.0,0.0
9.0,421,0.0,0.0,0.0,0.0,0.0
9.0,422,0.0,0.0,0.0,0.0,0.0
9.0,423,0.0,0.0,0.0,0.0,0.0
9.0,424,0.0,0.0,0.0,0.0,0.0
9.0,425,0.0,0.0,0.0,0.0,0.0
9.0,426,0.0,0.0,0.0,0.0,0.0
9.0,427,0.0,0.0,0.0,0.0,0.0
9.0,428,0.0,0.0,0.0,0.0,0.0
9.0,429,0.0,0.0,0.0,0.0,0.0
9.0,430,0.0,0.0,0.0,0.0,0.0
9.0,431,0.0,0.0,0.0,0.0,0.0
9.0,432,0.0,0.0,0.0,0.0,0.0
9.0,433,0.0,0.0,0.0,0.0,0.0
9.0,434,0.0,0.0,0.0,0.0,0.0
9.0,435,0.0,0.0,0.0,0.0,0.0
9.0,436,0.0,0.0,0.0,0.0,0.0
9.0,437,0.0,0.0,0.0,0.0,0.0
9.0,438,0.0,0.0,0.0,0.0,0.0
9.0,439,0.0,0.0,0.0,0.0,0.0
9.0,440,0.0,0.0,0.0,0.0,0.0
9.0,441,0.0,0.0,0.0,0.0,0.0
9.0,442,0.0,0.0,0.0,0.0,0.0
9.0,443,0.0,0.0,0.0,0.0,0.0
9.0,444,0.0,0.0,0.0,0.0,0.0
9.0,445,0.0,0.0,0.0,0.0,0.0
9.0,446,0.0,0.0,0.0,0.0,0.0
9.0,447,0.0,0.0,0.0,0.0,0.0
9.0,448,0.0,0.0,0.0,0.0,0.0
9.0,449,0.0,0.0,0.0,0.0,0.0
9.0,450,0.0,0.0,0.0,0.0,0.0
9.0,451,0.0,0.0,0.0,0.0,0.0
9.0,452,0.0,0.0,0.0,0.0,0.0
9.0,453,0.0,0.0,0.0,0.0,0.0
9.0,454,0.0,0.0,0.0,0.0,0.0
9.0,455,0.0,0.0,0.0,0.0,0.0
9.0,456,0.0,0.0,0.0,0.0,0.0
9.0,457,0.0,0.0,0.0,0.0,0.0
9.0,458,0.0,0.0,0.0,0.0,0.0
9.0,459,0.0,0.0,0.0,0.0,0.0
9.0,460,0.0,0.0,0.0,0.0,0.0
9.0,461,0.0,0.0,0.0,0.0,0.0
9.0,462,0.0,0.0,0.0,0.0,0.0
9.0,463,0.0,0.0,0.0,0.0,0.0
9.0,464,0.0,0.0,0.0,0.0,0.0
9.0,465,0.0,0.0,0.0,0.0,0.0
9.0,466,0.0,0.0,0.0,0.0,0.0
9.0,467,0.0,0.0,0.0,0.0,0.0
9.0,468,0.0,0.0,0.0,0.0,0.0
9.0,469,0.0,0.0,0.0,0.0,0.0
9.0,470,0.0,0.0,0.0,0.0,0.0
9.0,471,0.0,0.0,0.0,0.0,0.0
9.0,472,0.0,0.0,0.0,0.0,0.0
9.0,473,0.0,0.0,0.0,0.0,0.0
9.0,474,0.0,0.0,0.0,0.0,0.0
9.0,475,0.0,0.0,0.0,0.0,0.0
9.0,476,0.0,0.0,0.0,0.0,0.0
9.0,477,0.0,0.0,0.0,0.0,0.0
9.0,478,0.0,0.0,0.0,0.0,0.0
9.0,479,0.0,0.0,0.0,0.0,0.0
9.0,480,0.0,0.0,0.0,0.0,0.0
9.0,481,0.0,0.0,0.0,0.0,0.0
9.0,482,0.0,0.0,0.0,0.0,0.0
9.0,483,0.0,0.0,0.0,0.0,0.0
9.0,484,0.0,0.0,0.0,0.0,0.0
9.0,485,0.0,0.0,0.0,0.0,0.0
9.0,486,0.0,0.0,0.0,0.0,0.0
9.0,487,0.0,0.0,0.0,0.0,0.0
9.0,488,0.0,0.0,0.0,0.0,0.0
9.0,489,0.0,0.0,0.0,0.0,0.0
9.0,490,0.0,0.0,0.0,0.0,0.0
9.0,491,0.0,0.0,0.0,0.0,0.0
9.0,492,0.0,0.0,0.0,0.0,0.0
9.0,493,0.0,0.0,0.0,0.0,0.0
9.0,494,0.0,0.0,0.0,0.0,0.0
9.0,495,0.0,0.0,0.0,0.0,0.0
9.0,496,0.0,0.0,0.0,0.0,0.0
9.0,497,0.0,0.0,0.0,0.0,0.0
9.0,498,0.0,0.0,0.0,0.0,0.0
9.0,499,0.0,0.0,0.0,0.0,0.0
9.0,500,0.0,0.0,0.0,0.0,0.0
9.0,501,0.0,0.0,0.0,0.0,0.0
9.0,502,0.0,0.0,0.0,0.0,0.0
9.0,503,0.0,0.0,0.0,0.0,0.0
9.0,504,0.0,0.0,0.0,0.0,0.0
9.0,505,0.0,0.0,0.0,0.0,0.0
9.0,506,0.0,0.0,0.0,0.0,0.0
9.0,507,0.0,0.0,0.0,0.0,0.0
9.0,508,0.0,0.0,0.0,0.0,0.0
9.0,509,0.0,0.0,0.0,0.0,0.0
9.0,510,0.0,0.0,0.0,0.0,0.0
9.0,511,0.0,0.0,0.0,0.0,0.0
9.0,512,0.0,0.0,0.0,0.0,0.0
9.0,513,0.0,0.0,0.0,0.0,0.0
9.0,514,0.0,0.0,0.0,0.0,0.0
9.0,515,0.0,0.0,0.0,0.0,0.0
9.0,516,0.0,0.0,0.0,0.0,0.0
9.0,517,0.0,0.0,0.0,0.0,0.0
9.0,518,0.0,0.0,0.0,0.0,0.0
9.0,519,0.0,0.0,0.0,0.0,0.0
9.0,520,0.0,0.0,0.0,0.0,0.0
9.0,521,0.0,0.0,0.0,0.0,0.0
9.0,522,0.0,0.0,0.0,0.0,0.0
9.0,523,0.0,0.0,0.0,0.0,0.0
9.0,524,0.0,0.0,0.0,0.0,0.0
9.0,525,0.0,0.0,0.0,0.0,0.0
9.0,526,0.0,0.0,0.0,0.0,0.0
9.0,527,0.0,0.0,0.0,0.0,0.0
9.0,528,0.0,0.0,0.0,0.0,0.0
9.0,529,0.0,0.0,0.0,0.0,0.0
9.0,530,0.0,0.0,0.0,0.0,0.0
9.0,531,0.0,0.0,0.0,0.0,0.0
9.0,532,0.0,0.0,0.0,0.0,0.0
9.0,533,0.0,0.0,0.0,0.0,0.0
9.0,534,0.0,0.0,0.0,0.0,0.0
9.0,535,0.0,0.0,0.0,0.0,0.0
9.0,536,0.0,0.0,0.0,0.0,0.0
9.0,537,0.0,0.0,0.0,0.0,0.0
9.0,538,0.0,0.0,0.0,0.0,0.0
9.0,539,0.0,0.0,0.0,0.0,0.0
9.0,540,0.0,0.0,0.0,0.0,0.0
9.0,541,0.0,0.0,0.0,0.0,0.0
9.0,542,0.0,0.0,0.0,0.0,0.0
9.0,543,0.0,0.0,0.0,0.0,0.0
9.0,544,0.0,0.0,0.0,0.0,0.0
9.0,545,0.0,0.0,0.0,0.0,0.0
9.0,546,0.0,0.0,0.0,0.0,0.0
9.0,547,0.0,0.0,0.0,0.0,0.0
9.0,548,0.0,0.0,0.0,0.0,0.0
9.0,549,0.0,0.0,0.0,0.0,0.0
9.0,550,0.0,0.0,0.0,0.0,0.0
9.0,551,0.0,0.0,0.0,0.0,0.0
9.0,552,0.0,0.0,0.0,0.0,0.0
9.0,553,0.0,0.0,0.0,0.0,0.0
9.0,554,0.0,0.0,0.0,0.0,0.0
9.0,555,0.0,0.0,0.0,0.0,0.0
9.0,556,0.0,0.0,0.0,0.0,0.0
9.0,557,0.0,0.0,0.0,0.0,0.0
9.0,558,0.0,0.0,0.0,0.0,0.0
9.0,559,0.0,0.0,0.0,0.0,0.0
9.0,560,0.0,0.0,0.0,0.0,0.0
9.0,561,0.0,0.0,0.0,0.0,0.0
9.0,562,0.0,0.0,0.0,0.0,0.0
9.0,563,0.0,0.0,0.0,0.0,0.0
9.0,564,0.0,0.0,0.0,0.0,0.0
9.0,565,0.0,0.0,0.0,0.0,0.0
9.0,566,0.0,0.0,0.0,0.0,0.0
9.0,567,0.0,0.0,0.0,0.0,0.0
9.0,568,0.0,0.0,0.0,0.0,0.0
9.0,569,0.0,0.0,0.0,0.0,0.0
9.0,570,0.0,0.0,0.0,0.0,0.0
9.0,571,0.0,0.0,0.0,0.0,0.0
9.0,572,0.0,0.0,0.0,0.0,0.0
9.0,573,0.0,0.0,0.0,0.0,0.0
9.0,574,0.0,0.0,0.0,0.0,0.0
9.0,575,0.0,0.0,0.0,0.0,0.0
9.0,576,0.0,0.0,0.0,0.0,0.0
9.0,577,0.0,0.0,0.0,0.0,0.0
9.0,578,0.0,0.0,0.0,0.0,0.0
9.0,579,0.0,0.0,0.0,0.0,0.0
9.0,580,0.0,0.0,0.0,0.0,0.0
9.0,581,0.0,0.0,0.0,0.0,0.0
9.0,582,0.0,0.0,0.0,0.0,0.0
9.0,583,0.0,0.0,0.0,0.0,0.0
9.0,584,0.0,0.0,0.0,0.0,0.0
9.0,585,0.0,0.0,0.0,0.0,0.0
9.0,586,0.0,0.0,0.0,0.0,0.0
9.0,587,0.0,0.0,0.0,0.0,0.0
9.0,588,0.0,0.0,0.0,0.0,0.0
9.0,589,0.0,0.0,0.0,0.0,0.0
9.0,590,0.0,0.0,0.0,0.0,0.0
9.0,591,0.0,0.0,0.0,0.0,0.0
9.0,592,0.0,0.0,0.0,0.0,0.0
9.0,593,0.0,0.0,0.0,0.0,0.0
9.0,594,0.0,0.0,0.0,0.0,0.0
9.0,595,0.0,0.0,0.0,0.0,0.0
9.0,596,0.0,0.0,0.0,0.0,0.0
9.0,597,0.0,0.0,0.0,0.0,0.0
9.0,598,0.0,0.0,0.0,0.0,0.0
9.0,599,0.0,0.0,0.0,0.0,0.0
9.0,600,0.0,0.0,0.0,0.0,0.0
9.0,601,0.0,0.0,0.0,0.0,0.0
9.0,602,0.0,0.0,0.0,0.0,0.0
9.0,603,0.0,0.0,0.0,0.0,0.0
9.0,604,0.0,0.0,0.0,0.0,0.0
9.0,605,0.0,0.0,0.0,0.0,0.0
9.0,606,0.0,0.0,0.0,0.0,0.0
9.0,607,0.0,0.0,0.0,0.0,0.0
9.0,608,0.0,0.0,0.0,0.0,0.0
9.0,609,0.0,0.0,0.0,0.0,0.0
9.0,610,0.0,0.0,0.0,0.0,0.0
9.0,611,0.0,0.0,0.0,0.0,0.0
9.0,612,0.0,0.0,0.0,0.0,0.0
9.0,613,0.0,0.0,0.0,0.0,0.0
9.0,614,0.0,0.0,0.0,0.0,0.0
9.0,615,0.0,0.0,0.0,0.0,0.0
9.0,616,0.0,0.0,0.0,0.0,0.0
9.0,617,0.0,0.0,0.0,0.0,0.0
9.0,618,0.0,0.0,0.0,0.0,0.0
9.0,619,0.0,0.0,0.0,0.0,0.0
9.0,620,0.0,0.0,0.0,0.0,0.0
9.0,621,0.0,0.0,0.0,0.0,0.0
9.0,622,0.0,0.0,0.0,0.0,0.0
9.0,623,0.0,0.0,0.0,0.0,0.0
9.0,624,0.0,0.0,0.0,0.0,0.0
9.0,625,0.0,0.0,0.0,0.0,0.0
9.0,626,0.0,0.0,0.0,0.0,0.0
9.0,627,0.0,0.0,0.0,0.0,0.0
9.0,628,0.0,0.0,0.0,0.0,0.0
9.0,629,0.0,0.0,0.0,0.0,0.0
9.0,630,0.0,0.0,0.0,0.0,0.0
9.0,631,0.0,0.0,0.0,0.0,0.0
9.0,632,0.0,0.0,0.0,0.0,0.0
9.0,633,0.0,0.0,0.0,0.0,0.0
9.0,634,0.0,0.0,0.0,0.0,0.0
9.0,635,0.0,0.0,0.0,0.0,0.0
9.0,636,0.0,0.0,0.0,0.0,0.0
9.0,637,0.0,0.0,0.0,0.0,0.0
9.0,638,0.0,0.0,0.0,0.0,0.0
9.0,639,0.0,0.0,0.0,0.0,0.0
9.0,640,0.0,0.0,0.0,0.0,0.0
9.0,641,0.0,0.0,0.0,0.0,0.0
9.0,642,0.0,0.0,0.0,0.0,0.0
9.0,643,0.0,0.0,0.0,0.0,0.0
9.0,644,0.0,0.0,0.0,0.0,0.0
9.0,645,0.0,0.0,0.0,0.0,0.0
9.0,646,0.0,0.0,0.0,0.0,0.0
9.0,647,0.0,0.0,0.0,0.0,0.0
9.0,648,0.0,0.0,0.0,0.0,0.0
9.0,649,0.0,0.0,0.0,0.0,0.0
9.0,650,0.0,0.0,0.0,0.0,0.0
9.0,651,0.0,0.0,0.0,0.0,0.0
9.0,652,0.0,0.0,0.0,0.0,0.0
9.0,653,0.0,0.0,0.0,0.0,0.0
9.0,654,0.0,0.0,0.0,0.0,0.0
9.0,655,0.0,0.0,0.0,0.0,0.0
9.0,656,0.0,0.0,0.0,0.0,0.0
9.0,657,0.0,0.0,0.0,0.0,0.0
9.0,658,0.0,0.0,0.0,0.0,0.0
9.0,659,0.0,0.0,0.0,0.0,0.0
9.0,660,0.0,0.0,0.0,0.0,0.0
9.0,661,0.0,0.0,0.0,0.0,0.0
9.0,662,0.0,0.0,0.0,0.0,0.0
9.0,663,0.0,0.0,0.0,0.0,0.0
9.0,664,0.0,0.0,0.0,0.0,0.0
9.0,665,0.0,0.0,0.0,0.0,0.0
9.0,666,0.0,0.0,0.0,0.0,0.0
9.0,667,0.0,0.0,0.0,0.0,0.0
9.0,668,0.0,0.0,0.0,0.0,0.0
9.0,669,0.0,0.0,0.0,0.0,0.0
9.0,670,0.0,0.0,0.0,0.0,0.0
9.0,671,0.0,0.0,0.0,0.0,0.0
9.0,672,0.0,0.0,0.0,0.0,0.0
9.0,673,0.0,0.0,0.0,0.0,0.0
9.0,674,0.0,0.0,0.0,0.0,0.0
9.0,675,0.0,0.0,0.0,0.0,0.0
9.0,676,0.0,0.0,0.0,0.0,0.0
9.0,677,0.0,0.0,0.0,0.0,0.0
9.0,678,0.0,0.0,0.0,0.0,0.0
9.0,679,0.0,0.0,0.0,0.0,0.0
9.0,680,0.0,0.0,0.0,0.0,0.0
9.0,681,0.0,0.0,0.0,0.0,0.0
9.0,682,0.0,0.0,0.0,0.0,0.0
9.0,683,0.0,0.0,0.0,0.0,0.0
9.0,684,0.0,0.0,0.0,0.0,0.0
9.0,685,0.0,0.0,0.0,0.0,0.0
9.0,686,0.0,0.0,0.0,0.0,0.0
9.0,687,0.0,0.0,0.0,0.0,0.0
9.0,688,0.0,0.0,0.0,0.0,0.0
9.0,689,0.0,0.0,0.0,0.0,0.0
9.0,690,0.0,0.0,0.0,0.0,0.0
9.0,691,0.0,0.0,0.0,0.0,0.0
9.0,692,0.0,0.0,0.0,0.0,0.0
9.0,693,0.0,0.0,0.0,0.0,0.0
9.0,694,0.0,0.0,0.0,0.0,0.0
9.0,695,0.0,0.0,0.0,0.0,0.0
9.0,696,0.0,0.0,0.0,0.0,0.0
9.0,697,0.0,0.0,0.0,0.0,0.0
9.0,698,0.0,0.0,0.0,0.0,0.0
9.0,699,0.0,0.0,0.0,0.0,0.0
9.0,700,0.0,0.0,0.0,0.0,0.0
9.0,701,0.0,0.0,0.0,0.0,0.0
9.0,702,0.0,0.0,0.0,0.0,0.0
9.0,703,0.0,0.0,0.0,0.0,0.0
9.0,704,0.0,0.0,0.0,0.0,0.0
9.0,705,0.0,0.0,0.0,0.0,0.0
9.0,706,0.0,0.0,0.0,0.0,0.0
9.0,707,0.0,0.0,0.0,0.0,0.0
9.0,708,0.0,0.0,0.0,0.0,0.0
9.0,709,0.0,0.0,0.0,0.0,0.0
9.0,710,0.0,0.0,0.0,0.0,0.0
9.0,711,0.0,0.0,0.0,0.0,0.0
9.0,712,0.0,0.0,0.0,0.0,0.0
9.0,713,0.0,0.0,0.0,0.0,0.0
9.0,714,0.0,0.0,0.0,0.0,0.0
9.0,715,0.0,0.0,0.0,0.0,0.0
9.0,716,0.0,0.0,0.0,0.0,0.0
9.0,717,0.0,0.0,0.0,0.0,0.0
9.0,718,0.0,0.0,0.0,0.0,0.0
9.0,719,0.0,0.0,0.0,0.0,0.0
9.0,720,0.0,0.0,0.0,0.0,0.0
9.0,721,0.0,0.0,0.0,0.0,0.0
9.0,722,0.0,0.0,0.0,0.0,0.0
9.0,723,0.0,0.0,0.0,0.0,0.0
9.0,724,0.0,0.0,0.0,0.0,0.0
9.0,725,0.0,0.0,0.0,0.0,0.0
9.0,726,0.0,0.0,0.0,0.0,0.0
9.0,727,0.0,0.0,0.0,0.0,0.0
9.0,728,0.0,0.0,0.0,0.0,0.0
9.0,729,0.0,0.0,0.0,0.0,0.0
9.0,730,0.0,0.0,0.0,0.0,0.0
9.0,731,0.0,0.0,0.0,0.0,0.0
9.0,732,0.0,0.0,0.0,0.0,0.0
9.0,733,0.0,0.0,0.0,0.0,0.0
9.0,734,0.0,0.0,0.0,0.0,0.0
9.0,735,0.0,0.0,0.0,0.0,0.0
9.0,736,0.0,0.0,0.0,0.0,0.0
9.0,737,0.0,0.0,0.0,0.0,0.0
9.0,738,0.0,0.0,0.0,0.0,0.0
9.0,739,0.0,0.0,0.0,0.0,0.0
9.0,740,0.0,0.0,0.0,0.0,0.0
9.0,741,0.0,0.0,0.0,0.0,0.0
9.0,742,0.0,0.0,0.0,0.0,0.0
9.0,743,0.0,0.0,0.0,0.0,0.0
9.0,744,0.0,0.0,0.0,0.0,0.0
9.0,745,0.0,0.0,0.0,0.0,0.0
9.0,746,0.0,0.0,0.0,0.0,0.0
9.0,747,0.0,0.0,0.0,0.0,0.0
9.0,748,0.0,0.0,0.0,0.0,0.0
9.0,749,0.0,0.0,0.0,0.0,0.0
9.0,750,0.0,0.0,0.0,0.0,0.0
9.0,751,0.0,0.0,0.0,0.0,0.0
9.0,752,0.0,0.0,0.0,0.0,0.0
9.0,753,0.0,0.0,0.0,0.0,0.0
9.0,754,0.0,0.0,0.0,0.0,0.0
9.0,755,0.0,0.0,0.0,0.0,0.0
9.0,756,0.0,0.0,0.0,0.0,0.0
9.0,757,0.0,0.0,0.0,0.0,0.0
9.0,758,0.0,0.0,0.0,0.0,0.0
9.0,759,0.0,0.0,0.0,0.0,0.0
9.0,760,0.0,0.0,0.0,0.0,0.0
9.0,761,0.0,0.0,0.0,0.0,0.0
9.0,762,0.0,0.0,0.0,0.0,0.0
9.0,763,0.0,0.0,0.0,0.0,0.0
9.0,764,0.0,0.0,0.0,0.0,0.0
9.0,765,0.0,0.0,0.0,0.0,0.0
9.0,766,0.0,0.0,0.0,0.0,0.0
9.0,767,0.0,0.0,0.0,0.0,0.0
9.0,768,0.0,0.0,0.0,0.0,0.0
9.0,769,0.0,0.0,0.0,0.0,0.0
9.0,770,0.0,0.0,0.0,0.0,0.0
9.0,771,0.0,0.0,0.0,0.0,0.0
9.0,772,0.0,0.0,0.0,0.0,0.0
9.0,773,0.0,0.0,0.0,0.0,0.0
9.0,774,0.0,0.0,0.0,0.0,0.0
9.0,775,0.0,0.0,0.0,0.0,0.0
9.0,776,0.0,0.0,0.0,0.0,0.0
9.0,777,0.0,0.0,0.0,0.0,0.0
9.0,778,0.0,0.0,0.0,0.0,0.0
9.0,779,0.0,0.0,0.0,0.0,0.0
9.0,780,0.0,0.0,0.0,0.0,0.0
9.0,781,0.0,0.0,0.0,0.0,0.0
9.0,782,0.0,0.0,0.0,0.0,0.0
9.0,783,0.0,0.0,0.0,0.0,0.0
9.0,784,0.0,0.0,0.0,0.0,0.0
9.0,785,0.0,0.0,0.0,0.0,0.0
9.0,786,0.0,0.0,0.0,0.0,0.0
9.0,787,0.0,0.0,0.0,0.0,0.0
9.0,788,0.0,0.0,0.0,0.0,0.0
9.0,789,0.0,0.0,0.0,0.0,0.0
9.0,790,0.0,0.0,0.0,0.0,0.0
9.0,791,0.0,0.0,0.0,0.0,0.0
9.0,792,0.0,0.0,0.0,0.0,0.0
9.0,793,0.0,0.0,0.0,0.0,0.0
9.0,794,0.0,0.0,0.0,0.0,0.0
9.0,795,0.0,0.0,0.0,0.0,0.0
9.0,796,0.0,0.0,0.0,0.0,0.0
9.0,797,0.0,0.0,0.0,0.0,0.0
9.0,798,0.0,0.0,0.0,0.0,0.0
9.0,799,0.0,0.0,0.0,0.0,0.0
9.0,800,0.0,0.0,0.0,0.0,0.0
9.0,801,0.0,0.0,0.0,0.0,0.0
9.0,802,0.0,0.0,0.0,0.0,0.0
9.0,803,0.0,0.0,0.0,0.0,0.0
9.0,804,0.0,0.0,0.0,0.0,0.0
9.0,805,0.0,0.0,0.0,0.0,0.0
9.0,806,0.0,0.0,0.0,0.0,0.0
9.0,807,0.0,0.0,0.0,0.0,0.0
9.0,808,0.0,0.0,0.0,0.0,0.0
9.0,809,0.0,0.0,0.0,0.0,0.0
9.0,810,0.0,0.0,0.0,0.0,0.0
9.0,811,0.0,0.0,0.0,0.0,0.0
9.0,812,0.0,0.0,0.0,0.0,0.0
9.0,813,0.0,0.0,0.0,0.0,0.0
9.0,814,0.0,0.0,0.0,0.0,0.0
9.0,815,0.0,0.0,0.0,0.0,0.0
9.0,816,0.0,0.0,0.0,0.0,0.0
9.0,817,0.0,0.0,0.0,0.0,0.0
9.0,818,0.0,0.0,0.0,0.0,0.0
9.0,819,0.0,0.0,0.0,0.0,0.0
9.0,820,0.0,0.0,0.0,0.0,0.0
9.0,821,0.0,0.0,0.0,0.0,0.0
9.0,822,0.0,0.0,0.0,0.0,0.0
9.0,823,0.0,0.0,0.0,0.0,0.0
9.0,824,0.0,0.0,0.0,0.0,0.0
9.0,825,0.0,0.0,0.0,0.0,0.0
9.0,826,0.0,0.0,0.0,0.0,0.0
9.0,827,0.0,0.0,0.0,0.0,0.0
9.0,828,0.0,0.0,0.0,0.0,0.0
9.0,829,0.0,0.0,0.0,0.0,0.0
9.0,830,0.0,0.0,0.0,0.0,0.0
9.0,831,0.0,0.0,0.0,0.0,0.0
9.0,832,0.0,0.0,0.0,0.0,0.0
9.0,833,0.0,0.0,0.0,0.0,0.0
9.0,834,0.0,0.0,0.0,0.0,0.0
9.0,835,0.0,0.0,0.0,0.0,0.0
9.0,836,0.0,0.0,0.0,0.0,0.0
9.0,837,0.0,0.0,0.0,0.0,0.0
9.0,838,0.0,0.0,0.0,0.0,0.0
9.0,839,0.0,0.0,0.0,0.0,0.0
9.0,840,0.0,0.0,0.0,0.0,0.0
9.0,841,0.0,0.0,0.0,0.0,0.0
9.0,842,0.0,0.0,0.0,0.0,0.0
9.0,843,0.0,0.0,0.0,0.0,0.0
9.0,844,0.0,0.0,0.0,0.0,0.0
9.0,845,0.0,0.0,0.0,0.0,0.0
9.0,846,0.0,0.0,0.0,0.0,0.0
9.0,847,0.0,0.0,0.0,0.0,0.0
9.0,848,0.0,0.0,0.0,0.0,0.0
9.0,849,0.0,0.0,0.0,0.0,0.0
9.0,850,0.0,0.0,0.0,0.0,0.0
9.0,851,0.0,0.0,0.0,0.0,0.0
9.0,852,0.0,0.0,0.0,0.0,0.0
9.0,853,0.0,0.0,0.0,0.0,0.0
9.0,854,0.0,0.0,0.0,0.0,0.0
9.0,855,0.0,0.0,0.0,0.0,0.0
9.0,856,0.0,0.0,0.0,0.0,0.0
9.0,857,0.0,0.0,0.0,0.0,0.0
9.0,858,0.0,0.0,0.0,0.0,0.0
9.0,859,0.0,0.0,0.0,0.0,0.0
9.0,860,0.0,0.0,0.0,0.0,0.0
9.0,861,0.0,0.0,0.0,0.0,0.0
9.0,862,0.0,0.0,0.0,0.0,0.0
9.0,863,0.0,0.0,0.0,0.0,0.0
9.0,864,0.0,0.0,0.0,0.0,0.0
9.0,865,0.0,0.0,0.0,0.0,0.0
9.0,866,0.0,0.0,0.0,0.0,0.0
9.0,867,0.0,0.0,0.0,0.0,0.0
9.0,868,0.0,0.0,0.0,0.0,0.0
9.0,869,0.0,0.0,0.0,0.0,0.0
9.0,870,0.0,0.0,0.0,0.0,0.0
9.0,871,0.0,0.0,0.0,0.0,0.0
9.0,872,0.0,0.0,0.0,0.0,0.0
9.0,873,0.0,0.0,0.0,0.0,0.0
9.0,874,0.0,0.0,0.0,0.0,0.0
9.0,875,0.0,0.0,0.0,0.0,0.0
9.0,876,0.0,0.0,0.0,0.0,0.0
9.0,877,0.0,0.0,0.0,0.0,0.0
9.0,878,0.0,0.0,0.0,0.0,0.0
9.0,879,0.0,0.0,0.0,0.0,0.0
9.0,880,0.0,0.0,0.0,0.0,0.0
9.0,881,0.0,0.0,0.0,0.0,0.0
9.0,882,0.0,0.0,0.0,0.0,0.0
9.0,883,0.0,0.0,0.0,0.0,0.0
9.0,884,0.0,0.0,0.0,0.0,0.0
9.0,885,0.0,0.0,0.0,0.0,0.0
9.0,886,0.0,0.0,0.0,0.0,0.0
9.0,887,0.0,0.0,0.0,0.0,0.0
9.0,888,0.0,0.0,0.0,0.0,0.0
9.0,889,0.0,0.0,0.0,0.0,0.0
9.0,890,0.0,0.0,0.0,0.0,0.0
9.0,891,0.0,0.0,0.0,0.0,0.0
9.0,892,0.0,0.0,0.0,0.0,0.0
9.0,893,0.0,0.0,0.0,0.0,0.0
9.0,894,0.0,0.0,0.0,0.0,0.0
9.0,895,0.0,0.0,0.0,0.0,0.0
9.0,896,0.0,0.0,0.0,0.0,0.0
9.0,897,0.0,0.0,0.0,0.0,0.0
9.0,898,0.0,0.0,0.0,0.0,0.0
9.0,899,0.0,0.0,0.0,0.0,0.0
9.0,900,0.0,0.0,0.0,0.0,0.0
9.0,901,0.0,0.0,0.0,0.0,0.0
9.0,902,0.0,0.0,0.0,0.0,0.0
9.0,903,0.0,0.0,0.0,0.0,0.0
9.0,904,0.0,0.0,0.0,0.0,0.0
9.0,905,0.0,0.0,0.0,0.0,0.0
9.0,906,0.0,0.0,0.0,0.0,0.0
9.0,907,0.0,0.0,0.0,0.0,0.0
9.0,908,0.0,0.0,0.0,0.0,0.0
9.0,909,0.0,0.0,0.0,0.0,0.0
9.0,910,0.0,0.0,0.0,0.0,0.0
9.0,911,0.0,0.0,0.0,0.0,0.0
9.0,912,0.0,0.0,0.0,0.0,0.0
9.0,913,0.0,0.0,0.0,0.0,0.0
9.0,914,0.0,0.0,0.0,0.0,0.0
9.0,915,0.0,0.0,0.0,0.0,0.0
9.0,916,0.0,0.0,0.0,0.0,0.0
9.0,917,0.0,0.0,0.0,0.0,0.0
9.0,918,0.0,0.0,0.0,0.0,0.0
9.0,919,0.0,0.0,0.0,0.0,0.0
9.0,920,0.0,0.0,0.0,0.0,0.0
9.0,921,0.0,0.0,0.0,0.0,0.0
9.0,922,0.0,0.0,0.0,0.0,0.0
9.0,923,0.0,0.0,0.0,0.0,0.0
9.0,924,0.0,0.0,0.0,0.0,0.0
9.0,925,0.0,0.0,0.0,0.0,0.0
9.0,926,0.0,0.0,0.0,0.0,0.0
9.0,927,0.0,0.0,0.0,0.0,0.0
9.0,928,0.0,0.0,0.0,0.0,0.0
9.0,929,0.0,0.0,0.0,0.0,0.0
9.0,930,0.0,0.0,0.0,0.0,0.0
9.0,931,0.0,0.0,0.0,0.0,0.0
9.0,932,0.0,0.0,0.0,0.0,0.0
9.0,933,0.0,0.0,0.0,0.0,0.0
9.0,934,0.0,0.0,0.0,0.0,0.0
9.0,935,0.0,0.0,0.0,0.0,0.0
9.0,936,0.0,0.0,0.0,0.0,0.0
9.0,937,0.0,0.0,0.0,0.0,0.0
9.0,938,0.0,0.0,0.0,0.0,0.0
9.0,939,0.0,0.0,0.0,0.0,0.0
9.0,940,0.0,0.0,0.0,0.0,0.0
9.0,941,0.0,0.0,0.0,0.0,0.0
9.0,942,0.0,0.0,0.0,0.0,0.0
9.0,943,0.0,0.0,0.0,0.0,0.0
9.0,944,0.0,0.0,0.0,0.0,0.0
9.0,945,0.0,0.0,0.0,0.0,0.0
9.0,946,0.0,0.0,0.0,0.0,0.0
9.0,947,0.0,0.0,0.0,0.0,0.0
9.0,948,0.0,0.0,0.0,0.0,0.0
9.0,949,0.0,0.0,0.0,0.0,0.0
9.0,950,0.0,0.0,0.0,0.0,0.0
9.0,951,0.0,0.0,0.0,0.0,0.0
9.0,952,0.0,0.0,0.0,0.0,0.0
9.0,953,0.0,0.0,0.0,0.0,0.0
9.0,954,0.0,0.0,0.0,0.0,0.0
9.0,955,0.0,0.0,0.0,0.0,0.0
9.0,956,0.0,0.0,0.0,0.0,0.0
9.0,957,0.0,0.0,0.0,0.0,0.0
9.0,958,0.0,0.0,0.0,0.0,0.0
9.0,959,0.0,0.0,0.0,0.0,0.0
9.0,960,0.0,0.0,0.0,0.0,0.0
9.0,961,0.0,0.0,0.0,0.0,0.0
9.0,962,0.0,0.0,0.0,0.0,0.0
9.0,963,0.0,0.0,0.0,0.0,0.0
9.0,964,0.0,0.0,0.0,0.0,0.0
9.0,965,0.0,0.0,0.0,0.0,0.0
9.0,966,0.0,0.0,0.0,0.0,0.0
9.0,967,0.0,0.0,0.0,0.0,0.0
9.0,968,0.0,0.0,0.0,0.0,0.0
9.0,969,0.0,0.0,0.0,0.0,0.0
9.0,970,0.0,0.0,0.0,0.0,0.0
9.0,971,0.0,0.0,0.0,0.0,0.0
9.0,972,0.0,0.0,0.0,0.0,0.0
9.0,973,0.0,0.0,0.0,0.0,0.0
9.0,974,0.0,0.0,0.0,0.0,0.0
9.0,975,0.0,0.0,0.0,0.0,0.0
9.0,976,0.0,0.0,0.0,0.0,0.0
9.0,977,0.0,0.0,0.0,0.0,0.0
9.0,978,0.0,0.0,0.0,0.0,0.0
9.0,979,0.0,0.0,0.0,0.0,0.0
9.0,980,0.0,0.0,0.0,0.0,0.0
9.0,981,0.0,0.0,0.0,0.0,0.0
9.0,982,0.0,0.0,0.0,0.0,0.0
9.0,983,0.0,0.0,0.0,0.0,0.0
9.0,984,0.0,0.0,0.0,0.0,0.0
9.0,985,0.0,0.0,0.0,0.0,0.0
9.0,986,0.0,0.0,0.0,0.0,0.0
9.0,987,0.0,0.0,0.0,0.0,0.0
9.0,988,0.0,0.0,0.0,0.0,0.0
9.0,989,0.0,0.0,0.0,0.0,0.0
9.0,990,0.0,0.0,0.0,0.0,0.0
9.0,991,0.0,0.0,0.0,0.0,0.0
9.0,992,0.0,0.0,0.0,0.0,0.0
9.0,993,0.0,0.0,0.0,0.0,0.0
9.0,994,0.0,0.0,0.0,0.0,0.0
9.0,995,0.0,0.0,0.0,0.0,0.0
9.0,996,0.0,0.0,0.0,0.0,0.0
9.0,997,0.0,0.0,0.0,0.0,0.0
9.0,998,0.0,0.0,0.0,0.0,0.0
9.0,999,0.0,0.0,0.0,0.0,0.0
9.0,1000,0.0,0.0,0.0,0.0,0.0
13.0,1,3.0,4.0,6.0,6.0,12.0
13.0,2,4.0,0.0,0.0,0.0,0.0
13.0,3,3.0,4.0,5.0,7.0,12.0
13.0,4,0.0,0.0,0.0,0.0,0.0
13.0,5,3.0,5.0,4.0,6.0,13.0
13.0,6,4.0,4.0,5.0,6.0,13.0
13.0,7,3.0,5.0,5.0,6.0,12.0
13.0,8,4.0,0.0,0.0,0.0,0.0
13.0,9,2.0,4.0,0.0,0.0,0.0
13.0,10,4.0,4.0,5.0,6.0,12.0
13.0,11,3.0,4.0,5.0,7.0,12.0
13.0,12,4.0,0.0,0.0,0.0,0.0
13.0,13,3.0,4.0,5.0,7.0,12.0
13.0,14,4.0,4.0,4.0,7.0,13.0
13.0,15,2.0,5.0,0.0,0.0,0.0
13.0,16,0.0,0.0,0.0,0.0,0.0
13.0,17,3.0,5.0,5.0,6.0,13.0
13.0,18,0.0,0.0,0.0,0.0,0.0
13.0,19,5.0,0.0,0.0,0.0,0.0
13.0,20,0.0,0.0,0.0,0.0,0.0
13.0,21,4.0,5.0,5.0,6.0,13.0
13.0,22,0.0,0.0,0.0,0.0,0.0
13.0,23,0.0,0.0,0.0,0.0,0.0
13.0,24,2.0,5.0,5.0,7.0,13.0
13.0,25,4.0,5.0,5.0,6.0,12.0
13.0,26,0.0,0.0,0.0,0.0,0.0
13.0,27,0.0,0.0,0.0,0.0,0.0
13.0,28,5.0,0.0,0.0,0.0,0.0
13.0,29,3.0,5.0,5.0,0.0,0.0
13.0,30,3.0,4.0,4.0,6.0,15.0
13.0,31,0.0,0.0,0.0,0.0,0.0
13.0,32,4.0,5.0,4.0,6.0,14.0
13.0,33,2.0,5.0,4.0,7.0,15.0
13.0,34,0.0,0.0,0.0,0.0,0.0
13.0,35,3.0,0.0,0.0,0.0,0.0
13.0,36,3.0,5.0,4.0,7.0,13.0
13.0,37,4.0,4.0,5.0,7.0,13.0
13.0,38,0.0,0.0,0.0,0.0,0.0
13.0,39,3.0,4.0,4.0,7.0,14.0
13.0,40,3.0,4.0,5.0,7.0,14.0
13.0,41,2.0,0.0,0.0,0.0,0.0
13.0,42,3.0,5.0,4.0,7.0,14.0
13.0,43,4.0,4.0,6.0,0.0,0.0
13.0,44,3.0,5.0,4.0,7.0,14.0
13.0,45,4.0,5.0,4.0,7.0,13.0
13.0,46,0.0,0.0,0.0,0.0,0.0
13.0,47,4.0,5.0,0.0,0.0,0.0
13.0,48,2.0,4.0,5.0,8.0,13.0
13.0,49,0.0,0.0,0.0,0.0,0.0
13.0,50,3.0,5.0,5.0,6.0,13.0
13.0,51,0.0,0.0,0.0,0.0,0.0
13.0,52,0.0,0.0,0.0,0.0,0.0
13.0,53,0.0,0.0,0.0,0.0,0.0
13.0,54,0.0,0.0,0.0,0.0,0.0
13.0,55,0.0,0.0,0.0,0.0,0.0
13.0,56,0.0,0.0,0.0,0.0,0.0
13.0,57,0.0,0.0,0.0,0.0,0.0
13.0,58,0.0,0.0,0.0,0.0,0.0
13.0,59,0.0,0.0,0.0,0.0,0.0
13.0,60,0.0,0.0,0.0,0.0,0.0
13.0,61,0.0,0.0,0.0,0.0,0.0
13.0,62,0.0,0.0,0.0,0.0,0.0
13.0,63,0.0,0.0,0.0,0.0,0.0
13.0,64,0.0,0.0,0.0,0.0,0.0
13.0,65,0.0,0.0,0.0,0.0,0.0
13.0,66,0.0,0.0,0.0,0.0,0.0
13.0,67,0.0,0.0,0.0,0.0,0.0
13.0,68,0.0,0.0,0.0,0.0,0.0
13.0,69,0.0,0.0,0.0,0.0,0.0
13.0,70,0.0,0.0,0.0,0.0,0.0
13.0,71,0.0,0.0,0.0,0.0,0.0
13.0,72,0.0,0.0,0.0,0.0,0.0
13.0,73,0.0,0.0,0.0,0.0,0.0
13.0,74,0.0,0.0,0.0,0.0,0.0
13.0,75,0.0,0.0,0.0,0.0,0.0
13.0,76,0.0,0.0,0.0,0.0,0.0
13.0,77,0.0,0.0,0.0,0.0,0.0
13.0,78,0.0,0.0,0.0,0.0,0.0
13.0,79,0.0,0.0,0.0,0.0,0.0
13.0,80,0.0,0.0,0.0,0.0,0.0
13.0,81,0.0,0.0,0.0,0.0,0.0
13.0,82,0.0,0.0,0.0,0.0,0.0
13.0,83,0.0,0.0,0.0,0.0,0.0
13.0,84,0.0,0.0,0.0,0.0,0.0
13.0,85,0.0,0.0,0.0,0.0,0.0
13.0,86,0.0,0.0,0.0,0.0,0.0
13.0,87,0.0,0.0,0.0,0.0,0.0
13.0,88,0.0,0.0,0.0,0.0,0.0
13.0,89,0.0,0.0,0.0,0.0,0.0
13.0,90,0.0,0.0,0.0,0.0,0.0
13.0,91,0.0,0.0,0.0,0.0,0.0
13.0,92,0.0,0.0,0.0,0.0,0.0
13.0,93,0.0,0.0,0.0,0.0,0.0
13.0,94,0.0,0.0,0.0,0.0,0.0
13.0,95,0.0,0.0,0.0,0.0,0.0
13.0,96,0.0,0.0,0.0,0.0,0.0
13.0,97,0.0,0.0,0.0,0.0,0.0
13.0,98,0.0,0.0,0.0,0.0,0.0
13.0,99,0.0,0.0,0.0,0.0,0.0
13.0,100,0.0,0.0,0.0,0.0,0.0
13.0,101,0.0,0.0,0.0,0.0,0.0
13.0,102,0.0,0.0,0.0,0.0,0.0
13.0,103,0.0,0.0,0.0,0.0,0.0
13.0,104,0.0,0.0,0.0,0.0,0.0
13.0,105,0.0,0.0,0.0,0.0,0.0
13.0,106,0.0,0.0,0.0,0.0,0.0
13.0,107,0.0,0.0,0.0,0.0,0.0
13.0,108,0.0,0.0,0.0,0.0,0.0
13.0,109,0.0,0.0,0.0,0.0,0.0
13.0,110,0.0,0.0,0.0,0.0,0.0
13.0,111,0.0,0.0,0.0,0.0,0.0
13.0,112,0.0,0.0,0.0,0.0,0.0
13.0,113,0.0,0.0,0.0,0.0,0.0
13.0,114,0.0,0.0,0.0,0.0,0.0
13.0,115,0.0,0.0,0.0,0.0,0.0
13.0,116,0.0,0.0,0.0,0.0,0.0
13.0,117,0.0,0.0,0.0,0.0,0.0
13.0,118,0.0,0.0,0.0,0.0,0.0
13.0,119,0.0,0.0,0.0,0.0,0.0
13.0,120,0.0,0.0,0.0,0.0,0.0
13.0,121,0.0,0.0,0.0,0.0,0.0
13.0,122,0.0,0.0,0.0,0.0,0.0
13.0,123,0.0,0.0,0.0,0.0,0.0
13.0,124,0.0,0.0,0.0,0.0,0.0
13.0,125,0.0,0.0,0.0,0.0,0.0
13.0,126,0.0,0.0,0.0,0.0,0.0
13.0,127,0.0,0.0,0.0,0.0,0.0
13.0,128,0.0,0.0,0.0,0.0,0.0
13.0,129,0.0,0.0,0.0,0.0,0.0
13.0,130,0.0,0.0,0.0,0.0,0.0
13.0,131,0.0,0.0,0.0,0.0,0.0
13.0,132,0.0,0.0,0.0,0.0,0.0
13.0,133,0.0,0.0,0.0,0.0,0.0
13.0,134,0.0,0.0,0.0,0.0,0.0
13.0,135,0.0,0.0,0.0,0.0,0.0
13.0,136,0.0,0.0,0.0,0.0,0.0
13.0,137,0.0,0.0,0.0,0.0,0.0
13.0,138,0.0,0.0,0.0,0.0,0.0
13.0,139,0.0,0.0,0.0,0.0,0.0
13.0,140,0.0,0.0,0.0,0.0,0.0
13.0,141,0.0,0.0,0.0,0.0,0.0
13.0,142,0.0,0.0,0.0,0.0,0.0
13.0,143,0.0,0.0,0.0,0.0,0.0
13.0,144,0.0,0.0,0.0,0.0,0.0
13.0,145,0.0,0.0,0.0,0.0,0.0
13.0,146,0.0,0.0,0.0,0.0,0.0
13.0,147,0.0,0.0,0.0,0.0,0.0
13.0,148,0.0,0.0,0.0,0.0,0.0
13.0,149,0.0,0.0,0.0,0.0,0.0
13.0,150,0.0,0.0,0.0,0.0,0.0
13.0,151,0.0,0.0,0.0,0.0,0.0
13.0,152,0.0,0.0,0.0,0.0,0.0
13.0,153,0.0,0.0,0.0,0.0,0.0
13.0,154,0.0,0.0,0.0,0.0,0.0
13.0,155,0.0,0.0,0.0,0.0,0.0
13.0,156,0.0,0.0,0.0,0.0,0.0
13.0,157,0.0,0.0,0.0,0.0,0.0
13.0,158,0.0,0.0,0.0,0.0,0.0
13.0,159,0.0,0.0,0.0,0.0,0.0
13.0,160,0.0,0.0,0.0,0.0,0.0
13.0,161,0.0,0.0,0.0,0.0,0.0
13.0,162,0.0,0.0,0.0,0.0,0.0
13.0,163,0.0,0.0,0.0,0.0,0.0
13.0,164,0.0,0.0,0.0,0.0,0.0
13.0,165,0.0,0.0,0.0,0.0,0.0
13.0,166,0.0,0.0,0.0,0.0,0.0
13.0,167,0.0,0.0,0.0,0.0,0.0
13.0,168,0.0,0.0,0.0,0.0,0.0
13.0,169,0.0,0.0,0.0,0.0,0.0
13.0,170,0.0,0.0,0.0,0.0,0.0
13.0,171,0.0,0.0,0.0,0.0,0.0
13.0,172,0.0,0.0,0.0,0.0,0.0
13.0,173,0.0,0.0,0.0,0.0,0.0
13.0,174,0.0,0.0,0.0,0.0,0.0
13.0,175,0.0,0.0,0.0,0.0,0.0
13.0,176,0.0,0.0,0.0,0.0,0.0
13.0,177,0.0,0.0,0.0,0.0,0.0
13.0,178,0.0,0.0,0.0,0.0,0.0
13.0,179,0.0,0.0,0.0,0.0,0.0
13.0,180,0.0,0.0,0.0,0.0,0.0
13.0,181,0.0,0.0,0.0,0.0,0.0
13.0,182,0.0,0.0,0.0,0.0,0.0
13.0,183,0.0,0.0,0.0,0.0,0.0
13.0,184,0.0,0.0,0.0,0.0,0.0
13.0,185,0.0,0.0,0.0,0.0,0.0
13.0,186,0.0,0.0,0.0,0.0,0.0
13.0,187,0.0,0.0,0.0,0.0,0.0
13.0,188,0.0,0.0,0.0,0.0,0.0
13.0,189,0.0,0.0,0.0,0.0,0.0
13.0,190,0.0,0.0,0.0,0.0,0.0
13.0,191,0.0,0.0,0.0,0.0,0.0
13.0,192,0.0,0.0,0.0,0.0,0.0
13.0,193,0.0,0.0,0.0,0.0,0.0
13.0,194,0.0,0.0,0.0,0.0,0.0
13.0,195,0.0,0.0,0.0,0.0,0.0
13.0,196,0.0,0.0,0.0,0.0,0.0
13.0,197,0.0,0.0,0.0,0.0,0.0
13.0,198,0.0,0.0,0.0,0.0,0.0
13.0,199,0.0,0.0,0.0,0.0,0.0
13.0,200,0.0,0.0,0.0,0.0,0.0
13.0,201,0.0,0.0,0.0,0.0,0.0
13.0,202,0.0,0.0,0.0,0.0,0.0
13.0,203,0.0,0.0,0.0,0.0,0.0
13.0,204,0.0,0.0,0.0,0.0,0.0
13.0,205,0.0,0.0,0.0,0.0,0.0
13.0,206,0.0,0.0,0.0,0.0,0.0
13.0,207,0.0,0.0,0.0,0.0,0.0
13.0,208,0.0,0.0,0.0,0.0,0.0
13.0,209,0.0,0.0,0.0,0.0,0.0
13.0,210,0.0,0.0,0.0,0.0,0.0
13.0,211,0.0,0.0,0.0,0.0,0.0
13.0,212,0.0,0.0,0.0,0.0,0.0
13.0,213,0.0,0.0,0.0,0.0,0.0
13.0,214,0.0,0.0,0.0,0.0,0.0
13.0,215,0.0,0.0,0.0,0.0,0.0
13.0,216,0.0,0.0,0.0,0.0,0.0
13.0,217,0.0,0.0,0.0,0.0,0.0
13.0,218,0.0,0.0,0.0,0.0,0.0
13.0,219,0.0,0.0,0.0,0.0,0.0
13.0,220,0.0,0.0,0.0,0.0,0.0
13.0,221,0.0,0.0,0.0,0.0,0.0
13.0,222,0.0,0.0,0.0,0.0,0.0
13.0,223,0.0,0.0,0.0,0.0,0.0
13.0,224,0.0,0.0,0.0,0.0,0.0
13.0,225,0.0,0.0,0.0,0.0,0.0
13.0,226,0.0,0.0,0.0,0.0,0.0
13.0,227,0.0,0.0,0.0,0.0,0.0
13.0,228,0.0,0.0,0.0,0.0,0.0
13.0,229,0.0,0.0,0.0,0.0,0.0
13.0,230,0.0,0.0,0.0,0.0,0.0
13.0,231,0.0,0.0,0.0,0.0,0.0
13.0,232,0.0,0.0,0.0,0.0,0.0
13.0,233,0.0,0.0,0.0,0.0,0.0
13.0,234,0.0,0.0,0.0,0.0,0.0
13.0,235,0.0,0.0,0.0,0.0,0.0
13.0,236,0.0,0.0,0.0,0.0,0.0
13.0,237,0.0,0.0,0.0,0.0,0.0
13.0,238,0.0,0.0,0.0,0.0,0.0
13.0,239,0.0,0.0,0.0,0.0,0.0
13.0,240,0.0,0.0,0.0,0.0,0.0
13.0,241,0.0,0.0,0.0,0.0,0.0
13.0,242,0.0,0.0,0.0,0.0,0.0
13.0,243,0.0,0.0,0.0,0.0,0.0
13.0,244,0.0,0.0,0.0,0.0,0.0
13.0,245,0.0,0.0,0.0,0.0,0.0
13.0,246,0.0,0.0,0.0,0.0,0.0
13.0,247,0.0,0.0,0.0,0.0,0.0
13.0,248,0.0,0.0,0.0,0.0,0.0
13.0,249,0.0,0.0,0.0,0.0,0.0
13.0,250,0.0,0.0,0.0,0.0,0.0
13.0,251,0.0,0.0,0.0,0.0,0.0
13.0,252,0.0,0.0,0.0,0.0,0.0
13.0,253,0.0,0.0,0.0,0.0,0.0
13.0,254,0.0,0.0,0.0,0.0,0.0
13.0,255,0.0,0.0,0.0,0.0,0.0
13.0,256,0.0,0.0,0.0,0.0,0.0
13.0,257,0.0,0.0,0.0,0.0,0.0
13.0,258,0.0,0.0,0.0,0.0,0.0
13.0,259,0.0,0.0,0.0,0.0,0.0
13.0,260,0.0,0.0,0.0,0.0,0.0
13.0,261,0.0,0.0,0.0,0.0,0.0
13.0,262,0.0,0.0,0.0,0.0,0.0
13.0,263,0.0,0.0,0.0,0.0,0.0
13.0,264,0.0,0.0,0.0,0.0,0.0
13.0,265,0.0,0.0,0.0,0.0,0.0
13.0,266,0.0,0.0,0.0,0.0,0.0
13.0,267,0.0,0.0,0.0,0.0,0.0
13.0,268,0.0,0.0,0.0,0.0,0.0
13.0,269,0.0,0.0,0.0,0.0,0.0
13.0,270,0.0,0.0,0.0,0.0,0.0
13.0,271,0.0,0.0,0.0,0.0,0.0
13.0,272,0.0,0.0,0.0,0.0,0.0
13.0,273,0.0,0.0,0.0,0.0,0.0
13.0,274,0.0,0.0,0.0,0.0,0.0
13.0,275,0.0,0.0,0.0,0.0,0.0
13.0,276,0.0,0.0,0.0,0.0,0.0
13.0,277,0.0,0.0,0.0,0.0,0.0
13.0,278,0.0,0.0,0.0,0.0,0.0
13.0,279,0.0,0.0,0.0,0.0,0.0
13.0,280,0.0,0.0,0.0,0.0,0.0
13.0,281,0.0,0.0,0.0,0.0,0.0
13.0,282,0.0,0.0,0.0,0.0,0.0
13.0,283,0.0,0.0,0.0,0.0,0.0
13.0,284,0.0,0.0,0.0,0.0,0.0
13.0,285,0.0,0.0,0.0,0.0,0.0
13.0,286,0.0,0.0,0.0,0.0,0.0
13.0,287,0.0,0.0,0.0,0.0,0.0
13.0,288,0.0,0.0,0.0,0.0,0.0
13.0,289,0.0,0.0,0.0,0.0,0.0
13.0,290,0.0,0.0,0.0,0.0,0.0
13.0,291,0.0,0.0,0.0,0.0,0.0
13.0,292,0.0,0.0,0.0,0.0,0.0
13.0,293,0.0,0.0,0.0,0.0,0.0
13.0,294,0.0,0.0,0.0,0.0,0.0
13.0,295,0.0,0.0,0.0,0.0,0.0
13.0,296,0.0,0.0,0.0,0.0,0.0
13.0,297,0.0,0.0,0.0,0.0,0.0
13.0,298,0.0,0.0,0.0,0.0,0.0
13.0,299,0.0,0.0,0.0,0.0,0.0
13.0,300,0.0,0.0,0.0,0.0,0.0
13.0,301,0.0,0.0,0.0,0.0,0.0
13.0,302,0.0,0.0,0.0,0.0,0.0
13.0,303,0.0,0.0,0.0,0.0,0.0
13.0,304,0.0,0.0,0.0,0.0,0.0
13.0,305,0.0,0.0,0.0,0.0,0.0
13.0,306,0.0,0.0,0.0,0.0,0.0
13.0,307,0.0,0.0,0.0,0.0,0.0
13.0,308,0.0,0.0,0.0,0.0,0.0
13.0,309,0.0,0.0,0.0,0.0,0.0
13.0,310,0.0,0.0,0.0,0.0,0.0
13.0,311,0.0,0.0,0.0,0.0,0.0
13.0,312,0.0,0.0,0.0,0.0,0.0
13.0,313,0.0,0.0,0.0,0.0,0.0
13.0,314,0.0,0.0,0.0,0.0,0.0
13.0,315,0.0,0.0,0.0,0.0,0.0
13.0,316,0.0,0.0,0.0,0.0,0.0
13.0,317,0.0,0.0,0.0,0.0,0.0
13.0,318,0.0,0.0,0.0,0.0,0.0
13.0,319,0.0,0.0,0.0,0.0,0.0
13.0,320,0.0,0.0,0.0,0.0,0.0
13.0,321,0.0,0.0,0.0,0.0,0.0
13.0,322,0.0,0.0,0.0,0.0,0.0
13.0,323,0.0,0.0,0.0,0.0,0.0
13.0,324,0.0,0.0,0.0,0.0,0.0
13.0,325,0.0,0.0,0.0,0.0,0.0
13.0,326,0.0,0.0,0.0,0.0,0.0
13.0,327,0.0,0.0,0.0,0.0,0.0
13.0,328,0.0,0.0,0.0,0.0,0.0
13.0,329,0.0,0.0,0.0,0.0,0.0
13.0,330,0.0,0.0,0.0,0.0,0.0
13.0,331,0.0,0.0,0.0,0.0,0.0
13.0,332,0.0,0.0,0.0,0.0,0.0
13.0,333,0.0,0.0,0.0,0.0,0.0
13.0,334,0.0,0.0,0.0,0.0,0.0
13.0,335,0.0,0.0,0.0,0.0,0.0
13.0,336,0.0,0.0,0.0,0.0,0.0
13.0,337,0.0,0.0,0.0,0.0,0.0
13.0,338,0.0,0.0,0.0,0.0,0.0
13.0,339,0.0,0.0,0.0,0.0,0.0
13.0,340,0.0,0.0,0.0,0.0,0.0
13.0,341,0.0,0.0,0.0,0.0,0.0
13.0,342,0.0,0.0,0.0,0.0,0.0
13.0,343,0.0,0.0,0.0,0.0,0.0
13.0,344,0.0,0.0,0.0,0.0,0.0
13.0,345,0.0,0.0,0.0,0.0,0.0
13.0,346,0.0,0.0,0.0,0.0,0.0
13.0,347,0.0,0.0,0.0,0.0,0.0
13.0,348,0.0,0.0,0.0,0.0,0.0
13.0,349,0.0,0.0,0.0,0.0,0.0
13.0,350,0.0,0.0,0.0,0.0,0.0
13.0,351,0.0,0.0,0.0,0.0,0.0
13.0,352,0.0,0.0,0.0,0.0,0.0
13.0,353,0.0,0.0,0.0,0.0,0.0
13.0,354,0.0,0.0,0.0,0.0,0.0
13.0,355,0.0,0.0,0.0,0.0,0.0
13.0,356,0.0,0.0,0.0,0.0,0.0
13.0,357,0.0,0.0,0.0,0.0,0.0
13.0,358,0.0,0.0,0.0,0.0,0.0
13.0,359,0.0,0.0,0.0,0.0,0.0
13.0,360,0.0,0.0,0.0,0.0,0.0
13.0,361,0.0,0.0,0.0,0.0,0.0
13.0,362,0.0,0.0,0.0,0.0,0.0
13.0,363,0.0,0.0,0.0,0.0,0.0
13.0,364,0.0,0.0,0.0,0.0,0.0
13.0,365,0.0,0.0,0.0,0.0,0.0
13.0,366,0.0,0.0,0.0,0.0,0.0
13.0,367,0.0,0.0,0.0,0.0,0.0
13.0,368,0.0,0.0,0.0,0.0,0.0
13.0,369,0.0,0.0,0.0,0.0,0.0
13.0,370,0.0,0.0,0.0,0.0,0.0
13.0,371,0.0,0.0,0.0,0.0,0.0
13.0,372,0.0,0.0,0.0,0.0,0.0
13.0,373,0.0,0.0,0.0,0.0,0.0
13.0,374,0.0,0.0,0.0,0.0,0.0
13.0,375,0.0,0.0,0.0,0.0,0.0
13.0,376,0.0,0.0,0.0,0.0,0.0
13.0,377,0.0,0.0,0.0,0.0,0.0
13.0,378,0.0,0.0,0.0,0.0,0.0
13.0,379,0.0,0.0,0.0,0.0,0.0
13.0,380,0.0,0.0,0.0,0.0,0.0
13.0,381,0.0,0.0,0.0,0.0,0.0
13.0,382,0.0,0.0,0.0,0.0,0.0
13.0,383,0.0,0.0,0.0,0.0,0.0
13.0,384,0.0,0.0,0.0,0.0,0.0
13.0,385,0.0,0.0,0.0,0.0,0.0
13.0,386,0.0,0.0,0.0,0.0,0.0
13.0,387,0.0,0.0,0.0,0.0,0.0
13.0,388,0.0,0.0,0.0,0.0,0.0
13.0,389,0.0,0.0,0.0,0.0,0.0
13.0,390,0.0,0.0,0.0,0.0,0.0
13.0,391,0.0,0.0,0.0,0.0,0.0
13.0,392,0.0,0.0,0.0,0.0,0.0
13.0,393,0.0,0.0,0.0,0.0,0.0
13.0,394,0.0,0.0,0.0,0.0,0.0
13.0,395,0.0,0.0,0.0,0.0,0.0
13.0,396,0.0,0.0,0.0,0.0,0.0
13.0,397,0.0,0.0,0.0,0.0,0.0
13.0,398,0.0,0.0,0.0,0.0,0.0
13.0,399,0.0,0.0,0.0,0.0,0.0
13.0,400,0.0,0.0,0.0,0.0,0.0
13.0,401,0.0,0.0,0.0,0.0,0.0
13.0,402,0.0,0.0,0.0,0.0,0.0
13.0,403,0.0,0.0,0.0,0.0,0.0
13.0,404,0.0,0.0,0.0,0.0,0.0
13.0,405,0.0,0.0,0.0,0.0,0.0
13.0,406,0.0,0.0,0.0,0.0,0.0
13.0,407,0.0,0.0,0.0,0.0,0.0
13.0,408,0.0,0.0,0.0,0.0,0.0
13.0,409,0.0,0.0,0.0,0.0,0.0
13.0,410,0.0,0.0,0.0,0.0,0.0
13.0,411,0.0,0.0,0.0,0.0,0.0
13.0,412,0.0,0.0,0.0,0.0,0.0
13.0,413,0.0,0.0,0.0,0.0,0.0
13.0,414,0.0,0.0,0.0,0.0,0.0
13.0,415,0.0,0.0,0.0,0.0,0.0
13.0,416,0.0,0.0,0.0,0.0,0.0
13.0,417,0.0,0.0,0.0,0.0,0.0
13.0,418,0.0,0.0,0.0,0.0,0.0
13.0,419,0.0,0.0,0.0,0.0,0.0
13.0,420,0.0,0.0,0.0,0.0,0.0
13.0,421,0.0,0.0,0.0,0.0,0.0
13.0,422,0.0,0.0,0.0,0.0,0.0
13.0,423,0.0,0.0,0.0,0.0,0.0
13.0,424,0.0,0.0,0.0,0.0,0.0
13.0,425,0.0,0.0,0.0,0.0,0.0
13.0,426,0.0,0.0,0.0,0.0,0.0
13.0,427,0.0,0.0,0.0,0.0,0.0
13.0,428,0.0,0.0,0.0,0.0,0.0
13.0,429,0.0,0.0,0.0,0.0,0.0
13.0,430,0.0,0.0,0.0,0.0,0.0
13.0,431,0.0,0.0,0.0,0.0,0.0
13.0,432,0.0,0.0,0.0,0.0,0.0
13.0,433,0.0,0.0,0.0,0.0,0.0
13.0,434,0.0,0.0,0.0,0.0,0.0
13.0,435,0.0,0.0,0.0,0.0,0.0
13.0,436,0.0,0.0,0.0,0.0,0.0
13.0,437,0.0,0.0,0.0,0.0,0.0
13.0,438,0.0,0.0,0.0,0.0,0.0
13.0,439,0.0,0.0,0.0,0.0,0.0
13.0,440,0.0,0.0,0.0,0.0,0.0
13.0,441,0.0,0.0,0.0,0.0,0.0
13.0,442,0.0,0.0,0.0,0.0,0.0
13.0,443,0.0,0.0,0.0,0.0,0.0
13.0,444,0.0,0.0,0.0,0.0,0.0
13.0,445,0.0,0.0,0.0,0.0,0.0
13.0,446,0.0,0.0,0.0,0.0,0.0
13.0,447,0.0,0.0,0.0,0.0,0.0
13.0,448,0.0,0.0,0.0,0.0,0.0
13.0,449,0.0,0.0,0.0,0.0,0.0
13.0,450,0.0,0.0,0.0,0.0,0.0
13.0,451,0.0,0.0,0.0,0.0,0.0
13.0,452,0.0,0.0,0.0,0.0,0.0
13.0,453,0.0,0.0,0.0,0.0,0.0
13.0,454,0.0,0.0,0.0,0.0,0.0
13.0,455,0.0,0.0,0.0,0.0,0.0
13.0,456,0.0,0.0,0.0,0.0,0.0
13.0,457,0.0,0.0,0.0,0.0,0.0
13.0,458,0.0,0.0,0.0,0.0,0.0
13.0,459,0.0,0.0,0.0,0.0,0.0
13.0,460,0.0,0.0,0.0,0.0,0.0
13.0,461,0.0,0.0,0.0,0.0,0.0
13.0,462,0.0,0.0,0.0,0.0,0.0
13.0,463,0.0,0.0,0.0,0.0,0.0
13.0,464,0.0,0.0,0.0,0.0,0.0
13.0,465,0.0,0.0,0.0,0.0,0.0
13.0,466,0.0,0.0,0.0,0.0,0.0
13.0,467,0.0,0.0,0.0,0.0,0.0
13.0,468,0.0,0.0,0.0,0.0,0.0
13.0,469,0.0,0.0,0.0,0.0,0.0
13.0,470,0.0,0.0,0.0,0.0,0.0
13.0,471,0.0,0.0,0.0,0.0,0.0
13.0,472,0.0,0.0,0.0,0.0,0.0
13.0,473,0.0,0.0,0.0,0.0,0.0
13.0,474,0.0,0.0,0.0,0.0,0.0
13.0,475,0.0,0.0,0.0,0.0,0.0
13.0,476,0.0,0.0,0.0,0.0,0.0
13.0,477,0.0,0.0,0.0,0.0,0.0
13.0,478,0.0,0.0,0.0,0.0,0.0
13.0,479,0.0,0.0,0.0,0.0,0.0
13.0,480,0.0,0.0,0.0,0.0,0.0
13.0,481,0.0,0.0,0.0,0.0,0.0
13.0,482,0.0,0.0,0.0,0.0,0.0
13.0,483,0.0,0.0,0.0,0.0,0.0
13.0,484,0.0,0.0,0.0,0.0,0.0
13.0,485,0.0,0.0,0.0,0.0,0.0
13.0,486,0.0,0.0,0.0,0.0,0.0
13.0,487,0.0,0.0,0.0,0.0,0.0
13.0,488,0.0,0.0,0.0,0.0,0.0
13.0,489,0.0,0.0,0.0,0.0,0.0
13.0,490,0.0,0.0,0.0,0.0,0.0
13.0,491,0.0,0.0,0.0,0.0,0.0
13.0,492,0.0,0.0,0.0,0.0,0.0
13.0,493,0.0,0.0,0.0,0.0,0.0
13.0,494,0.0,0.0,0.0,0.0,0.0
13.0,495,0.0,0.0,0.0,0.0,0.0
13.0,496,0.0,0.0,0.0,0.0,0.0
13.0,497,0.0,0.0,0.0,0.0,0.0
13.0,498,0.0,0.0,0.0,0.0,0.0
13.0,499,0.0,0.0,0.0,0.0,0.0
13.0,500,0.0,0.0,0.0,0.0,0.0
13.0,501,0.0,0.0,0.0,0.0,0.0
13.0,502,0.0,0.0,0.0,0.0,0.0
13.0,503,0.0,0.0,0.0,0.0,0.0
13.0,504,0.0,0.0,0.0,0.0,0.0
13.0,505,0.0,0.0,0.0,0.0,0.0
13.0,506,0.0,0.0,0.0,0.0,0.0
13.0,507,0.0,0.0,0.0,0.0,0.0
13.0,508,0.0,0.0,0.0,0.0,0.0
13.0,509,0.0,0.0,0.0,0.0,0.0
13.0,510,0.0,0.0,0.0,0.0,0.0
13.0,511,0.0,0.0,0.0,0.0,0.0
13.0,512,0.0,0.0,0.0,0.0,0.0
13.0,513,0.0,0.0,0.0,0.0,0.0
13.0,514,0.0,0.0,0.0,0.0,0.0
13.0,515,0.0,0.0,0.0,0.0,0.0
13.0,516,0.0,0.0,0.0,0.0,0.0
13.0,517,0.0,0.0,0.0,0.0,0.0
13.0,518,0.0,0.0,0.0,0.0,0.0
13.0,519,0.0,0.0,0.0,0.0,0.0
13.0,520,0.0,0.0,0.0,0.0,0.0
13.0,521,0.0,0.0,0.0,0.0,0.0
13.0,522,0.0,0.0,0.0,0.0,0.0
13.0,523,0.0,0.0,0.0,0.0,0.0
13.0,524,0.0,0.0,0.0,0.0,0.0
13.0,525,0.0,0.0,0.0,0.0,0.0
13.0,526,0.0,0.0,0.0,0.0,0.0
13.0,527,0.0,0.0,0.0,0.0,0.0
13.0,528,0.0,0.0,0.0,0.0,0.0
13.0,529,0.0,0.0,0.0,0.0,0.0
13.0,530,0.0,0.0,0.0,0.0,0.0
13.0,531,0.0,0.0,0.0,0.0,0.0
13.0,532,0.0,0.0,0.0,0.0,0.0
13.0,533,0.0,0.0,0.0,0.0,0.0
13.0,534,0.0,0.0,0.0,0.0,0.0
13.0,535,0.0,0.0,0.0,0.0,0.0
13.0,536,0.0,0.0,0.0,0.0,0.0
13.0,537,0.0,0.0,0.0,0.0,0.0
13.0,538,0.0,0.0,0.0,0.0,0.0
13.0,539,0.0,0.0,0.0,0.0,0.0
13.0,540,0.0,0.0,0.0,0.0,0.0
13.0,541,0.0,0.0,0.0,0.0,0.0
13.0,542,0.0,0.0,0.0,0.0,0.0
13.0,543,0.0,0.0,0.0,0.0,0.0
13.0,544,0.0,0.0,0.0,0.0,0.0
13.0,545,0.0,0.0,0.0,0.0,0.0
13.0,546,0.0,0.0,0.0,0.0,0.0
13.0,547,0.0,0.0,0.0,0.0,0.0
13.0,548,0.0,0.0,0.0,0.0,0.0
13.0,549,0.0,0.0,0.0,0.0,0.0
13.0,550,0.0,0.0,0.0,0.0,0.0
13.0,551,0.0,0.0,0.0,0.0,0.0
13.0,552,0.0,0.0,0.0,0.0,0.0
13.0,553,0.0,0.0,0.0,0.0,0.0
13.0,554,0.0,0.0,0.0,0.0,0.0
13.0,555,0.0,0.0,0.0,0.0,0.0
13.0,556,0.0,0.0,0.0,0.0,0.0
13.0,557,0.0,0.0,0.0,0.0,0.0
13.0,558,0.0,0.0,0.0,0.0,0.0
13.0,559,0.0,0.0,0.0,0.0,0.0
13.0,560,0.0,0.0,0.0,0.0,0.0
13.0,561,0.0,0.0,0.0,0.0,0.0
13.0,562,0.0,0.0,0.0,0.0,0.0
13.0,563,0.0,0.0,0.0,0.0,0.0
13.0,564,0.0,0.0,0.0,0.0,0.0
13.0,565,0.0,0.0,0.0,0.0,0.0
13.0,566,0.0,0.0,0.0,0.0,0.0
13.0,567,0.0,0.0,0.0,0.0,0.0
13.0,568,0.0,0.0,0.0,0.0,0.0
13.0,569,0.0,0.0,0.0,0.0,0.0
13.0,570,0.0,0.0,0.0,0.0,0.0
13.0,571,0.0,0.0,0.0,0.0,0.0
13.0,572,0.0,0.0,0.0,0.0,0.0
13.0,573,0.0,0.0,0.0,0.0,0.0
13.0,574,0.0,0.0,0.0,0.0,0.0
13.0,575,0.0,0.0,0.0,0.0,0.0
13.0,576,0.0,0.0,0.0,0.0,0.0
13.0,577,0.0,0.0,0.0,0.0,0.0
13.0,578,0.0,0.0,0.0,0.0,0.0
13.0,579,0.0,0.0,0.0,0.0,0.0
13.0,580,0.0,0.0,0.0,0.0,0.0
13.0,581,0.0,0.0,0.0,0.0,0.0
13.0,582,0.0,0.0,0.0,0.0,0.0
13.0,583,0.0,0.0,0.0,0.0,0.0
13.0,584,0.0,0.0,0.0,0.0,0.0
13.0,585,0.0,0.0,0.0,0.0,0.0
13.0,586,0.0,0.0,0.0,0.0,0.0
13.0,587,0.0,0.0,0.0,0.0,0.0
13.0,588,0.0,0.0,0.0,0.0,0.0
13.0,589,0.0,0.0,0.0,0.0,0.0
13.0,590,0.0,0.0,0.0,0.0,0.0
13.0,591,0.0,0.0,0.0,0.0,0.0
13.0,592,0.0,0.0,0.0,0.0,0.0
13.0,593,0.0,0.0,0.0,0.0,0.0
13.0,594,0.0,0.0,0.0,0.0,0.0
13.0,595,0.0,0.0,0.0,0.0,0.0
13.0,596,0.0,0.0,0.0,0.0,0.0
13.0,597,0.0,0.0,0.0,0.0,0.0
13.0,598,0.0,0.0,0.0,0.0,0.0
13.0,599,0.0,0.0,0.0,0.0,0.0
13.0,600,0.0,0.0,0.0,0.0,0.0
13.0,601,0.0,0.0,0.0,0.0,0.0
13.0,602,0.0,0.0,0.0,0.0,0.0
13.0,603,0.0,0.0,0.0,0.0,0.0
13.0,604,0.0,0.0,0.0,0.0,0.0
13.0,605,0.0,0.0,0.0,0.0,0.0
13.0,606,0.0,0.0,0.0,0.0,0.0
13.0,607,0.0,0.0,0.0,0.0,0.0
13.0,608,0.0,0.0,0.0,0.0,0.0
13.0,609,0.0,0.0,0.0,0.0,0.0
13.0,610,0.0,0.0,0.0,0.0,0.0
13.0,611,0.0,0.0,0.0,0.0,0.0
13.0,612,0.0,0.0,0.0,0.0,0.0
13.0,613,0.0,0.0,0.0,0.0,0.0
13.0,614,0.0,0.0,0.0,0.0,0.0
13.0,615,0.0,0.0,0.0,0.0,0.0
13.0,616,0.0,0.0,0.0,0.0,0.0
13.0,617,0.0,0.0,0.0,0.0,0.0
13.0,618,0.0,0.0,0.0,0.0,0.0
13.0,619,0.0,0.0,0.0,0.0,0.0
13.0,620,0.0,0.0,0.0,0.0,0.0
13.0,621,0.0,0.0,0.0,0.0,0.0
13.0,622,0.0,0.0,0.0,0.0,0.0
13.0,623,0.0,0.0,0.0,0.0,0.0
13.0,624,0.0,0.0,0.0,0.0,0.0
13.0,625,0.0,0.0,0.0,0.0,0.0
13.0,626,0.0,0.0,0.0,0.0,0.0
13.0,627,0.0,0.0,0.0,0.0,0.0
13.0,628,0.0,0.0,0.0,0.0,0.0
13.0,629,0.0,0.0,0.0,0.0,0.0
13.0,630,0.0,0.0,0.0,0.0,0.0
13.0,631,0.0,0.0,0.0,0.0,0.0
13.0,632,0.0,0.0,0.0,0.0,0.0
13.0,633,0.0,0.0,0.0,0.0,0.0
13.0,634,0.0,0.0,0.0,0.0,0.0
13.0,635,0.0,0.0,0.0,0.0,0.0
13.0,636,0.0,0.0,0.0,0.0,0.0
13.0,637,0.0,0.0,0.0,0.0,0.0
13.0,638,0.0,0.0,0.0,0.0,0.0
13.0,639,0.0,0.0,0.0,0.0,0.0
13.0,640,0.0,0.0,0.0,0.0,0.0
13.0,641,0.0,0.0,0.0,0.0,0.0
13.0,642,0.0,0.0,0.0,0.0,0.0
13.0,643,0.0,0.0,0.0,0.0,0.0
13.0,644,0.0,0.0,0.0,0.0,0.0
13.0,645,0.0,0.0,0.0,0.0,0.0
13.0,646,0.0,0.0,0.0,0.0,0.0
13.0,647,0.0,0.0,0.0,0.0,0.0
13.0,648,0.0,0.0,0.0,0.0,0.0
13.0,649,0.0,0.0,0.0,0.0,0.0
13.0,650,0.0,0.0,0.0,0.0,0.0
13.0,651,0.0,0.0,0.0,0.0,0.0
13.0,652,0.0,0.0,0.0,0.0,0.0
13.0,653,0.0,0.0,0.0,0.0,0.0
13.0,654,0.0,0.0,0.0,0.0,0.0
13.0,655,0.0,0.0,0.0,0.0,0.0
13.0,656,0.0,0.0,0.0,0.0,0.0
13.0,657,0.0,0.0,0.0,0.0,0.0
13.0,658,0.0,0.0,0.0,0.0,0.0
13.0,659,0.0,0.0,0.0,0.0,0.0
13.0,660,0.0,0.0,0.0,0.0,0.0
13.0,661,0.0,0.0,0.0,0.0,0.0
13.0,662,0.0,0.0,0.0,0.0,0.0
13.0,663,0.0,0.0,0.0,0.0,0.0
13.0,664,0.0,0.0,0.0,0.0,0.0
13.0,665,0.0,0.0,0.0,0.0,0.0
13.0,666,0.0,0.0,0.0,0.0,0.0
13.0,667,0.0,0.0,0.0,0.0,0.0
13.0,668,0.0,0.0,0.0,0.0,0.0
13.0,669,0.0,0.0,0.0,0.0,0.0
13.0,670,0.0,0.0,0.0,0.0,0.0
13.0,671,0.0,0.0,0.0,0.0,0.0
13.0,672,0.0,0.0,0.0,0.0,0.0
13.0,673,0.0,0.0,0.0,0.0,0.0
13.0,674,0.0,0.0,0.0,0.0,0.0
13.0,675,0.0,0.0,0.0,0.0,0.0
13.0,676,0.0,0.0,0.0,0.0,0.0
13.0,677,0.0,0.0,0.0,0.0,0.0
13.0,678,0.0,0.0,0.0,0.0,0.0
13.0,679,0.0,0.0,0.0,0.0,0.0
13.0,680,0.0,0.0,0.0,0.0,0.0
13.0,681,0.0,0.0,0.0,0.0,0.0
13.0,682,0.0,0.0,0.0,0.0,0.0
13.0,683,0.0,0.0,0.0,0.0,0.0
13.0,684,0.0,0.0,0.0,0.0,0.0
13.0,685,0.0,0.0,0.0,0.0,0.0
13.0,686,0.0,0.0,0.0,0.0,0.0
13.0,687,0.0,0.0,0.0,0.0,0.0
13.0,688,0.0,0.0,0.0,0.0,0.0
13.0,689,0.0,0.0,0.0,0.0,0.0
13.0,690,0.0,0.0,0.0,0.0,0.0
13.0,691,0.0,0.0,0.0,0.0,0.0
13.0,692,0.0,0.0,0.0,0.0,0.0
13.0,693,0.0,0.0,0.0,0.0,0.0
13.0,694,0.0,0.0,0.0,0.0,0.0
13.0,695,0.0,0.0,0.0,0.0,0.0
13.0,696,0.0,0.0,0.0,0.0,0.0
13.0,697,0.0,0.0,0.0,0.0,0.0
13.0,698,0.0,0.0,0.0,0.0,0.0
13.0,699,0.0,0.0,0.0,0.0,0.0
13.0,700,0.0,0.0,0.0,0.0,0.0
13.0,701,0.0,0.0,0.0,0.0,0.0
13.0,702,0.0,0.0,0.0,0.0,0.0
13.0,703,0.0,0.0,0.0,0.0,0.0
13.0,704,0.0,0.0,0.0,0.0,0.0
13.0,705,0.0,0.0,0.0,0.0,0.0
13.0,706,0.0,0.0,0.0,0.0,0.0
13.0,707,0.0,0.0,0.0,0.0,0.0
13.0,708,0.0,0.0,0.0,0.0,0.0
13.0,709,0.0,0.0,0.0,0.0,0.0
13.0,710,0.0,0.0,0.0,0.0,0.0
13.0,711,0.0,0.0,0.0,0.0,0.0
13.0,712,0.0,0.0,0.0,0.0,0.0
13.0,713,0.0,0.0,0.0,0.0,0.0
13.0,714,0.0,0.0,0.0,0.0,0.0
13.0,715,0.0,0.0,0.0,0.0,0.0
13.0,716,0.0,0.0,0.0,0.0,0.0
13.0,717,0.0,0.0,0.0,0.0,0.0
13.0,718,0.0,0.0,0.0,0.0,0.0
13.0,719,0.0,0.0,0.0,0.0,0.0
13.0,720,0.0,0.0,0.0,0.0,0.0
13.0,721,0.0,0.0,0.0,0.0,0.0
13.0,722,0.0,0.0,0.0,0.0,0.0
13.0,723,0.0,0.0,0.0,0.0,0.0
13.0,724,0.0,0.0,0.0,0.0,0.0
13.0,725,0.0,0.0,0.0,0.0,0.0
13.0,726,0.0,0.0,0.0,0.0,0.0
13.0,727,0.0,0.0,0.0,0.0,0.0
13.0,728,0.0,0.0,0.0,0.0,0.0
13.0,729,0.0,0.0,0.0,0.0,0.0
13.0,730,0.0,0.0,0.0,0.0,0.0
13.0,731,0.0,0.0,0.0,0.0,0.0
13.0,732,0.0,0.0,0.0,0.0,0.0
13.0,733,0.0,0.0,0.0,0.0,0.0
13.0,734,0.0,0.0,0.0,0.0,0.0
13.0,735,0.0,0.0,0.0,0.0,0.0
13.0,736,0.0,0.0,0.0,0.0,0.0
13.0,737,0.0,0.0,0.0,0.0,0.0
13.0,738,0.0,0.0,0.0,0.0,0.0
13.0,739,0.0,0.0,0.0,0.0,0.0
13.0,740,0.0,0.0,0.0,0.0,0.0
13.0,741,0.0,0.0,0.0,0.0,0.0
13.0,742,0.0,0.0,0.0,0.0,0.0
13.0,743,0.0,0.0,0.0,0.0,0.0
13.0,744,0.0,0.0,0.0,0.0,0.0
13.0,745,0.0,0.0,0.0,0.0,0.0
13.0,746,0.0,0.0,0.0,0.0,0.0
13.0,747,0.0,0.0,0.0,0.0,0.0
13.0,748,0.0,0.0,0.0,0.0,0.0
13.0,749,0.0,0.0,0.0,0.0,0.0
13.0,750,0.0,0.0,0.0,0.0,0.0
13.0,751,0.0,0.0,0.0,0.0,0.0
13.0,752,0.0,0.0,0.0,0.0,0.0
13.0,753,0.0,0.0,0.0,0.0,0.0
13.0,754,0.0,0.0,0.0,0.0,0.0
13.0,755,0.0,0.0,0.0,0.0,0.0
13.0,756,0.0,0.0,0.0,0.0,0.0
13.0,757,0.0,0.0,0.0,0.0,0.0
13.0,758,0.0,0.0,0.0,0.0,0.0
13.0,759,0.0,0.0,0.0,0.0,0.0
13.0,760,0.0,0.0,0.0,0.0,0.0
13.0,761,0.0,0.0,0.0,0.0,0.0
13.0,762,0.0,0.0,0.0,0.0,0.0
13.0,763,0.0,0.0,0.0,0.0,0.0
13.0,764,0.0,0.0,0.0,0.0,0.0
13.0,765,0.0,0.0,0.0,0.0,0.0
13.0,766,0.0,0.0,0.0,0.0,0.0
13.0,767,0.0,0.0,0.0,0.0,0.0
13.0,768,0.0,0.0,0.0,0.0,0.0
13.0,769,0.0,0.0,0.0,0.0,0.0
13.0,770,0.0,0.0,0.0,0.0,0.0
13.0,771,0.0,0.0,0.0,0.0,0.0
13.0,772,0.0,0.0,0.0,0.0,0.0
13.0,773,0.0,0.0,0.0,0.0,0.0
13.0,774,0.0,0.0,0.0,0.0,0.0
13.0,775,0.0,0.0,0.0,0.0,0.0
13.0,776,0.0,0.0,0.0,0.0,0.0
13.0,777,0.0,0.0,0.0,0.0,0.0
13.0,778,0.0,0.0,0.0,0.0,0.0
13.0,779,0.0,0.0,0.0,0.0,0.0
13.0,780,0.0,0.0,0.0,0.0,0.0
13.0,781,0.0,0.0,0.0,0.0,0.0
13.0,782,0.0,0.0,0.0,0.0,0.0
13.0,783,0.0,0.0,0.0,0.0,0.0
13.0,784,0.0,0.0,0.0,0.0,0.0
13.0,785,0.0,0.0,0.0,0.0,0.0
13.0,786,0.0,0.0,0.0,0.0,0.0
13.0,787,0.0,0.0,0.0,0.0,0.0
13.0,788,0.0,0.0,0.0,0.0,0.0
13.0,789,0.0,0.0,0.0,0.0,0.0
13.0,790,0.0,0.0,0.0,0.0,0.0
13.0,791,0.0,0.0,0.0,0.0,0.0
13.0,792,0.0,0.0,0.0,0.0,0.0
13.0,793,0.0,0.0,0.0,0.0,0.0
13.0,794,0.0,0.0,0.0,0.0,0.0
13.0,795,0.0,0.0,0.0,0.0,0.0
13.0,796,0.0,0.0,0.0,0.0,0.0
13.0,797,0.0,0.0,0.0,0.0,0.0
13.0,798,0.0,0.0,0.0,0.0,0.0
13.0,799,0.0,0.0,0.0,0.0,0.0
13.0,800,0.0,0.0,0.0,0.0,0.0
13.0,801,0.0,0.0,0.0,0.0,0.0
13.0,802,0.0,0.0,0.0,0.0,0.0
13.0,803,0.0,0.0,0.0,0.0,0.0
13.0,804,0.0,0.0,0.0,0.0,0.0
13.0,805,0.0,0.0,0.0,0.0,0.0
13.0,806,0.0,0.0,0.0,0.0,0.0
13.0,807,0.0,0.0,0.0,0.0,0.0
13.0,808,0.0,0.0,0.0,0.0,0.0
13.0,809,0.0,0.0,0.0,0.0,0.0
13.0,810,0.0,0.0,0.0,0.0,0.0
13.0,811,0.0,0.0,0.0,0.0,0.0
13.0,812,0.0,0.0,0.0,0.0,0.0
13.0,813,0.0,0.0,0.0,0.0,0.0
13.0,814,0.0,0.0,0.0,0.0,0.0
13.0,815,0.0,0.0,0.0,0.0,0.0
13.0,816,0.0,0.0,0.0,0.0,0.0
13.0,817,0.0,0.0,0.0,0.0,0.0
13.0,818,0.0,0.0,0.0,0.0,0.0
13.0,819,0.0,0.0,0.0,0.0,0.0
13.0,820,0.0,0.0,0.0,0.0,0.0
13.0,821,0.0,0.0,0.0,0.0,0.0
13.0,822,0.0,0.0,0.0,0.0,0.0
13.0,823,0.0,0.0,0.0,0.0,0.0
13.0,824,0.0,0.0,0.0,0.0,0.0
13.0,825,0.0,0.0,0.0,0.0,0.0
13.0,826,0.0,0.0,0.0,0.0,0.0
13.0,827,0.0,0.0,0.0,0.0,0.0
13.0,828,0.0,0.0,0.0,0.0,0.0
13.0,829,0.0,0.0,0.0,0.0,0.0
13.0,830,0.0,0.0,0.0,0.0,0.0
13.0,831,0.0,0.0,0.0,0.0,0.0
13.0,832,0.0,0.0,0.0,0.0,0.0
13.0,833,0.0,0.0,0.0,0.0,0.0
13.0,834,0.0,0.0,0.0,0.0,0.0
13.0,835,0.0,0.0,0.0,0.0,0.0
13.0,836,0.0,0.0,0.0,0.0,0.0
13.0,837,0.0,0.0,0.0,0.0,0.0
13.0,838,0.0,0.0,0.0,0.0,0.0
13.0,839,0.0,0.0,0.0,0.0,0.0
13.0,840,0.0,0.0,0.0,0.0,0.0
13.0,841,0.0,0.0,0.0,0.0,0.0
13.0,842,0.0,0.0,0.0,0.0,0.0
13.0,843,0.0,0.0,0.0,0.0,0.0
13.0,844,0.0,0.0,0.0,0.0,0.0
13.0,845,0.0,0.0,0.0,0.0,0.0
13.0,846,0.0,0.0,0.0,0.0,0.0
13.0,847,0.0,0.0,0.0,0.0,0.0
13.0,848,0.0,0.0,0.0,0.0,0.0
13.0,849,0.0,0.0,0.0,0.0,0.0
13.0,850,0.0,0.0,0.0,0.0,0.0
13.0,851,0.0,0.0,0.0,0.0,0.0
13.0,852,0.0,0.0,0.0,0.0,0.0
13.0,853,0.0,0.0,0.0,0.0,0.0
13.0,854,0.0,0.0,0.0,0.0,0.0
13.0,855,0.0,0.0,0.0,0.0,0.0
13.0,856,0.0,0.0,0.0,0.0,0.0
13.0,857,0.0,0.0,0.0,0.0,0.0
13.0,858,0.0,0.0,0.0,0.0,0.0
13.0,859,0.0,0.0,0.0,0.0,0.0
13.0,860,0.0,0.0,0.0,0.0,0.0
13.0,861,0.0,0.0,0.0,0.0,0.0
13.0,862,0.0,0.0,0.0,0.0,0.0
13.0,863,0.0,0.0,0.0,0.0,0.0
13.0,864,0.0,0.0,0.0,0.0,0.0
13.0,865,0.0,0.0,0.0,0.0,0.0
13.0,866,0.0,0.0,0.0,0.0,0.0
13.0,867,0.0,0.0,0.0,0.0,0.0
13.0,868,0.0,0.0,0.0,0.0,0.0
13.0,869,0.0,0.0,0.0,0.0,0.0
13.0,870,0.0,0.0,0.0,0.0,0.0
13.0,871,0.0,0.0,0.0,0.0,0.0
13.0,872,0.0,0.0,0.0,0.0,0.0
13.0,873,0.0,0.0,0.0,0.0,0.0
13.0,874,0.0,0.0,0.0,0.0,0.0
13.0,875,0.0,0.0,0.0,0.0,0.0
13.0,876,0.0,0.0,0.0,0.0,0.0
13.0,877,0.0,0.0,0.0,0.0,0.0
13.0,878,0.0,0.0,0.0,0.0,0.0
13.0,879,0.0,0.0,0.0,0.0,0.0
13.0,880,0.0,0.0,0.0,0.0,0.0
13.0,881,0.0,0.0,0.0,0.0,0.0
13.0,882,0.0,0.0,0.0,0.0,0.0
13.0,883,0.0,0.0,0.0,0.0,0.0
13.0,884,0.0,0.0,0.0,0.0,0.0
13.0,885,0.0,0.0,0.0,0.0,0.0
13.0,886,0.0,0.0,0.0,0.0,0.0
13.0,887,0.0,0.0,0.0,0.0,0.0
13.0,888,0.0,0.0,0.0,0.0,0.0
13.0,889,0.0,0.0,0.0,0.0,0.0
13.0,890,0.0,0.0,0.0,0.0,0.0
13.0,891,0.0,0.0,0.0,0.0,0.0
13.0,892,0.0,0.0,0.0,0.0,0.0
13.0,893,0.0,0.0,0.0,0.0,0.0
13.0,894,0.0,0.0,0.0,0.0,0.0
13.0,895,0.0,0.0,0.0,0.0,0.0
13.0,896,0.0,0.0,0.0,0.0,0.0
13.0,897,0.0,0.0,0.0,0.0,0.0
13.0,898,0.0,0.0,0.0,0.0,0.0
13.0,899,0.0,0.0,0.0,0.0,0.0
13.0,900,0.0,0.0,0.0,0.0,0.0
13.0,901,0.0,0.0,0.0,0.0,0.0
13.0,902,0.0,0.0,0.0,0.0,0.0
13.0,903,0.0,0.0,0.0,0.0,0.0
13.0,904,0.0,0.0,0.0,0.0,0.0
13.0,905,0.0,0.0,0.0,0.0,0.0
13.0,906,0.0,0.0,0.0,0.0,0.0
13.0,907,0.0,0.0,0.0,0.0,0.0
13.0,908,0.0,0.0,0.0,0.0,0.0
13.0,909,0.0,0.0,0.0,0.0,0.0
13.0,910,0.0,0.0,0.0,0.0,0.0
13.0,911,0.0,0.0,0.0,0.0,0.0
13.0,912,0.0,0.0,0.0,0.0,0.0
13.0,913,0.0,0.0,0.0,0.0,0.0
13.0,914,0.0,0.0,0.0,0.0,0.0
13.0,915,0.0,0.0,0.0,0.0,0.0
13.0,916,0.0,0.0,0.0,0.0,0.0
13.0,917,0.0,0.0,0.0,0.0,0.0
13.0,918,0.0,0.0,0.0,0.0,0.0
13.0,919,0.0,0.0,0.0,0.0,0.0
13.0,920,0.0,0.0,0.0,0.0,0.0
13.0,921,0.0,0.0,0.0,0.0,0.0
13.0,922,0.0,0.0,0.0,0.0,0.0
13.0,923,0.0,0.0,0.0,0.0,0.0
13.0,924,0.0,0.0,0.0,0.0,0.0
13.0,925,0.0,0.0,0.0,0.0,0.0
13.0,926,0.0,0.0,0.0,0.0,0.0
13.0,927,0.0,0.0,0.0,0.0,0.0
13.0,928,0.0,0.0,0.0,0.0,0.0
13.0,929,0.0,0.0,0.0,0.0,0.0
13.0,930,0.0,0.0,0.0,0.0,0.0
13.0,931,0.0,0.0,0.0,0.0,0.0
13.0,932,0.0,0.0,0.0,0.0,0.0
13.0,933,0.0,0.0,0.0,0.0,0.0
13.0,934,0.0,0.0,0.0,0.0,0.0
13.0,935,0.0,0.0,0.0,0.0,0.0
13.0,936,0.0,0.0,0.0,0.0,0.0
13.0,937,0.0,0.0,0.0,0.0,0.0
13.0,938,0.0,0.0,0.0,0.0,0.0
13.0,939,0.0,0.0,0.0,0.0,0.0
13.0,940,0.0,0.0,0.0,0.0,0.0
13.0,941,0.0,0.0,0.0,0.0,0.0
13.0,942,0.0,0.0,0.0,0.0,0.0
13.0,943,0.0,0.0,0.0,0.0,0.0
13.0,944,0.0,0.0,0.0,0.0,0.0
13.0,945,0.0,0.0,0.0,0.0,0.0
13.0,946,0.0,0.0,0.0,0.0,0.0
13.0,947,0.0,0.0,0.0,0.0,0.0
13.0,948,0.0,0.0,0.0,0.0,0.0
13.0,949,0.0,0.0,0.0,0.0,0.0
13.0,950,0.0,0.0,0.0,0.0,0.0
13.0,951,0.0,0.0,0.0,0.0,0.0
13.0,952,0.0,0.0,0.0,0.0,0.0
13.0,953,0.0,0.0,0.0,0.0,0.0
13.0,954,0.0,0.0,0.0,0.0,0.0
13.0,955,0.0,0.0,0.0,0.0,0.0
13.0,956,0.0,0.0,0.0,0.0,0.0
13.0,957,0.0,0.0,0.0,0.0,0.0
13.0,958,0.0,0.0,0.0,0.0,0.0
13.0,959,0.0,0.0,0.0,0.0,0.0
13.0,960,0.0,0.0,0.0,0.0,0.0
13.0,961,0.0,0.0,0.0,0.0,0.0
13.0,962,0.0,0.0,0.0,0.0,0.0
13.0,963,0.0,0.0,0.0,0.0,0.0
13.0,964,0.0,0.0,0.0,0.0,0.0
13.0,965,0.0,0.0,0.0,0.0,0.0
13.0,966,0.0,0.0,0.0,0.0,0.0
13.0,967,0.0,0.0,0.0,0.0,0.0
13.0,968,0.0,0.0,0.0,0.0,0.0
13.0,969,0.0,0.0,0.0,0.0,0.0
13.0,970,0.0,0.0,0.0,0.0,0.0
13.0,971,0.0,0.0,0.0,0.0,0.0
13.0,972,0.0,0.0,0.0,0.0,0.0
13.0,973,0.0,0.0,0.0,0.0,0.0
13.0,974,0.0,0.0,0.0,0.0,0.0
13.0,975,0.0,0.0,0.0,0.0,0.0
13.0,976,0.0,0.0,0.0,0.0,0.0
13.0,977,0.0,0.0,0.0,0.0,0.0
13.0,978,0.0,0.0,0.0,0.0,0.0
13.0,979,0.0,0.0,0.0,0.0,0.0
13.0,980,0.0,0.0,0.0,0.0,0.0
13.0,981,0.0,0.0,0.0,0.0,0.0
13.0,982,0.0,0.0,0.0,0.0,0.0
13.0,983,0.0,0.0,0.0,0.0,0.0
13.0,984,0.0,0.0,0.0,0.0,0.0
13.0,985,0.0,0.0,0.0,0.0,0.0
13.0,986,0.0,0.0,0.0,0.0,0.0
13.0,987,0.0,0.0,0.0,0.0,0.0
13.0,988,0.0,0.0,0.0,0.0,0.0
13.0,989,0.0,0.0,0.0,0.0,0.0
13.0,990,0.0,0.0,0.0,0.0,0.0
13.0,991,0.0,0.0,0.0,0.0,0.0
13.0,992,0.0,0.0,0.0,0.0,0.0
13.0,993,0.0,0.0,0.0,0.0,0.0
13.0,994,0.0,0.0,0.0,0.0,0.0
13.0,995,0.0,0.0,0.0,0.0,0.0
13.0,996,0.0,0.0,0.0,0.0,0.0
13.0,997,0.0,0.0,0.0,0.0,0.0
13.0,998,0.0,0.0,0.0,0.0,0.0
13.0,999,0.0,0.0,0.0,0.0,0.0
13.0,1000,0.0,0.0,0.0,0.0,0.0
18.0,1,0.0,0.0,0.0,0.0,0.0
18.0,2,0.0,0.0,0.0,0.0,0.0
18.0,3,0.0,0.0,0.0,0.0,0.0
18.0,4,1.6666666666666667,1.3333333333333333,2.3333333333333335,3.0,6.0
18.0,5,1.3333333333333333,2.0,2.3333333333333335,3.0,6.0
18.0,6,1.6666666666666667,1.6666666666666667,0.0,0.0,0.0
18.0,7,1.0,2.0,2.3333333333333335,3.0,6.333333333333333
18.0,8,1.6666666666666667,1.6666666666666667,2.6666666666666665,3.0,6.0
18.0,9,0.0,0.0,0.0,0.0,0.0
18.0,10,1.6666666666666667,2.0,2.3333333333333335,2.6666666666666665,6.333333333333333
18.0,11,0.0,0.0,0.0,0.0,0.0
18.0,12,0.0,0.0,0.0,0.0,0.0
18.0,13,1.0,0.0,0.0,0.0,0.0
18.0,14,1.6666666666666667,1.6666666666666667,2.6666666666666665,3.0,6.0
18.0,15,1.3333333333333333,2.0,2.6666666666666665,3.0,6.333333333333333
18.0,16,1.6666666666666667,2.0,0.0,0.0,0.0
18.0,17,1.6666666666666667,2.0,3.0,3.0,5.666666666666667
18.0,18,1.6666666666666667,1.6666666666666667,3.0,3.0,5.666666666666667
18.0,19,0.0,0.0,0.0,0.0,0.0
18.0,20,0.0,0.0,0.0,0.0,0.0
18.0,21,1.3333333333333333,2.0,3.0,3.0,6.0
18.0,22,1.6666666666666667,0.0,0.0,0.0,0.0
18.0,23,1.6666666666666667,0.0,0.0,0.0,0.0
18.0,24,1.3333333333333333,2.0,3.0,2.6666666666666665,6.0
18.0,25,0.0,0.0,0.0,0.0,0.0
18.0,26,1.6666666666666667,2.0,3.3333333333333335,0.0,0.0
18.0,27,1.3333333333333333,2.0,3.0,2.6666666666666665,5.666666666666667
18.0,28,1.3333333333333333,2.3333333333333335,3.0,2.6666666666666665,6.0
18.0,29,1.6666666666666667,0.0,0.0,0.0,0.0
18.0,30,1.6666666666666667,2.0,3.0,2.6666666666666665,5.666666666666667
18.0,31,1.3333333333333333,0.0,0.0,0.0,0.0
18.0,32,1.3333333333333333,2.0,3.0,3.0,5.333333333333333
18.0,33,1.6666666666666667,2.3333333333333335,2.6666666666666665,2.6666666666666665,5.666666666666667
18.0,34,1.6666666666666667,2.0,3.0,2.6666666666666665,5.666666666666667
18.0,35,0.0,0.0,0.0,0.0,0.0
18.0,36,1.6666666666666667,2.0,3.0,2.6666666666666665,5.333333333333333
18.0,37,1.0,2.3333333333333335,3.0,2.6666666666666665,5.333333333333333
18.0,38,1.6666666666666667,2.3333333333333335,2.6666666666666665,3.0,5.333333333333333
18.0,39,1.6666666666666667,2.0,3.0,3.0,5.333333333333333
18.0,40,1.6666666666666667,2.3333333333333335,3.0,2.6666666666666665,5.0
18.0,41,1.6666666666666667,2.0,3.3333333333333335,3.0,5.0
18.0,42,1.6666666666666667,2.0,3.0,2.6666666666666665,5.333333333333333
18.0,43,0.6666666666666666,0.0,0.0,0.0,0.0
18.0,44,1.0,2.3333333333333335,3.0,2.6666666666666665,5.666666666666667
18.0,45,1.6666666666666667,2.3333333333333335,3.0,2.6666666666666665,5.333333333333333
18.0,46,1.6666666666666667,2.3333333333333335,0.0,0.0,0.0
18.0,47,1.3333333333333333,2.3333333333333335,3.3333333333333335,2.6666666666666665,5.333333333333333
18.0,48,0.0,0.0,0.0,0.0,0.0
18.0,49,1.6666666666666667,2.0,2.6666666666666665,3.0,5.666666666666667
18.0,50,1.6666666666666667,2.0,3.0,3.0,5.666666666666667
18.0,51,0.0,0.0,0.0,0.0,0.0
18.0,52,0.0,0.0,0.0,0.0,0.0
18.0,53,0.0,0.0,0.0,0.0,0.0
18.0,54,0.0,0.0,0.0,0.0,0.0
18.0,55,0.0,0.0,0.0,0.0,0.0
18.0,56,0.0,0.0,0.0,0.0,0.0
18.0,57,0.0,0.0,0.0,0.0,0.0
18.0,58,0.0,0.0,0.0,0.0,0.0
18.0,59,0.0,0.0,0.0,0.0,0.0
18.0,60,0.0,0.0,0.0,0.0,0.0
18.0,61,0.0,0.0,0.0,0.0,0.0
18.0,62,0.0,0.0,0.0,0.0,0.0
18.0,63,0.0,0.0,0.0,0.0,0.0
18.0,64,0.0,0.0,0.0,0.0,0.0
18.0,65,0.0,0.0,0.0,0.0,0.0
18.0,66,0.0,0.0,0.0,0.0,0.0
18.0,67,0.0,0.0,0.0,0.0,0.0
18.0,68,0.0,0.0,0.0,0.0,0.0
18.0,69,0.0,0.0,0.0,0.0,0.0
18.0,70,0.0,0.0,0.0,0.0,0.0
18.0,71,0.0,0.0,0.0,0.0,0.0
18.0,72,0.0,0.0,0.0,0.0,0.0
18.0,73,0.0,0.0,0.0,0.0,0.0
18.0,74,0.0,0.0,0.0,0.0,0.0
18.0,75,0.0,0.0,0.0,0.0,0.0
18.0,76,0.0,0.0,0.0,0.0,0.0
18.0,77,0.0,0.0,0.0,0.0,0.0
18.0,78,0.0,0.0,0.0,0.0,0.0
18.0,79,0.0,0.0,0.0,0.0,0.0
18.0,80,0.0,0.0,0.0,0.0,0.0
18.0,81,0.0,0.0,0.0,0.0,0.0
18.0,82,0.0,0.0,0.0,0.0,0.0
18.0,83,0.0,0.0,0.0,0.0,0.0
18.0,84,0.0,0.0,0.0,0.0,0.0
18.0,85,0.0,0.0,0.0,0.0,0.0
18.0,86,0.0,0.0,0.0,0.0,0.0
18.0,87,0.0,0.0,0.0,0.0,0.0
18.0,88,0.0,0.0,0.0,0.0,0.0
18.0,89,0.0,0.0,0.0,0.0,0.0
18.0,90,0.0,0.0,0.0,0.0,0.0
18.0,91,0.0,0.0,0.0,0.0,0.0
18.0,92,0.0,0.0,0.0,0.0,0.0
18.0,93,0.0,0.0,0.0,0.0,0.0
18.0,94,0.0,0.0,0.0,0.0,0.0
18.0,95,0.0,0.0,0.0,0.0,0.0
18.0,96,0.0,0.0,0.0,0.0,0.0
18.0,97,0.0,0.0,0.0,0.0,0.0
18.0,98,0.0,0.0,0.0,0.0,0.0
18.0,99,0.0,0.0,0.0,0.0,0.0
18.0,100,0.0,0.0,0.0,0.0,0.0
18.0,101,0.0,0.0,0.0,0.0,0.0
18.0,102,0.0,0.0,0.0,0.0,0.0
18.0,103,0.0,0.0,0.0,0.0,0.0
18.0,104,0.0,0.0,0.0,0.0,0.0
18.0,105,0.0,0.0,0.0,0.0,0.0
18.0,106,0.0,0.0,0.0,0.0,0.0
18.0,107,0.0,0.0,0.0,0.0,0.0
18.0,108,0.0,0.0,0.0,0.0,0.0
18.0,109,0.0,0.0,0.0,0.0,0.0
18.0,110,0.0,0.0,0.0,0.0,0.0
18.0,111,0.0,0.0,0.0,0.0,0.0
18.0,112,0.0,0.0,0.0,0.0,0.0
18.0,113,0.0,0.0,0.0,0.0,0.0
18.0,114,0.0,0.0,0.0,0.0,0.0
18.0,115,0.0,0.0,0.0,0.0,0.0
18.0,116,0.0,0.0,0.0,0.0,0.0
18.0,117,0.0,0.0,0.0,0.0,0.0
18.0,118,0.0,0.0,0.0,0.0,0.0
18.0,119,0.0,0.0,0.0,0.0,0.0
18.0,120,0.0,0.0,0.0,0.0,0.0
18.0,121,0.0,0.0,0.0,0.0,0.0
18.0,122,0.0,0.0,0.0,0.0,0.0
18.0,123,0.0,0.0,0.0,0.0,0.0
18.0,124,0.0,0.0,0.0,0.0,0.0
18.0,125,0.0,0.0,0.0,0.0,0.0
18.0,126,0.0,0.0,0.0,0.0,0.0
18.0,127,0.0,0.0,0.0,0.0,0.0
18.0,128,0.0,0.0,0.0,0.0,0.0
18.0,129,0.0,0.0,0.0,0.0,0.0
18.0,130,0.0,0.0,0.0,0.0,0.0
18.0,131,0.0,0.0,0.0,0.0,0.0
18.0,132,0.0,0.0,0.0,0.0,0.0
18.0,133,0.0,0.0,0.0,0.0,0.0
18.0,134,0.0,0.0,0.0,0.0,0.0
18.0,135,0.0,0.0,0.0,0.0,0.0
18.0,136,0.0,0.0,0.0,0.0,0.0
18.0,137,0.0,0.0,0.0,0.0,0.0
18.0,138,0.0,0.0,0.0,0.0,0.0
18.0,139,0.0,0.0,0.0,0.0,0.0
18.0,140,0.0,0.0,0.0,0.0,0.0
18.0,141,0.0,0.0,0.0,0.0,0.0
18.0,142,0.0,0.0,0.0,0.0,0.0
18.0,143,0.0,0.0,0.0,0.0,0.0
18.0,144,0.0,0.0,0.0,0.0,0.0
18.0,145,0.0,0.0,0.0,0.0,0.0
18.0,146,0.0,0.0,0.0,0.0,0.0
18.0,147,0.0,0.0,0.0,0.0,0.0
18.0,148,0.0,0.0,0.0,0.0,0.0
18.0,149,0.0,0.0,0.0,0.0,0.0
18.0,150,0.0,0.0,0.0,0.0,0.0
18.0,151,0.0,0.0,0.0,0.0,0.0
18.0,152,0.0,0.0,0.0,0.0,0.0
18.0,153,0.0,0.0,0.0,0.0,0.0
18.0,154,0.0,0.0,0.0,0.0,0.0
18.0,155,0.0,0.0,0.0,0.0,0.0
18.0,156,0.0,0.0,0.0,0.0,0.0
18.0,157,0.0,0.0,0.0,0.0,0.0
18.0,158,0.0,0.0,0.0,0.0,0.0
18.0,159,0.0,0.0,0.0,0.0,0.0
18.0,160,0.0,0.0,0.0,0.0,0.0
18.0,161,0.0,0.0,0.0,0.0,0.0
18.0,162,0.0,0.0,0.0,0.0,0.0
18.0,163,0.0,0.0,0.0,0.0,0.0
18.0,164,0.0,0.0,0.0,0.0,0.0
18.0,165,0.0,0.0,0.0,0.0,0.0
18.0,166,0.0,0.0,0.0,0.0,0.0
18.0,167,0.0,0.0,0.0,0.0,0.0
18.0,168,0.0,0.0,0.0,0.0,0.0
18.0,169,0.0,0.0,0.0,0.0,0.0
18.0,170,0.0,0.0,0.0,0.0,0.0
18.0,171,0.0,0.0,0.0,0.0,0.0
18.0,172,0.0,0.0,0.0,0.0,0.0
18.0,173,0.0,0.0,0.0,0.0,0.0
18.0,174,0.0,0.0,0.0,0.0,0.0
18.0,175,0.0,0.0,0.0,0.0,0.0
18.0,176,0.0,0.0,0.0,0.0,0.0
18.0,177,0.0,0.0,0.0,0.0,0.0
18.0,178,0.0,0.0,0.0,0.0,0.0
18.0,179,0.0,0.0,0.0,0.0,0.0
18.0,180,0.0,0.0,0.0,0.0,0.0
18.0,181,0.0,0.0,0.0,0.0,0.0
18.0,182,0.0,0.0,0.0,0.0,0.0
18.0,183,0.0,0.0,0.0,0.0,0.0
18.0,184,0.0,0.0,0.0,0.0,0.0
18.0,185,0.0,0.0,0.0,0.0,0.0
18.0,186,0.0,0.0,0.0,0.0,0.0
18.0,187,0.0,0.0,0.0,0.0,0.0
18.0,188,0.0,0.0,0.0,0.0,0.0
18.0,189,0.0,0.0,0.0,0.0,0.0
18.0,190,0.0,0.0,0.0,0.0,0.0
18.0,191,0.0,0.0,0.0,0.0,0.0
18.0,192,0.0,0.0,0.0,0.0,0.0
18.0,193,0.0,0.0,0.0,0.0,0.0
18.0,194,0.0,0.0,0.0,0.0,0.0
18.0,195,0.0,0.0,0.0,0.0,0.0
18.0,196,0.0,0.0,0.0,0.0,0.0
18.0,197,0.0,0.0,0.0,0.0,0.0
18.0,198,0.0,0.0,0.0,0.0,0.0
18.0,199,0.0,0.0,0.0,0.0,0.0
18.0,200,0.0,0.0,0.0,0.0,0.0
18.0,201,0.0,0.0,0.0,0.0,0.0
18.0,202,0.0,0.0,0.0,0.0,0.0
18.0,203,0.0,0.0,0.0,0.0,0.0
18.0,204,0.0,0.0,0.0,0.0,0.0
18.0,205,0.0,0.0,0.0,0.0,0.0
18.0,206,0.0,0.0,0.0,0.0,0.0
18.0,207,0.0,0.0,0.0,0.0,0.0
18.0,208,0.0,0.0,0.0,0.0,0.0
18.0,209,0.0,0.0,0.0,0.0,0.0
18.0,210,0.0,0.0,0.0,0.0,0.0
18.0,211,0.0,0.0,0.0,0.0,0.0
18.0,212,0.0,0.0,0.0,0.0,0.0
18.0,213,0.0,0.0,0.0,0.0,0.0
18.0,214,0.0,0.0,0.0,0.0,0.0
18.0,215,0.0,0.0,0.0,0.0,0.0
18.0,216,0.0,0.0,0.0,0.0,0.0
18.0,217,0.0,0.0,0.0,0.0,0.0
18.0,218,0.0,0.0,0.0,0.0,0.0
18.0,219,0.0,0.0,0.0,0.0,0.0
18.0,220,0.0,0.0,0.0,0.0,0.0
18.0,221,0.0,0.0,0.0,0.0,0.0
18.0,222,0.0,0.0,0.0,0.0,0.0
18.0,223,0.0,0.0,0.0,0.0,0.0
18.0,224,0.0,0.0,0.0,0.0,0.0
18.0,225,0.0,0.0,0.0,0.0,0.0
18.0,226,0.0,0.0,0.0,0.0,0.0
18.0,227,0.0,0.0,0.0,0.0,0.0
18.0,228,0.0,0.0,0.0,0.0,0.0
18.0,229,0.0,0.0,0.0,0.0,0.0
18.0,230,0.0,0.0,0.0,0.0,0.0
18.0,231,0.0,0.0,0.0,0.0,0.0
18.0,232,0.0,0.0,0.0,0.0,0.0
18.0,233,0.0,0.0,0.0,0.0,0.0
18.0,234,0.0,0.0,0.0,0.0,0.0
18.0,235,0.0,0.0,0.0,0.0,0.0
18.0,236,0.0,0.0,0.0,0.0,0.0
18.0,237,0.0,0.0,0.0,0.0,0.0
18.0,238,0.0,0.0,0.0,0.0,0.0
18.0,239,0.0,0.0,0.0,0.0,0.0
18.0,240,0.0,0.0,0.0,0.0,0.0
18.0,241,0.0,0.0,0.0,0.0,0.0
18.0,242,0.0,0.0,0.0,0.0,0.0
18.0,243,0.0,0.0,0.0,0.0,0.0
18.0,244,0.0,0.0,0.0,0.0,0.0
18.0,245,0.0,0.0,0.0,0.0,0.0
18.0,246,0.0,0.0,0.0,0.0,0.0
18.0,247,0.0,0.0,0.0,0.0,0.0
18.0,248,0.0,0.0,0.0,0.0,0.0
18.0,249,0.0,0.0,0.0,0.0,0.0
18.0,250,0.0,0.0,0.0,0.0,0.0
18.0,251,0.0,0.0,0.0,0.0,0.0
18.0,252,0.0,0.0,0.0,0.0,0.0
18.0,253,0.0,0.0,0.0,0.0,0.0
18.0,254,0.0,0.0,0.0,0.0,0.0
18.0,255,0.0,0.0,0.0,0.0,0.0
18.0,256,0.0,0.0,0.0,0.0,0.0
18.0,257,0.0,0.0,0.0,0.0,0.0
18.0,258,0.0,0.0,0.0,0.0,0.0
18.0,259,0.0,0.0,0.0,0.0,0.0
18.0,260,0.0,0.0,0.0,0.0,0.0
18.0,261,0.0,0.0,0.0,0.0,0.0
18.0,262,0.0,0.0,0.0,0.0,0.0
18.0,263,0.0,0.0,0.0,0.0,0.0
18.0,264,0.0,0.0,0.0,0.0,0.0
18.0,265,0.0,0.0,0.0,0.0,0.0
18.0,266,0.0,0.0,0.0,0.0,0.0
18.0,267,0.0,0.0,0.0,0.0,0.0
18.0,268,0.0,0.0,0.0,0.0,0.0
18.0,269,0.0,0.0,0.0,0.0,0.0
18.0,270,0.0,0.0,0.0,0.0,0.0
18.0,271,0.0,0.0,0.0,0.0,0.0
18.0,272,0.0,0.0,0.0,0.0,0.0
18.0,273,0.0,0.0,0.0,0.0,0.0
18.0,274,0.0,0.0,0.0,0.0,0.0
18.0,275,0.0,0.0,0.0,0.0,0.0
18.0,276,0.0,0.0,0.0,0.0,0.0
18.0,277,0.0,0.0,0.0,0.0,0.0
18.0,278,0.0,0.0,0.0,0.0,0.0
18.0,279,0.0,0.0,0.0,0.0,0.0
18.0,280,0.0,0.0,0.0,0.0,0.0
18.0,281,0.0,0.0,0.0,0.0,0.0
18.0,282,0.0,0.0,0.0,0.0,0.0
18.0,283,0.0,0.0,0.0,0.0,0.0
18.0,284,0.0,0.0,0.0,0.0,0.0
18.0,285,0.0,0.0,0.0,0.0,0.0
18.0,286,0.0,0.0,0.0,0.0,0.0
18.0,287,0.0,0.0,0.0,0.0,0.0
18.0,288,0.0,0.0,0.0,0.0,0.0
18.0,289,0.0,0.0,0.0,0.0,0.0
18.0,290,0.0,0.0,0.0,0.0,0.0
18.0,291,0.0,0.0,0.0,0.0,0.0
18.0,292,0.0,0.0,0.0,0.0,0.0
18.0,293,0.0,0.0,0.0,0.0,0.0
18.0,294,0.0,0.0,0.0,0.0,0.0
18.0,295,0.0,0.0,0.0,0.0,0.0
18.0,296,0.0,0.0,0.0,0.0,0.0
18.0,297,0.0,0.0,0.0,0.0,0.0
18.0,298,0.0,0.0,0.0,0.0,0.0
18.0,299,0.0,0.0,0.0,0.0,0.0
18.0,300,0.0,0.0,0.0,0.0,0.0
18.0,301,0.0,0.0,0.0,0.0,0.0
18.0,302,0.0,0.0,0.0,0.0,0.0
18.0,303,0.0,0.0,0.0,0.0,0.0
18.0,304,0.0,0.0,0.0,0.0,0.0
18.0,305,0.0,0.0,0.0,0.0,0.0
18.0,306,0.0,0.0,0.0,0.0,0.0
18.0,307,0.0,0.0,0.0,0.0,0.0
18.0,308,0.0,0.0,0.0,0.0,0.0
18.0,309,0.0,0.0,0.0,0.0,0.0
18.0,310,0.0,0.0,0.0,0.0,0.0
18.0,311,0.0,0.0,0.0,0.0,0.0
18.0,312,0.0,0.0,0.0,0.0,0.0
18.0,313,0.0,0.0,0.0,0.0,0.0
18.0,314,0.0,0.0,0.0,0.0,0.0
18.0,315,0.0,0.0,0.0,0.0,0.0
18.0,316,0.0,0.0,0.0,0.0,0.0
18.0,317,0.0,0.0,0.0,0.0,0.0
18.0,318,0.0,0.0,0.0,0.0,0.0
18.0,319,0.0,0.0,0.0,0.0,0.0
18.0,320,0.0,0.0,0.0,0.0,0.0
18.0,321,0.0,0.0,0.0,0.0,0.0
18.0,322,0.0,0.0,0.0,0.0,0.0
18.0,323,0.0,0.0,0.0,0.0,0.0
18.0,324,0.0,0.0,0.0,0.0,0.0
18.0,325,0.0,0.0,0.0,0.0,0.0
18.0,326,0.0,0.0,0.0,0.0,0.0
18.0,327,0.0,0.0,0.0,0.0,0.0
18.0,328,0.0,0.0,0.0,0.0,0.0
18.0,329,0.0,0.0,0.0,0.0,0.0
18.0,330,0.0,0.0,0.0,0.0,0.0
18.0,331,0.0,0.0,0.0,0.0,0.0
18.0,332,0.0,0.0,0.0,0.0,0.0
18.0,333,0.0,0.0,0.0,0.0,0.0
18.0,334,0.0,0.0,0.0,0.0,0.0
18.0,335,0.0,0.0,0.0,0.0,0.0
18.0,336,0.0,0.0,0.0,0.0,0.0
18.0,337,0.0,0.0,0.0,0.0,0.0
18.0,338,0.0,0.0,0.0,0.0,0.0
18.0,339,0.0,0.0,0.0,0.0,0.0
18.0,340,0.0,0.0,0.0,0.0,0.0
18.0,341,0.0,0.0,0.0,0.0,0.0
18.0,342,0.0,0.0,0.0,0.0,0.0
18.0,343,0.0,0.0,0.0,0.0,0.0
18.0,344,0.0,0.0,0.0,0.0,0.0
18.0,345,0.0,0.0,0.0,0.0,0.0
18.0,346,0.0,0.0,0.0,0.0,0.0
18.0,347,0.0,0.0,0.0,0.0,0.0
18.0,348,0.0,0.0,0.0,0.0,0.0
18.0,349,0.0,0.0,0.0,0.0,0.0
18.0,350,0.0,0.0,0.0,0.0,0.0
18.0,351,0.0,0.0,0.0,0.0,0.0
18.0,352,0.0,0.0,0.0,0.0,0.0
18.0,353,0.0,0.0,0.0,0.0,0.0
18.0,354,0.0,0.0,0.0,0.0,0.0
18.0,355,0.0,0.0,0.0,0.0,0.0
18.0,356,0.0,0.0,0.0,0.0,0.0
18.0,357,0.0,0.0,0.0,0.0,0.0
18.0,358,0.0,0.0,0.0,0.0,0.0
18.0,359,0.0,0.0,0.0,0.0,0.0
18.0,360,0.0,0.0,0.0,0.0,0.0
18.0,361,0.0,0.0,0.0,0.0,0.0
18.0,362,0.0,0.0,0.0,0.0,0.0
18.0,363,0.0,0.0,0.0,0.0,0.0
18.0,364,0.0,0.0,0.0,0.0,0.0
18.0,365,0.0,0.0,0.0,0.0,0.0
18.0,366,0.0,0.0,0.0,0.0,0.0
18.0,367,0.0,0.0,0.0,0.0,0.0
18.0,368,0.0,0.0,0.0,0.0,0.0
18.0,369,0.0,0.0,0.0,0.0,0.0
18.0,370,0.0,0.0,0.0,0.0,0.0
18.0,371,0.0,0.0,0.0,0.0,0.0
18.0,372,0.0,0.0,0.0,0.0,0.0
18.0,373,0.0,0.0,0.0,0.0,0.0
18.0,374,0.0,0.0,0.0,0.0,0.0
18.0,375,0.0,0.0,0.0,0.0,0.0
18.0,376,0.0,0.0,0.0,0.0,0.0
18.0,377,0.0,0.0,0.0,0.0,0.0
18.0,378,0.0,0.0,0.0,0.0,0.0
18.0,379,0.0,0.0,0.0,0.0,0.0
18.0,380,0.0,0.0,0.0,0.0,0.0
18.0,381,0.0,0.0,0.0,0.0,0.0
18.0,382,0.0,0.0,0.0,0.0,0.0
18.0,383,0.0,0.0,0.0,0.0,0.0
18.0,384,0.0,0.0,0.0,0.0,0.0
18.0,385,0.0,0.0,0.0,0.0,0.0
18.0,386,0.0,0.0,0.0,0.0,0.0
18.0,387,0.0,0.0,0.0,0.0,0.0
18.0,388,0.0,0.0,0.0,0.0,0.0
18.0,389,0.0,0.0,0.0,0.0,0.0
18.0,390,0.0,0.0,0.0,0.0,0.0
18.0,391,0.0,0.0,0.0,0.0,0.0
18.0,392,0.0,0.0,0.0,0.0,0.0
18.0,393,0.0,0.0,0.0,0.0,0.0
18.0,394,0.0,0.0,0.0,0.0,0.0
18.0,395,0.0,0.0,0.0,0.0,0.0
18.0,396,0.0,0.0,0.0,0.0,0.0
18.0,397,0.0,0.0,0.0,0.0,0.0
18.0,398,0.0,0.0,0.0,0.0,0.0
18.0,399,0.0,0.0,0.0,0.0,0.0
18.0,400,0.0,0.0,0.0,0.0,0.0
18.0,401,0.0,0.0,0.0,0.0,0.0
18.0,402,0.0,0.0,0.0,0.0,0.0
18.0,403,0.0,0.0,0.0,0.0,0.0
18.0,404,0.0,0.0,0.0,0.0,0.0
18.0,405,0.0,0.0,0.0,0.0,0.0
18.0,406,0.0,0.0,0.0,0.0,0.0
18.0,407,0.0,0.0,0.0,0.0,0.0
18.0,408,0.0,0.0,0.0,0.0,0.0
18.0,409,0.0,0.0,0.0,0.0,0.0
18.0,410,0.0,0.0,0.0,0.0,0.0
18.0,411,0.0,0.0,0.0,0.0,0.0
18.0,412,0.0,0.0,0.0,0.0,0.0
18.0,413,0.0,0.0,0.0,0.0,0.0
18.0,414,0.0,0.0,0.0,0.0,0.0
18.0,415,0.0,0.0,0.0,0.0,0.0
18.0,416,0.0,0.0,0.0,0.0,0.0
18.0,417,0.0,0.0,0.0,0.0,0.0
18.0,418,0.0,0.0,0.0,0.0,0.0
18.0,419,0.0,0.0,0.0,0.0,0.0
18.0,420,0.0,0.0,0.0,0.0,0.0
18.0,421,0.0,0.0,0.0,0.0,0.0
18.0,422,0.0,0.0,0.0,0.0,0.0
18.0,423,0.0,0.0,0.0,0.0,0.0
18.0,424,0.0,0.0,0.0,0.0,0.0
18.0,425,0.0,0.0,0.0,0.0,0.0
18.0,426,0.0,0.0,0.0,0.0,0.0
18.0,427,0.0,0.0,0.0,0.0,0.0
18.0,428,0.0,0.0,0.0,0.0,0.0
18.0,429,0.0,0.0,0.0,0.0,0.0
18.0,430,0.0,0.0,0.0,0.0,0.0
18.0,431,0.0,0.0,0.0,0.0,0.0
18.0,432,0.0,0.0,0.0,0.0,0.0
18.0,433,0.0,0.0,0.0,0.0,0.0
18.0,434,0.0,0.0,0.0,0.0,0.0
18.0,435,0.0,0.0,0.0,0.0,0.0
18.0,436,0.0,0.0,0.0,0.0,0.0
18.0,437,0.0,0.0,0.0,0.0,0.0
18.0,438,0.0,0.0,0.0,0.0,0.0
18.0,439,0.0,0.0,0.0,0.0,0.0
18.0,440,0.0,0.0,0.0,0.0,0.0
18.0,441,0.0,0.0,0.0,0.0,0.0
18.0,442,0.0,0.0,0.0,0.0,0.0
18.0,443,0.0,0.0,0.0,0.0,0.0
18.0,444,0.0,0.0,0.0,0.0,0.0
18.0,445,0.0,0.0,0.0,0.0,0.0
18.0,446,0.0,0.0,0.0,0.0,0.0
18.0,447,0.0,0.0,0.0,0.0,0.0
18.0,448,0.0,0.0,0.0,0.0,0.0
18.0,449,0.0,0.0,0.0,0.0,0.0
18.0,450,0.0,0.0,0.0,0.0,0.0
18.0,451,0.0,0.0,0.0,0.0,0.0
18.0,452,0.0,0.0,0.0,0.0,0.0
18.0,453,0.0,0.0,0.0,0.0,0.0
18.0,454,0.0,0.0,0.0,0.0,0.0
18.0,455,0.0,0.0,0.0,0.0,0.0
18.0,456,0.0,0.0,0.0,0.0,0.0
18.0,457,0.0,0.0,0.0,0.0,0.0
18.0,458,0.0,0.0,0.0,0.0,0.0
18.0,459,0.0,0.0,0.0,0.0,0.0
18.0,460,0.0,0.0,0.0,0.0,0.0
18.0,461,0.0,0.0,0.0,0.0,0.0
18.0,462,0.0,0.0,0.0,0.0,0.0
18.0,463,0.0,0.0,0.0,0.0,0.0
18.0,464,0.0,0.0,0.0,0.0,0.0
18.0,465,0.0,0.0,0.0,0.0,0.0
18.0,466,0.0,0.0,0.0,0.0,0.0
18.0,467,0.0,0.0,0.0,0.0,0.0
18.0,468,0.0,0.0,0.0,0.0,0.0
18.0,469,0.0,0.0,0.0,0.0,0.0
18.0,470,0.0,0.0,0.0,0.0,0.0
18.0,471,0.0,0.0,0.0,0.0,0.0
18.0,472,0.0,0.0,0.0,0.0,0.0
18.0,473,0.0,0.0,0.0,0.0,0.0
18.0,474,0.0,0.0,0.0,0.0,0.0
18.0,475,0.0,0.0,0.0,0.0,0.0
18.0,476,0.0,0.0,0.0,0.0,0.0
18.0,477,0.0,0.0,0.0,0.0,0.0
18.0,478,0.0,0.0,0.0,0.0,0.0
18.0,479,0.0,0.0,0.0,0.0,0.0
18.0,480,0.0,0.0,0.0,0.0,0.0
18.0,481,0.0,0.0,0.0,0.0,0.0
18.0,482,0.0,0.0,0.0,0.0,0.0
18.0,483,0.0,0.0,0.0,0.0,0.0
18.0,484,0.0,0.0,0.0,0.0,0.0
18.0,485,0.0,0.0,0.0,0.0,0.0
18.0,486,0.0,0.0,0.0,0.0,0.0
18.0,487,0.0,0.0,0.0,0.0,0.0
18.0,488,0.0,0.0,0.0,0.0,0.0
18.0,489,0.0,0.0,0.0,0.0,0.0
18.0,490,0.0,0.0,0.0,0.0,0.0
18.0,491,0.0,0.0,0.0,0.0,0.0
18.0,492,0.0,0.0,0.0,0.0,0.0
18.0,493,0.0,0.0,0.0,0.0,0.0
18.0,494,0.0,0.0,0.0,0.0,0.0
18.0,495,0.0,0.0,0.0,0.0,0.0
18.0,496,0.0,0.0,0.0,0.0,0.0
18.0,497,0.0,0.0,0.0,0.0,0.0
18.0,498,0.0,0.0,0.0,0.0,0.0
18.0,499,0.0,0.0,0.0,0.0,0.0
18.0,500,0.0,0.0,0.0,0.0,0.0
18.0,501,0.0,0.0,0.0,0.0,0.0
18.0,502,0.0,0.0,0.0,0.0,0.0
18.0,503,0.0,0.0,0.0,0.0,0.0
18.0,504,0.0,0.0,0.0,0.0,0.0
18.0,505,0.0,0.0,0.0,0.0,0.0
18.0,506,0.0,0.0,0.0,0.0,0.0
18.0,507,0.0,0.0,0.0,0.0,0.0
18.0,508,0.0,0.0,0.0,0.0,0.0
18.0,509,0.0,0.0,0.0,0.0,0.0
18.0,510,0.0,0.0,0.0,0.0,0.0
18.0,511,0.0,0.0,0.0,0.0,0.0
18.0,512,0.0,0.0,0.0,0.0,0.0
18.0,513,0.0,0.0,0.0,0.0,0.0
18.0,514,0.0,0.0,0.0,0.0,0.0
18.0,515,0.0,0.0,0.0,0.0,0.0
18.0,516,0.0,0.0,0.0,0.0,0.0
18.0,517,0.0,0.0,0.0,0.0,0.0
18.0,518,0.0,0.0,0.0,0.0,0.0
18.0,519,0.0,0.0,0.0,0.0,0.0
18.0,520,0.0,0.0,0.0,0.0,0.0
18.0,521,0.0,0.0,0.0,0.0,0.0
18.0,522,0.0,0.0,0.0,0.0,0.0
18.0,523,0.0,0.0,0.0,0.0,0.0
18.0,524,0.0,0.0,0.0,0.0,0.0
18.0,525,0.0,0.0,0.0,0.0,0.0
18.0,526,0.0,0.0,0.0,0.0,0.0
18.0,527,0.0,0.0,0.0,0.0,0.0
18.0,528,0.0,0.0,0.0,0.0,0.0
18.0,529,0.0,0.0,0.0,0.0,0.0
18.0,530,0.0,0.0,0.0,0.0,0.0
18.0,531,0.0,0.0,0.0,0.0,0.0
18.0,532,0.0,0.0,0.0,0.0,0.0
18.0,533,0.0,0.0,0.0,0.0,0.0
18.0,534,0.0,0.0,0.0,0.0,0.0
18.0,535,0.0,0.0,0.0,0.0,0.0
18.0,536,0.0,0.0,0.0,0.0,0.0
18.0,537,0.0,0.0,0.0,0.0,0.0
18.0,538,0.0,0.0,0.0,0.0,0.0
18.0,539,0.0,0.0,0.0,0.0,0.0
18.0,540,0.0,0.0,0.0,0.0,0.0
18.0,541,0.0,0.0,0.0,0.0,0.0
18.0,542,0.0,0.0,0.0,0.0,0.0
18.0,543,0.0,0.0,0.0,0.0,0.0
18.0,544,0.0,0.0,0.0,0.0,0.0
18.0,545,0.0,0.0,0.0,0.0,0.0
18.0,546,0.0,0.0,0.0,0.0,0.0
18.0,547,0.0,0.0,0.0,0.0,0.0
18.0,548,0.0,0.0,0.0,0.0,0.0
18.0,549,0.0,0.0,0.0,0.0,0.0
18.0,550,0.0,0.0,0.0,0.0,0.0
18.0,551,0.0,0.0,0.0,0.0,0.0
18.0,552,0.0,0.0,0.0,0.0,0.0
18.0,553,0.0,0.0,0.0,0.0,0.0
18.0,554,0.0,0.0,0.0,0.0,0.0
18.0,555,0.0,0.0,0.0,0.0,0.0
18.0,556,0.0,0.0,0.0,0.0,0.0
18.0,557,0.0,0.0,0.0,0.0,0.0
18.0,558,0.0,0.0,0.0,0.0,0.0
18.0,559,0.0,0.0,0.0,0.0,0.0
18.0,560,0.0,0.0,0.0,0.0,0.0
18.0,561,0.0,0.0,0.0,0.0,0.0
18.0,562,0.0,0.0,0.0,0.0,0.0
18.0,563,0.0,0.0,0.0,0.0,0.0
18.0,564,0.0,0.0,0.0,0.0,0.0
18.0,565,0.0,0.0,0.0,0.0,0.0
18.0,566,0.0,0.0,0.0,0.0,0.0
18.0,567,0.0,0.0,0.0,0.0,0.0
18.0,568,0.0,0.0,0.0,0.0,0.0
18.0,569,0.0,0.0,0.0,0.0,0.0
18.0,570,0.0,0.0,0.0,0.0,0.0
18.0,571,0.0,0.0,0.0,0.0,0.0
18.0,572,0.0,0.0,0.0,0.0,0.0
18.0,573,0.0,0.0,0.0,0.0,0.0
18.0,574,0.0,0.0,0.0,0.0,0.0
18.0,575,0.0,0.0,0.0,0.0,0.0
18.0,576,0.0,0.0,0.0,0.0,0.0
18.0,577,0.0,0.0,0.0,0.0,0.0
18.0,578,0.0,0.0,0.0,0.0,0.0
18.0,579,0.0,0.0,0.0,0.0,0.0
18.0,580,0.0,0.0,0.0,0.0,0.0
18.0,581,0.0,0.0,0.0,0.0,0.0
18.0,582,0.0,0.0,0.0,0.0,0.0
18.0,583,0.0,0.0,0.0,0.0,0.0
18.0,584,0.0,0.0,0.0,0.0,0.0
18.0,585,0.0,0.0,0.0,0.0,0.0
18.0,586,0.0,0.0,0.0,0.0,0.0
18.0,587,0.0,0.0,0.0,0.0,0.0
18.0,588,0.0,0.0,0.0,0.0,0.0
18.0,589,0.0,0.0,0.0,0.0,0.0
18.0,590,0.0,0.0,0.0,0.0,0.0
18.0,591,0.0,0.0,0.0,0.0,0.0
18.0,592,0.0,0.0,0.0,0.0,0.0
18.0,593,0.0,0.0,0.0,0.0,0.0
18.0,594,0.0,0.0,0.0,0.0,0.0
18.0,595,0.0,0.0,0.0,0.0,0.0
18.0,596,0.0,0.0,0.0,0.0,0.0
18.0,597,0.0,0.0,0.0,0.0,0.0
18.0,598,0.0,0.0,0.0,0.0,0.0
18.0,599,0.0,0.0,0.0,0.0,0.0
18.0,600,0.0,0.0,0.0,0.0,0.0
18.0,601,0.0,0.0,0.0,0.0,0.0
18.0,602,0.0,0.0,0.0,0.0,0.0
18.0,603,0.0,0.0,0.0,0.0,0.0
18.0,604,0.0,0.0,0.0,0.0,0.0
18.0,605,0.0,0.0,0.0,0.0,0.0
18.0,606,0.0,0.0,0.0,0.0,0.0
18.0,607,0.0,0.0,0.0,0.0,0.0
18.0,608,0.0,0.0,0.0,0.0,0.0
18.0,609,0.0,0.0,0.0,0.0,0.0
18.0,610,0.0,0.0,0.0,0.0,0.0
18.0,611,0.0,0.0,0.0,0.0,0.0
18.0,612,0.0,0.0,0.0,0.0,0.0
18.0,613,0.0,0.0,0.0,0.0,0.0
18.0,614,0.0,0.0,0.0,0.0,0.0
18.0,615,0.0,0.0,0.0,0.0,0.0
18.0,616,0.0,0.0,0.0,0.0,0.0
18.0,617,0.0,0.0,0.0,0.0,0.0
18.0,618,0.0,0.0,0.0,0.0,0.0
18.0,619,0.0,0.0,0.0,0.0,0.0
18.0,620,0.0,0.0,0.0,0.0,0.0
18.0,621,0.0,0.0,0.0,0.0,0.0
18.0,622,0.0,0.0,0.0,0.0,0.0
18.0,623,0.0,0.0,0.0,0.0,0.0
18.0,624,0.0,0.0,0.0,0.0,0.0
18.0,625,0.0,0.0,0.0,0.0,0.0
18.0,626,0.0,0.0,0.0,0.0,0.0
18.0,627,0.0,0.0,0.0,0.0,0.0
18.0,628,0.0,0.0,0.0,0.0,0.0
18.0,629,0.0,0.0,0.0,0.0,0.0
18.0,630,0.0,0.0,0.0,0.0,0.0
18.0,631,0.0,0.0,0.0,0.0,0.0
18.0,632,0.0,0.0,0.0,0.0,0.0
18.0,633,0.0,0.0,0.0,0.0,0.0
18.0,634,0.0,0.0,0.0,0.0,0.0
18.0,635,0.0,0.0,0.0,0.0,0.0
18.0,636,0.0,0.0,0.0,0.0,0.0
18.0,637,0.0,0.0,0.0,0.0,0.0
18.0,638,0.0,0.0,0.0,0.0,0.0
18.0,639,0.0,0.0,0.0,0.0,0.0
18.0,640,0.0,0.0,0.0,0.0,0.0
18.0,641,0.0,0.0,0.0,0.0,0.0
18.0,642,0.0,0.0,0.0,0.0,0.0
18.0,643,0.0,0.0,0.0,0.0,0.0
18.0,644,0.0,0.0,0.0,0.0,0.0
18.0,645,0.0,0.0,0.0,0.0,0.0
18.0,646,0.0,0.0,0.0,0.0,0.0
18.0,647,0.0,0.0,0.0,0.0,0.0
18.0,648,0.0,0.0,0.0,0.0,0.0
18.0,649,0.0,0.0,0.0,0.0,0.0
18.0,650,0.0,0.0,0.0,0.0,0.0
18.0,651,0.0,0.0,0.0,0.0,0.0
18.0,652,0.0,0.0,0.0,0.0,0.0
18.0,653,0.0,0.0,0.0,0.0,0.0
18.0,654,0.0,0.0,0.0,0.0,0.0
18.0,655,0.0,0.0,0.0,0.0,0.0
18.0,656,0.0,0.0,0.0,0.0,0.0
18.0,657,0.0,0.0,0.0,0.0,0.0
18.0,658,0.0,0.0,0.0,0.0,0.0
18.0,659,0.0,0.0,0.0,0.0,0.0
18.0,660,0.0,0.0,0.0,0.0,0.0
18.0,661,0.0,0.0,0.0,0.0,0.0
18.0,662,0.0,0.0,0.0,0.0,0.0
18.0,663,0.0,0.0,0.0,0.0,0.0
18.0,664,0.0,0.0,0.0,0.0,0.0
18.0,665,0.0,0.0,0.0,0.0,0.0
18.0,666,0.0,0.0,0.0,0.0,0.0
18.0,667,0.0,0.0,0.0,0.0,0.0
18.0,668,0.0,0.0,0.0,0.0,0.0
18.0,669,0.0,0.0,0.0,0.0,0.0
18.0,670,0.0,0.0,0.0,0.0,0.0
18.0,671,0.0,0.0,0.0,0.0,0.0
18.0,672,0.0,0.0,0.0,0.0,0.0
18.0,673,0.0,0.0,0.0,0.0,0.0
18.0,674,0.0,0.0,0.0,0.0,0.0
18.0,675,0.0,0.0,0.0,0.0,0.0
18.0,676,0.0,0.0,0.0,0.0,0.0
18.0,677,0.0,0.0,0.0,0.0,0.0
18.0,678,0.0,0.0,0.0,0.0,0.0
18.0,679,0.0,0.0,0.0,0.0,0.0
18.0,680,0.0,0.0,0.0,0.0,0.0
18.0,681,0.0,0.0,0.0,0.0,0.0
18.0,682,0.0,0.0,0.0,0.0,0.0
18.0,683,0.0,0.0,0.0,0.0,0.0
18.0,684,0.0,0.0,0.0,0.0,0.0
18.0,685,0.0,0.0,0.0,0.0,0.0
18.0,686,0.0,0.0,0.0,0.0,0.0
18.0,687,0.0,0.0,0.0,0.0,0.0
18.0,688,0.0,0.0,0.0,0.0,0.0
18.0,689,0.0,0.0,0.0,0.0,0.0
18.0,690,0.0,0.0,0.0,0.0,0.0
18.0,691,0.0,0.0,0.0,0.0,0.0
18.0,692,0.0,0.0,0.0,0.0,0.0
18.0,693,0.0,0.0,0.0,0.0,0.0
18.0,694,0.0,0.0,0.0,0.0,0.0
18.0,695,0.0,0.0,0.0,0.0,0.0
18.0,696,0.0,0.0,0.0,0.0,0.0
18.0,697,0.0,0.0,0.0,0.0,0.0
18.0,698,0.0,0.0,0.0,0.0,0.0
18.0,699,0.0,0.0,0.0,0.0,0.0
18.0,700,0.0,0.0,0.0,0.0,0.0
18.0,701,0.0,0.0,0.0,0.0,0.0
18.0,702,0.0,0.0,0.0,0.0,0.0
18.0,703,0.0,0.0,0.0,0.0,0.0
18.0,704,0.0,0.0,0.0,0.0,0.0
18.0,705,0.0,0.0,0.0,0.0,0.0
18.0,706,0.0,0.0,0.0,0.0,0.0
18.0,707,0.0,0.0,0.0,0.0,0.0
18.0,708,0.0,0.0,0.0,0.0,0.0
18.0,709,0.0,0.0,0.0,0.0,0.0
18.0,710,0.0,0.0,0.0,0.0,0.0
18.0,711,0.0,0.0,0.0,0.0,0.0
18.0,712,0.0,0.0,0.0,0.0,0.0
18.0,713,0.0,0.0,0.0,0.0,0.0
18.0,714,0.0,0.0,0.0,0.0,0.0
18.0,715,0.0,0.0,0.0,0.0,0.0
18.0,716,0.0,0.0,0.0,0.0,0.0
18.0,717,0.0,0.0,0.0,0.0,0.0
18.0,718,0.0,0.0,0.0,0.0,0.0
18.0,719,0.0,0.0,0.0,0.0,0.0
18.0,720,0.0,0.0,0.0,0.0,0.0
18.0,721,0.0,0.0,0.0,0.0,0.0
18.0,722,0.0,0.0,0.0,0.0,0.0
18.0,723,0.0,0.0,0.0,0.0,0.0
18.0,724,0.0,0.0,0.0,0.0,0.0
18.0,725,0.0,0.0,0.0,0.0,0.0
18.0,726,0.0,0.0,0.0,0.0,0.0
18.0,727,0.0,0.0,0.0,0.0,0.0
18.0,728,0.0,0.0,0.0,0.0,0.0
18.0,729,0.0,0.0,0.0,0.0,0.0
18.0,730,0.0,0.0,0.0,0.0,0.0
18.0,731,0.0,0.0,0.0,0.0,0.0
18.0,732,0.0,0.0,0.0,0.0,0.0
18.0,733,0.0,0.0,0.0,0.0,0.0
18.0,734,0.0,0.0,0.0,0.0,0.0
18.0,735,0.0,0.0,0.0,0.0,0.0
18.0,736,0.0,0.0,0.0,0.0,0.0
18.0,737,0.0,0.0,0.0,0.0,0.0
18.0,738,0.0,0.0,0.0,0.0,0.0
18.0,739,0.0,0.0,0.0,0.0,0.0
18.0,740,0.0,0.0,0.0,0.0,0.0
18.0,741,0.0,0.0,0.0,0.0,0.0
18.0,742,0.0,0.0,0.0,0.0,0.0
18.0,743,0.0,0.0,0.0,0.0,0.0
18.0,744,0.0,0.0,0.0,0.0,0.0
18.0,745,0.0,0.0,0.0,0.0,0.0
18.0,746,0.0,0.0,0.0,0.0,0.0
18.0,747,0.0,0.0,0.0,0.0,0.0
18.0,748,0.0,0.0,0.0,0.0,0.0
18.0,749,0.0,0.0,0.0,0.0,0.0
18.0,750,0.0,0.0,0.0,0.0,0.0
18.0,751,0.0,0.0,0.0,0.0,0.0
18.0,752,0.0,0.0,0.0,0.0,0.0
18.0,753,0.0,0.0,0.0,0.0,0.0
18.0,754,0.0,0.0,0.0,0.0,0.0
18.0,755,0.0,0.0,0.0,0.0,0.0
18.0,756,0.0,0.0,0.0,0.0,0.0
18.0,757,0.0,0.0,0.0,0.0,0.0
18.0,758,0.0,0.0,0.0,0.0,0.0
18.0,759,0.0,0.0,0.0,0.0,0.0
18.0,760,0.0,0.0,0.0,0.0,0.0
18.0,761,0.0,0.0,0.0,0.0,0.0
18.0,762,0.0,0.0,0.0,0.0,0.0
18.0,763,0.0,0.0,0.0,0.0,0.0
18.0,764,0.0,0.0,0.0,0.0,0.0
18.0,765,0.0,0.0,0.0,0.0,0.0
18.0,766,0.0,0.0,0.0,0.0,0.0
18.0,767,0.0,0.0,0.0,0.0,0.0
18.0,768,0.0,0.0,0.0,0.0,0.0
18.0,769,0.0,0.0,0.0,0.0,0.0
18.0,770,0.0,0.0,0.0,0.0,0.0
18.0,771,0.0,0.0,0.0,0.0,0.0
18.0,772,0.0,0.0,0.0,0.0,0.0
18.0,773,0.0,0.0,0.0,0.0,0.0
18.0,774,0.0,0.0,0.0,0.0,0.0
18.0,775,0.0,0.0,0.0,0.0,0.0
18.0,776,0.0,0.0,0.0,0.0,0.0
18.0,777,0.0,0.0,0.0,0.0,0.0
18.0,778,0.0,0.0,0.0,0.0,0.0
18.0,779,0.0,0.0,0.0,0.0,0.0
18.0,780,0.0,0.0,0.0,0.0,0.0
18.0,781,0.0,0.0,0.0,0.0,0.0
18.0,782,0.0,0.0,0.0,0.0,0.0
18.0,783,0.0,0.0,0.0,0.0,0.0
18.0,784,0.0,0.0,0.0,0.0,0.0
18.0,785,0.0,0.0,0.0,0.0,0.0
18.0,786,0.0,0.0,0.0,0.0,0.0
18.0,787,0.0,0.0,0.0,0.0,0.0
18.0,788,0.0,0.0,0.0,0.0,0.0
18.0,789,0.0,0.0,0.0,0.0,0.0
18.0,790,0.0,0.0,0.0,0.0,0.0
18.0,791,0.0,0.0,0.0,0.0,0.0
18.0,792,0.0,0.0,0.0,0.0,0.0
18.0,793,0.0,0.0,0.0,0.0,0.0
18.0,794,0.0,0.0,0.0,0.0,0.0
18.0,795,0.0,0.0,0.0,0.0,0.0
18.0,796,0.0,0.0,0.0,0.0,0.0
18.0,797,0.0,0.0,0.0,0.0,0.0
18.0,798,0.0,0.0,0.0,0.0,0.0
18.0,799,0.0,0.0,0.0,0.0,0.0
18.0,800,0.0,0.0,0.0,0.0,0.0
18.0,801,0.0,0.0,0.0,0.0,0.0
18.0,802,0.0,0.0,0.0,0.0,0.0
18.0,803,0.0,0.0,0.0,0.0,0.0
18.0,804,0.0,0.0,0.0,0.0,0.0
18.0,805,0.0,0.0,0.0,0.0,0.0
18.0,806,0.0,0.0,0.0,0.0,0.0
18.0,807,0.0,0.0,0.0,0.0,0.0
18.0,808,0.0,0.0,0.0,0.0,0.0
18.0,809,0.0,0.0,0.0,0.0,0.0
18.0,810,0.0,0.0,0.0,0.0,0.0
18.0,811,0.0,0.0,0.0,0.0,0.0
18.0,812,0.0,0.0,0.0,0.0,0.0
18.0,813,0.0,0.0,0.0,0.0,0.0
18.0,814,0.0,0.0,0.0,0.0,0.0
18.0,815,0.0,0.0,0.0,0.0,0.0
18.0,816,0.0,0.0,0.0,0.0,0.0
18.0,817,0.0,0.0,0.0,0.0,0.0
18.0,818,0.0,0.0,0.0,0.0,0.0
18.0,819,0.0,0.0,0.0,0.0,0.0
18.0,820,0.0,0.0,0.0,0.0,0.0
18.0,821,0.0,0.0,0.0,0.0,0.0
18.0,822,0.0,0.0,0.0,0.0,0.0
18.0,823,0.0,0.0,0.0,0.0,0.0
18.0,824,0.0,0.0,0.0,0.0,0.0
18.0,825,0.0,0.0,0.0,0.0,0.0
18.0,826,0.0,0.0,0.0,0.0,0.0
18.0,827,0.0,0.0,0.0,0.0,0.0
18.0,828,0.0,0.0,0.0,0.0,0.0
18.0,829,0.0,0.0,0.0,0.0,0.0
18.0,830,0.0,0.0,0.0,0.0,0.0
18.0,831,0.0,0.0,0.0,0.0,0.0
18.0,832,0.0,0.0,0.0,0.0,0.0
18.0,833,0.0,0.0,0.0,0.0,0.0
18.0,834,0.0,0.0,0.0,0.0,0.0
18.0,835,0.0,0.0,0.0,0.0,0.0
18.0,836,0.0,0.0,0.0,0.0,0.0
18.0,837,0.0,0.0,0.0,0.0,0.0
18.0,838,0.0,0.0,0.0,0.0,0.0
18.0,839,0.0,0.0,0.0,0.0,0.0
18.0,840,0.0,0.0,0.0,0.0,0.0
18.0,841,0.0,0.0,0.0,0.0,0.0
18.0,842,0.0,0.0,0.0,0.0,0.0
18.0,843,0.0,0.0,0.0,0.0,0.0
18.0,844,0.0,0.0,0.0,0.0,0.0
18.0,845,0.0,0.0,0.0,0.0,0.0
18.0,846,0.0,0.0,0.0,0.0,0.0
18.0,847,0.0,0.0,0.0,0.0,0.0
18.0,848,0.0,0.0,0.0,0.0,0.0
18.0,849,0.0,0.0,0.0,0.0,0.0
18.0,850,0.0,0.0,0.0,0.0,0.0
18.0,851,0.0,0.0,0.0,0.0,0.0
18.0,852,0.0,0.0,0.0,0.0,0.0
18.0,853,0.0,0.0,0.0,0.0,0.0
18.0,854,0.0,0.0,0.0,0.0,0.0
18.0,855,0.0,0.0,0.0,0.0,0.0
18.0,856,0.0,0.0,0.0,0.0,0.0
18.0,857,0.0,0.0,0.0,0.0,0.0
18.0,858,0.0,0.0,0.0,0.0,0.0
18.0,859,0.0,0.0,0.0,0.0,0.0
18.0,860,0.0,0.0,0.0,0.0,0.0
18.0,861,0.0,0.0,0.0,0.0,0.0
18.0,862,0.0,0.0,0.0,0.0,0.0
18.0,863,0.0,0.0,0.0,0.0,0.0
18.0,864,0.0,0.0,0.0,0.0,0.0
18.0,865,0.0,0.0,0.0,0.0,0.0
18.0,866,0.0,0.0,0.0,0.0,0.0
18.0,867,0.0,0.0,0.0,0.0,0.0
18.0,868,0.0,0.0,0.0,0.0,0.0
18.0,869,0.0,0.0,0.0,0.0,0.0
18.0,870,0.0,0.0,0.0,0.0,0.0
18.0,871,0.0,0.0,0.0,0.0,0.0
18.0,872,0.0,0.0,0.0,0.0,0.0
18.0,873,0.0,0.0,0.0,0.0,0.0
18.0,874,0.0,0.0,0.0,0.0,0.0
18.0,875,0.0,0.0,0.0,0.0,0.0
18.0,876,0.0,0.0,0.0,0.0,0.0
18.0,877,0.0,0.0,0.0,0.0,0.0
18.0,878,0.0,0.0,0.0,0.0,0.0
18.0,879,0.0,0.0,0.0,0.0,0.0
18.0,880,0.0,0.0,0.0,0.0,0.0
18.0,881,0.0,0.0,0.0,0.0,0.0
18.0,882,0.0,0.0,0.0,0.0,0.0
18.0,883,0.0,0.0,0.0,0.0,0.0
18.0,884,0.0,0.0,0.0,0.0,0.0
18.0,885,0.0,0.0,0.0,0.0,0.0
18.0,886,0.0,0.0,0.0,0.0,0.0
18.0,887,0.0,0.0,0.0,0.0,0.0
18.0,888,0.0,0.0,0.0,0.0,0.0
18.0,889,0.0,0.0,0.0,0.0,0.0
18.0,890,0.0,0.0,0.0,0.0,0.0
18.0,891,0.0,0.0,0.0,0.0,0.0
18.0,892,0.0,0.0,0.0,0.0,0.0
18.0,893,0.0,0.0,0.0,0.0,0.0
18.0,894,0.0,0.0,0.0,0.0,0.0
18.0,895,0.0,0.0,0.0,0.0,0.0
18.0,896,0.0,0.0,0.0,0.0,0.0
18.0,897,0.0,0.0,0.0,0.0,0.0
18.0,898,0.0,0.0,0.0,0.0,0.0
18.0,899,0.0,0.0,0.0,0.0,0.0
18.0,900,0.0,0.0,0.0,0.0,0.0
18.0,901,0.0,0.0,0.0,0.0,0.0
18.0,902,0.0,0.0,0.0,0.0,0.0
18.0,903,0.0,0.0,0.0,0.0,0.0
18.0,904,0.0,0.0,0.0,0.0,0.0
18.0,905,0.0,0.0,0.0,0.0,0.0
18.0,906,0.0,0.0,0.0,0.0,0.0
18.0,907,0.0,0.0,0.0,0.0,0.0
18.0,908,0.0,0.0,0.0,0.0,0.0
18.0,909,0.0,0.0,0.0,0.0,0.0
18.0,910,0.0,0.0,0.0,0.0,0.0
18.0,911,0.0,0.0,0.0,0.0,0.0
18.0,912,0.0,0.0,0.0,0.0,0.0
18.0,913,0.0,0.0,0.0,0.0,0.0
18.0,914,0.0,0.0,0.0,0.0,0.0
18.0,915,0.0,0.0,0.0,0.0,0.0
18.0,916,0.0,0.0,0.0,0.0,0.0
18.0,917,0.0,0.0,0.0,0.0,0.0
18.0,918,0.0,0.0,0.0,0.0,0.0
18.0,919,0.0,0.0,0.0,0.0,0.0
18.0,920,0.0,0.0,0.0,0.0,0.0
18.0,921,0.0,0.0,0.0,0.0,0.0
18.0,922,0.0,0.0,0.0,0.0,0.0
18.0,923,0.0,0.0,0.0,0.0,0.0
18.0,924,0.0,0.0,0.0,0.0,0.0
18.0,925,0.0,0.0,0.0,0.0,0.0
18.0,926,0.0,0.0,0.0,0.0,0.0
18.0,927,0.0,0.0,0.0,0.0,0.0
18.0,928,0.0,0.0,0.0,0.0,0.0
18.0,929,0.0,0.0,0.0,0.0,0.0
18.0,930,0.0,0.0,0.0,0.0,0.0
18.0,931,0.0,0.0,0.0,0.0,0.0
18.0,932,0.0,0.0,0.0,0.0,0.0
18.0,933,0.0,0.0,0.0,0.0,0.0
18.0,934,0.0,0.0,0.0,0.0,0.0
18.0,935,0.0,0.0,0.0,0.0,0.0
18.0,936,0.0,0.0,0.0,0.0,0.0
18.0,937,0.0,0.0,0.0,0.0,0.0
18.0,938,0.0,0.0,0.0,0.0,0.0
18.0,939,0.0,0.0,0.0,0.0,0.0
18.0,940,0.0,0.0,0.0,0.0,0.0
18.0,941,0.0,0.0,0.0,0.0,0.0
18.0,942,0.0,0.0,0.0,0.0,0.0
18.0,943,0.0,0.0,0.0,0.0,0.0
18.0,944,0.0,0.0,0.0,0.0,0.0
18.0,945,0.0,0.0,0.0,0.0,0.0
18.0,946,0.0,0.0,0.0,0.0,0.0
18.0,947,0.0,0.0,0.0,0.0,0.0
18.0,948,0.0,0.0,0.0,0.0,0.0
18.0,949,0.0,0.0,0.0,0.0,0.0
18.0,950,0.0,0.0,0.0,0.0,0.0
18.0,951,0.0,0.0,0.0,0.0,0.0
18.0,952,0.0,0.0,0.0,0.0,0.0
18.0,953,0.0,0.0,0.0,0.0,0.0
18.0,954,0.0,0.0,0.0,0.0,0.0
18.0,955,0.0,0.0,0.0,0.0,0.0
18.0,956,0.0,0.0,0.0,0.0,0.0
18.0,957,0.0,0.0,0.0,0.0,0.0
18.0,958,0.0,0.0,0.0,0.0,0.0
18.0,959,0.0,0.0,0.0,0.0,0.0
18.0,960,0.0,0.0,0.0,0.0,0.0
18.0,961,0.0,0.0,0.0,0.0,0.0
18.0,962,0.0,0.0,0.0,0.0,0.0
18.0,963,0.0,0.0,0.0,0.0,0.0
18.0,964,0.0,0.0,0.0,0.0,0.0
18.0,965,0.0,0.0,0.0,0.0,0.0
18.0,966,0.0,0.0,0.0,0.0,0.0
18.0,967,0.0,0.0,0.0,0.0,0.0
18.0,968,0.0,0.0,0.0,0.0,0.0
18.0,969,0.0,0.0,0.0,0.0,0.0
18.0,970,0.0,0.0,0.0,0.0,0.0
18.0,971,0.0,0.0,0.0,0.0,0.0
18.0,972,0.0,0.0,0.0,0.0,0.0
18.0,973,0.0,0.0,0.0,0.0,0.0
18.0,974,0.0,0.0,0.0,0.0,0.0
18.0,975,0.0,0.0,0.0,0.0,0.0
18.0,976,0.0,0.0,0.0,0.0,0.0
18.0,977,0.0,0.0,0.0,0.0,0.0
18.0,978,0.0,0.0,0.0,0.0,0.0
18.0,979,0.0,0.0,0.0,0.0,0.0
18.0,980,0.0,0.0,0.0,0.0,0.0
18.0,981,0.0,0.0,0.0,0.0,0.0
18.0,982,0.0,0.0,0.0,0.0,0.0
18.0,983,0.0,0.0,0.0,0.0,0.0
18.0,984,0.0,0.0,0.0,0.0,0.0
18.0,985,0.0,0.0,0.0,0.0,0.0
18.0,986,0.0,0.0,0.0,0.0,0.0
18.0,987,0.0,0.0,0.0,0.0,0.0
18.0,988,0.0,0.0,0.0,0.0,0.0
18.0,989,0.0,0.0,0.0,0.0,0.0
18.0,990,0.0,0.0,0.0,0.0,0.0
18.0,991,0.0,0.0,0.0,0.0,0.0
18.0,992,0.0,0.0,0.0,0.0,0.0
18.0,993,0.0,0.0,0.0,0.0,0.0
18.0,994,0.0,0.0,0.0,0.0,0.0
18.0,995,0.0,0.0,0.0,0.0,0.0
18.0,996,0.0,0.0,0.0,0.0,0.0
18.0,997,0.0,0.0,0.0,0.0,0.0
18.0,998,0.0,0.0,0.0,0.0,0.0
18.0,999,0.0,0.0,0.0,0.0,0.0
18.0,1000,0.0,0.0,0.0,0.0,0.0
20.0,1,0.0,0.0,0.0,0.0,0.0
20.0,2,1.6666666666666667,0.0,0.0,0.0,0.0
20.0,3,1.3333333333333333,2.0,2.0,2.0,6.0
20.0,4,0.0,0.0,0.0,0.0,0.0
20.0,5,1.6666666666666667,0.0,0.0,0.0,0.0
20.0,6,1.3333333333333333,0.0,0.0,0.0,0.0
20.0,7,1.6666666666666667,1.6666666666666667,2.0,2.3333333333333335,5.333333333333333
20.0,8,0.6666666666666666,1.6666666666666667,2.0,2.3333333333333335,6.0
20.0,9,1.3333333333333333,1.6666666666666667,2.0,2.3333333333333335,5.666666666666667
20.0,10,1.6666666666666667,1.6666666666666667,2.0,2.3333333333333335,5.333333333333333
20.0,11,1.3333333333333333,1.6666666666666667,2.6666666666666665,2.0,5.666666666666667
20.0,12,1.3333333333333333,1.6666666666666667,2.3333333333333335,2.3333333333333335,5.666666666666667
20.0,13,1.6666666666666667,1.6666666666666667,2.3333333333333335,2.3333333333333335,5.333333333333333
20.0,14,1.6666666666666667,0.0,0.0,0.0,0.0
20.0,15,0.0,0.0,0.0,0.0,0.0
20.0,16,1.3333333333333333,1.6666666666666667,3.0,2.3333333333333335,5.0
20.0,17,1.3333333333333333,2.0,2.3333333333333335,2.0,5.333333333333333
20.0,18,0.0,0.0,0.0,0.0,0.0
20.0,19,1.6666666666666667,1.6666666666666667,2.3333333333333335,2.3333333333333335,5.333333333333333
20.0,20,0.0,0.0,0.0,0.0,0.0
20.0,21,1.3333333333333333,1.6666666666666667,2.6666666666666665,2.3333333333333335,5.0
20.0,22,0.0,0.0,0.0,0.0,0.0
20.0,23,1.6666666666666667,2.0,2.6666666666666665,2.0,5.0
20.0,24,1.6666666666666667,0.0,0.0,0.0,0.0
20.0,25,1.3333333333333333,2.0,2.3333333333333335,2.6666666666666665,5.0
20.0,26,0.0,0.0,0.0,0.0,0.0
20.0,27,0.6666666666666666,1.6666666666666667,2.6666666666666665,2.6666666666666665,5.333333333333333
20.0,28,1.3333333333333333,1.3333333333333333,2.6666666666666665,2.6666666666666665,5.333333333333333
20.0,29,1.6666666666666667,1.3333333333333333,2.3333333333333335,2.6666666666666665,5.333333333333333
20.0,30,0.0,0.0,0.0,0.0,0.0
20.0,31,1.6666666666666667,1.3333333333333333,2.6666666666666665,2.6666666666666665,5.0
20.0,32,1.0,1.6666666666666667,0.0,0.0,0.0
20.0,33,1.3333333333333333,1.6666666666666667,2.3333333333333335,2.6666666666666665,5.333333333333333
20.0,34,1.3333333333333333,1.6666666666666667,2.6666666666666665,2.6666666666666665,5.0
20.0,35,1.3333333333333333,1.6666666666666667,3.0,2.3333333333333335,5.0
20.0,36,1.6666666666666667,0.0,0.0,0.0,0.0
20.0,37,1.6666666666666667,1.3333333333333333,2.6666666666666665,2.3333333333333335,5.333333333333333
20.0,38,1.3333333333333333,2.0,2.3333333333333335,2.6666666666666665,5.0
20.0,39,0.0,0.0,0.0,0.0,0.0
20.0,40,0.0,0.0,0.0,0.0,0.0
20.0,41,1.3333333333333333,1.3333333333333333,2.6666666666666665,2.3333333333333335,5.333333333333333
20.0,42,0.0,0.0,0.0,0.0,0.0
20.0,43,1.6666666666666667,1.6666666666666667,2.3333333333333335,2.3333333333333335,5.333333333333333
20.0,44,1.6666666666666667,1.6666666666666667,2.6666666666666665,2.3333333333333335,5.0
20.0,45,1.3333333333333333,1.3333333333333333,3.0,2.3333333333333335,5.333333333333333
20.0,46,1.6666666666666667,1.3333333333333333,2.6666666666666665,2.6666666666666665,4.666666666666667
20.0,47,1.6666666666666667,1.6666666666666667,0.0,0.0,0.0
20.0,48,1.0,1.6666666666666667,2.6666666666666665,2.3333333333333335,5.666666666666667
20.0,49,1.0,1.6666666666666667,3.0,2.3333333333333335,5.333333333333333
20.0,50,1.3333333333333333,0.0,0.0,0.0,0.0
20.0,51,0.0,0.0,0.0,0.0,0.0
20.0,52,0.0,0.0,0.0,0.0,0.0
20.0,53,0.0,0.0,0.0,0.0,0.0
20.0,54,0.0,0.0,0.0,0.0,0.0
20.0,55,0.0,0.0,0.0,0.0,0.0
20.0,56,0.0,0.0,0.0,0.0,0.0
20.0,57,0.0,0.0,0.0,0.0,0.0
20.0,58,0.0,0.0,0.0,0.0,0.0
20.0,59,0.0,0.0,0.0,0.0,0.0
20.0,60,0.0,0.0,0.0,0.0,0.0
20.0,61,0.0,0.0,0.0,0.0,0.0
20.0,62,0.0,0.0,0.0,0.0,0.0
20.0,63,0.0,0.0,0.0,0.0,0.0
20.0,64,0.0,0.0,0.0,0.0,0.0
20.0,65,0.0,0.0,0.0,0.0,0.0
20.0,66,0.0,0.0,0.0,0.0,0.0
20.0,67,0.0,0.0,0.0,0.0,0.0
20.0,68,0.0,0.0,0.0,0.0,0.0
20.0,69,0.0,0.0,0.0,0.0,0.0
20.0,70,0.0,0.0,0.0,0.0,0.0
20.0,71,0.0,0.0,0.0,0.0,0.0
20.0,72,0.0,0.0,0.0,0.0,0.0
20.0,73,0.0,0.0,0.0,0.0,0.0
20.0,74,0.0,0.0,0.0,0.0,0.0
20.0,75,0.0,0.0,0.0,0.0,0.0
20.0,76,0.0,0.0,0.0,0.0,0.0
20.0,77,0.0,0.0,0.0,0.0,0.0
20.0,78,0.0,0.0,0.0,0.0,0.0
20.0,79,0.0,0.0,0.0,0.0,0.0
20.0,80,0.0,0.0,0.0,0.0,0.0
20.0,81,0.0,0.0,0.0,0.0,0.0
20.0,82,0.0,0.0,0.0,0.0,0.0
20.0,83,0.0,0.0,0.0,0.0,0.0
20.0,84,0.0,0.0,0.0,0.0,0.0
20.0,85,0.0,0.0,0.0,0.0,0.0
20.0,86,0.0,0.0,0.0,0.0,0.0
20.0,87,0.0,0.0,0.0,0.0,0.0
20.0,88,0.0,0.0,0.0,0.0,0.0
20.0,89,0.0,0.0,0.0,0.0,0.0
20.0,90,0.0,0.0,0.0,0.0,0.0
20.0,91,0.0,0.0,0.0,0.0,0.0
20.0,92,0.0,0.0,0.0,0.0,0.0
20.0,93,0.0,0.0,0.0,0.0,0.0
20.0,94,0.0,0.0,0.0,0.0,0.0
20.0,95,0.0,0.0,0.0,0.0,0.0
20.0,96,0.0,0.0,0.0,0.0,0.0
20.0,97,0.0,0.0,0.0,0.0,0.0
20.0,98,0.0,0.0,0.0,0.0,0.0
20.0,99,0.0,0.0,0.0,0.0,0.0
20.0,100,0.0,0.0,0.0,0.0,0.0
20.0,101,0.0,0.0,0.0,0.0,0.0
20.0,102,0.0,0.0,0.0,0.0,0.0
20.0,103,0.0,0.0,0.0,0.0,0.0
20.0,104,0.0,0.0,0.0,0.0,0.0
20.0,105,0.0,0.0,0.0,0.0,0.0
20.0,106,0.0,0.0,0.0,0.0,0.0
20.0,107,0.0,0.0,0.0,0.0,0.0
20.0,108,0.0,0.0,0.0,0.0,0.0
20.0,109,0.0,0.0,0.0,0.0,0.0
20.0,110,0.0,0.0,0.0,0.0,0.0
20.0,111,0.0,0.0,0.0,0.0,0.0
20.0,112,0.0,0.0,0.0,0.0,0.0
20.0,113,0.0,0.0,0.0,0.0,0.0
20.0,114,0.0,0.0,0.0,0.0,0.0
20.0,115,0.0,0.0,0.0,0.0,0.0
20.0,116,0.0,0.0,0.0,0.0,0.0
20.0,117,0.0,0.0,0.0,0.0,0.0
20.0,118,0.0,0.0,0.0,0.0,0.0
20.0,119,0.0,0.0,0.0,0.0,0.0
20.0,120,0.0,0.0,0.0,0.0,0.0
20.0,121,0.0,0.0,0.0,0.0,0.0
20.0,122,0.0,0.0,0.0,0.0,0.0
20.0,123,0.0,0.0,0.0,0.0,0.0
20.0,124,0.0,0.0,0.0,0.0,0.0
20.0,125,0.0,0.0,0.0,0.0,0.0
20.0,126,0.0,0.0,0.0,0.0,0.0
20.0,127,0.0,0.0,0.0,0.0,0.0
20.0,128,0.0,0.0,0.0,0.0,0.0
20.0,129,0.0,0.0,0.0,0.0,0.0
20.0,130,0.0,0.0,0.0,0.0,0.0
20.0,131,0.0,0.0,0.0,0.0,0.0
20.0,132,0.0,0.0,0.0,0.0,0.0
20.0,133,0.0,0.0,0.0,0.0,0.0
20.0,134,0.0,0.0,0.0,0.0,0.0
20.0,135,0.0,0.0,0.0,0.0,0.0
20.0,136,0.0,0.0,0.0,0.0,0.0
20.0,137,0.0,0.0,0.0,0.0,0.0
20.0,138,0.0,0.0,0.0,0.0,0.0
20.0,139,0.0,0.0,0.0,0.0,0.0
20.0,140,0.0,0.0,0.0,0.0,0.0
20.0,141,0.0,0.0,0.0,0.0,0.0
20.0,142,0.0,0.0,0.0,0.0,0.0
20.0,143,0.0,0.0,0.0,0.0,0.0
20.0,144,0.0,0.0,0.0,0.0,0.0
20.0,145,0.0,0.0,0.0,0.0,0.0
20.0,146,0.0,0.0,0.0,0.0,0.0
20.0,147,0.0,0.0,0.0,0.0,0.0
20.0,148,0.0,0.0,0.0,0.0,0.0
20.0,149,0.0,0.0,0.0,0.0,0.0
20.0,150,0.0,0.0,0.0,0.0,0.0
20.0,151,0.0,0.0,0.0,0.0,0.0
20.0,152,0.0,0.0,0.0,0.0,0.0
20.0,153,0.0,0.0,0.0,0.0,0.0
20.0,154,0.0,0.0,0.0,0.0,0.0
20.0,155,0.0,0.0,0.0,0.0,0.0
20.0,156,0.0,0.0,0.0,0.0,0.0
20.0,157,0.0,0.0,0.0,0.0,0.0
20.0,158,0.0,0.0,0.0,0.0,0.0
20.0,159,0.0,0.0,0.0,0.0,0.0
20.0,160,0.0,0.0,0.0,0.0,0.0
20.0,161,0.0,0.0,0.0,0.0,0.0
20.0,162,0.0,0.0,0.0,0.0,0.0
20.0,163,0.0,0.0,0.0,0.0,0.0
20.0,164,0.0,0.0,0.0,0.0,0.0
20.0,165,0.0,0.0,0.0,0.0,0.0
20.0,166,0.0,0.0,0.0,0.0,0.0
20.0,167,0.0,0.0,0.0,0.0,0.0
20.0,168,0.0,0.0,0.0,0.0,0.0
20.0,169,0.0,0.0,0.0,0.0,0.0
20.0,170,0.0,0.0,0.0,0.0,0.0
20.0,171,0.0,0.0,0.0,0.0,0.0
20.0,172,0.0,0.0,0.0,0.0,0.0
20.0,173,0.0,0.0,0.0,0.0,0.0
20.0,174,0.0,0.0,0.0,0.0,0.0
20.0,175,0.0,0.0,0.0,0.0,0.0
20.0,176,0.0,0.0,0.0,0.0,0.0
20.0,177,0.0,0.0,0.0,0.0,0.0
20.0,178,0.0,0.0,0.0,0.0,0.0
20.0,179,0.0,0.0,0.0,0.0,0.0
20.0,180,0.0,0.0,0.0,0.0,0.0
20.0,181,0.0,0.0,0.0,0.0,0.0
20.0,182,0.0,0.0,0.0,0.0,0.0
20.0,183,0.0,0.0,0.0,0.0,0.0
20.0,184,0.0,0.0,0.0,0.0,0.0
20.0,185,0.0,0.0,0.0,0.0,0.0
20.0,186,0.0,0.0,0.0,0.0,0.0
20.0,187,0.0,0.0,0.0,0.0,0.0
20.0,188,0.0,0.0,0.0,0.0,0.0
20.0,189,0.0,0.0,0.0,0.0,0.0
20.0,190,0.0,0.0,0.0,0.0,0.0
20.0,191,0.0,0.0,0.0,0.0,0.0
20.0,192,0.0,0.0,0.0,0.0,0.0
20.0,193,0.0,0.0,0.0,0.0,0.0
20.0,194,0.0,0.0,0.0,0.0,0.0
20.0,195,0.0,0.0,0.0,0.0,0.0
20.0,196,0.0,0.0,0.0,0.0,0.0
20.0,197,0.0,0.0,0.0,0.0,0.0
20.0,198,0.0,0.0,0.0,0.0,0.0
20.0,199,0.0,0.0,0.0,0.0,0.0
20.0,200,0.0,0.0,0.0,0.0,0.0
20.0,201,0.0,0.0,0.0,0.0,0.0
20.0,202,0.0,0.0,0.0,0.0,0.0
20.0,203,0.0,0.0,0.0,0.0,0.0
20.0,204,0.0,0.0,0.0,0.0,0.0
20.0,205,0.0,0.0,0.0,0.0,0.0
20.0,206,0.0,0.0,0.0,0.0,0.0
20.0,207,0.0,0.0,0.0,0.0,0.0
20.0,208,0.0,0.0,0.0,0.0,0.0
20.0,209,0.0,0.0,0.0,0.0,0.0
20.0,210,0.0,0.0,0.0,0.0,0.0
20.0,211,0.0,0.0,0.0,0.0,0.0
20.0,212,0.0,0.0,0.0,0.0,0.0
20.0,213,0.0,0.0,0.0,0.0,0.0
20.0,214,0.0,0.0,0.0,0.0,0.0
20.0,215,0.0,0.0,0.0,0.0,0.0
20.0,216,0.0,0.0,0.0,0.0,0.0
20.0,217,0.0,0.0,0.0,0.0,0.0
20.0,218,0.0,0.0,0.0,0.0,0.0
20.0,219,0.0,0.0,0.0,0.0,0.0
20.0,220,0.0,0.0,0.0,0.0,0.0
20.0,221,0.0,0.0,0.0,0.0,0.0
20.0,222,0.0,0.0,0.0,0.0,0.0
20.0,223,0.0,0.0,0.0,0.0,0.0
20.0,224,0.0,0.0,0.0,0.0,0.0
20.0,225,0.0,0.0,0.0,0.0,0.0
20.0,226,0.0,0.0,0.0,0.0,0.0
20.0,227,0.0,0.0,0.0,0.0,0.0
20.0,228,0.0,0.0,0.0,0.0,0.0
20.0,229,0.0,0.0,0.0,0.0,0.0
20.0,230,0.0,0.0,0.0,0.0,0.0
20.0,231,0.0,0.0,0.0,0.0,0.0
20.0,232,0.0,0.0,0.0,0.0,0.0
20.0,233,0.0,0.0,0.0,0.0,0.0
20.0,234,0.0,0.0,0.0,0.0,0.0
20.0,235,0.0,0.0,0.0,0.0,0.0
20.0,236,0.0,0.0,0.0,0.0,0.0
20.0,237,0.0,0.0,0.0,0.0,0.0
20.0,238,0.0,0.0,0.0,0.0,0.0
20.0,239,0.0,0.0,0.0,0.0,0.0
20.0,240,0.0,0.0,0.0,0.0,0.0
20.0,241,0.0,0.0,0.0,0.0,0.0
20.0,242,0.0,0.0,0.0,0.0,0.0
20.0,243,0.0,0.0,0.0,0.0,0.0
20.0,244,0.0,0.0,0.0,0.0,0.0
20.0,245,0.0,0.0,0.0,0.0,0.0
20.0,246,0.0,0.0,0.0,0.0,0.0
20.0,247,0.0,0.0,0.0,0.0,0.0
20.0,248,0.0,0.0,0.0,0.0,0.0
20.0,249,0.0,0.0,0.0,0.0,0.0
20.0,250,0.0,0.0,0.0,0.0,0.0
20.0,251,0.0,0.0,0.0,0.0,0.0
20.0,252,0.0,0.0,0.0,0.0,0.0
20.0,253,0.0,0.0,0.0,0.0,0.0
20.0,254,0.0,0.0,0.0,0.0,0.0
20.0,255,0.0,0.0,0.0,0.0,0.0
20.0,256,0.0,0.0,0.0,0.0,0.0
20.0,257,0.0,0.0,0.0,0.0,0.0
20.0,258,0.0,0.0,0.0,0.0,0.0
20.0,259,0.0,0.0,0.0,0.0,0.0
20.0,260,0.0,0.0,0.0,0.0,0.0
20.0,261,0.0,0.0,0.0,0.0,0.0
20.0,262,0.0,0.0,0.0,0.0,0.0
20.0,263,0.0,0.0,0.0,0.0,0.0
20.0,264,0.0,0.0,0.0,0.0,0.0
20.0,265,0.0,0.0,0.0,0.0,0.0
20.0,266,0.0,0.0,0.0,0.0,0.0
20.0,267,0.0,0.0,0.0,0.0,0.0
20.0,268,0.0,0.0,0.0,0.0,0.0
20.0,269,0.0,0.0,0.0,0.0,0.0
20.0,270,0.0,0.0,0.0,0.0,0.0
20.0,271,0.0,0.0,0.0,0.0,0.0
20.0,272,0.0,0.0,0.0,0.0,0.0
20.0,273,0.0,0.0,0.0,0.0,0.0
20.0,274,0.0,0.0,0.0,0.0,0.0
20.0,275,0.0,0.0,0.0,0.0,0.0
20.0,276,0.0,0.0,0.0,0.0,0.0
20.0,277,0.0,0.0,0.0,0.0,0.0
20.0,278,0.0,0.0,0.0,0.0,0.0
20.0,279,0.0,0.0,0.0,0.0,0.0
20.0,280,0.0,0.0,0.0,0.0,0.0
20.0,281,0.0,0.0,0.0,0.0,0.0
20.0,282,0.0,0.0,0.0,0.0,0.0
20.0,283,0.0,0.0,0.0,0.0,0.0
20.0,284,0.0,0.0,0.0,0.0,0.0
20.0,285,0.0,0.0,0.0,0.0,0.0
20.0,286,0.0,0.0,0.0,0.0,0.0
20.0,287,0.0,0.0,0.0,0.0,0.0
20.0,288,0.0,0.0,0.0,0.0,0.0
20.0,289,0.0,0.0,0.0,0.0,0.0
20.0,290,0.0,0.0,0.0,0.0,0.0
20.0,291,0.0,0.0,0.0,0.0,0.0
20.0,292,0.0,0.0,0.0,0.0,0.0
20.0,293,0.0,0.0,0.0,0.0,0.0
20.0,294,0.0,0.0,0.0,0.0,0.0
20.0,295,0.0,0.0,0.0,0.0,0.0
20.0,296,0.0,0.0,0.0,0.0,0.0
20.0,297,0.0,0.0,0.0,0.0,0.0
20.0,298,0.0,0.0,0.0,0.0,0.0
20.0,299,0.0,0.0,0.0,0.0,0.0
20.0,300,0.0,0.0,0.0,0.0,0.0
20.0,301,0.0,0.0,0.0,0.0,0.0
20.0,302,0.0,0.0,0.0,0.0,0.0
20.0,303,0.0,0.0,0.0,0.0,0.0
20.0,304,0.0,0.0,0.0,0.0,0.0
20.0,305,0.0,0.0,0.0,0.0,0.0
20.0,306,0.0,0.0,0.0,0.0,0.0
20.0,307,0.0,0.0,0.0,0.0,0.0
20.0,308,0.0,0.0,0.0,0.0,0.0
20.0,309,0.0,0.0,0.0,0.0,0.0
20.0,310,0.0,0.0,0.0,0.0,0.0
20.0,311,0.0,0.0,0.0,0.0,0.0
20.0,312,0.0,0.0,0.0,0.0,0.0
20.0,313,0.0,0.0,0.0,0.0,0.0
20.0,314,0.0,0.0,0.0,0.0,0.0
20.0,315,0.0,0.0,0.0,0.0,0.0
20.0,316,0.0,0.0,0.0,0.0,0.0
20.0,317,0.0,0.0,0.0,0.0,0.0
20.0,318,0.0,0.0,0.0,0.0,0.0
20.0,319,0.0,0.0,0.0,0.0,0.0
20.0,320,0.0,0.0,0.0,0.0,0.0
20.0,321,0.0,0.0,0.0,0.0,0.0
20.0,322,0.0,0.0,0.0,0.0,0.0
20.0,323,0.0,0.0,0.0,0.0,0.0
20.0,324,0.0,0.0,0.0,0.0,0.0
20.0,325,0.0,0.0,0.0,0.0,0.0
20.0,326,0.0,0.0,0.0,0.0,0.0
20.0,327,0.0,0.0,0.0,0.0,0.0
20.0,328,0.0,0.0,0.0,0.0,0.0
20.0,329,0.0,0.0,0.0,0.0,0.0
20.0,330,0.0,0.0,0.0,0.0,0.0
20.0,331,0.0,0.0,0.0,0.0,0.0
20.0,332,0.0,0.0,0.0,0.0,0.0
20.0,333,0.0,0.0,0.0,0.0,0.0
20.0,334,0.0,0.0,0.0,0.0,0.0
20.0,335,0.0,0.0,0.0,0.0,0.0
20.0,336,0.0,0.0,0.0,0.0,0.0
20.0,337,0.0,0.0,0.0,0.0,0.0
20.0,338,0.0,0.0,0.0,0.0,0.0
20.0,339,0.0,0.0,0.0,0.0,0.0
20.0,340,0.0,0.0,0.0,0.0,0.0
20.0,341,0.0,0.0,0.0,0.0,0.0
20.0,342,0.0,0.0,0.0,0.0,0.0
20.0,343,0.0,0.0,0.0,0.0,0.0
20.0,344,0.0,0.0,0.0,0.0,0.0
20.0,345,0.0,0.0,0.0,0.0,0.0
20.0,346,0.0,0.0,0.0,0.0,0.0
20.0,347,0.0,0.0,0.0,0.0,0.0
20.0,348,0.0,0.0,0.0,0.0,0.0
20.0,349,0.0,0.0,0.0,0.0,0.0
20.0,350,0.0,0.0,0.0,0.0,0.0
20.0,351,0.0,0.0,0.0,0.0,0.0
20.0,352,0.0,0.0,0.0,0.0,0.0
20.0,353,0.0,0.0,0.0,0.0,0.0
20.0,354,0.0,0.0,0.0,0.0,0.0
20.0,355,0.0,0.0,0.0,0.0,0.0
20.0,356,0.0,0.0,0.0,0.0,0.0
20.0,357,0.0,0.0,0.0,0.0,0.0
20.0,358,0.0,0.0,0.0,0.0,0.0
20.0,359,0.0,0.0,0.0,0.0,0.0
20.0,360,0.0,0.0,0.0,0.0,0.0
20.0,361,0.0,0.0,0.0,0.0,0.0
20.0,362,0.0,0.0,0.0,0.0,0.0
20.0,363,0.0,0.0,0.0,0.0,0.0
20.0,364,0.0,0.0,0.0,0.0,0.0
20.0,365,0.0,0.0,0.0,0.0,0.0
20.0,366,0.0,0.0,0.0,0.0,0.0
20.0,367,0.0,0.0,0.0,0.0,0.0
20.0,368,0.0,0.0,0.0,0.0,0.0
20.0,369,0.0,0.0,0.0,0.0,0.0
20.0,370,0.0,0.0,0.0,0.0,0.0
20.0,371,0.0,0.0,0.0,0.0,0.0
20.0,372,0.0,0.0,0.0,0.0,0.0
20.0,373,0.0,0.0,0.0,0.0,0.0
20.0,374,0.0,0.0,0.0,0.0,0.0
20.0,375,0.0,0.0,0.0,0.0,0.0
20.0,376,0.0,0.0,0.0,0.0,0.0
20.0,377,0.0,0.0,0.0,0.0,0.0
20.0,378,0.0,0.0,0.0,0.0,0.0
20.0,379,0.0,0.0,0.0,0.0,0.0
20.0,380,0.0,0.0,0.0,0.0,0.0
20.0,381,0.0,0.0,0.0,0.0,0.0
20.0,382,0.0,0.0,0.0,0.0,0.0
20.0,383,0.0,0.0,0.0,0.0,0.0
20.0,384,0.0,0.0,0.0,0.0,0.0
20.0,385,0.0,0.0,0.0,0.0,0.0
20.0,386,0.0,0.0,0.0,0.0,0.0
20.0,387,0.0,0.0,0.0,0.0,0.0
20.0,388,0.0,0.0,0.0,0.0,0.0
20.0,389,0.0,0.0,0.0,0.0,0.0
20.0,390,0.0,0.0,0.0,0.0,0.0
20.0,391,0.0,0.0,0.0,0.0,0.0
20.0,392,0.0,0.0,0.0,0.0,0.0
20.0,393,0.0,0.0,0.0,0.0,0.0
20.0,394,0.0,0.0,0.0,0.0,0.0
20.0,395,0.0,0.0,0.0,0.0,0.0
20.0,396,0.0,0.0,0.0,0.0,0.0
20.0,397,0.0,0.0,0.0,0.0,0.0
20.0,398,0.0,0.0,0.0,0.0,0.0
20.0,399,0.0,0.0,0.0,0.0,0.0
20.0,400,0.0,0.0,0.0,0.0,0.0
20.0,401,0.0,0.0,0.0,0.0,0.0
20.0,402,0.0,0.0,0.0,0.0,0.0
20.0,403,0.0,0.0,0.0,0.0,0.0
20.0,404,0.0,0.0,0.0,0.0,0.0
20.0,405,0.0,0.0,0.0,0.0,0.0
20.0,406,0.0,0.0,0.0,0.0,0.0
20.0,407,0.0,0.0,0.0,0.0,0.0
20.0,408,0.0,0.0,0.0,0.0,0.0
20.0,409,0.0,0.0,0.0,0.0,0.0
20.0,410,0.0,0.0,0.0,0.0,0.0
20.0,411,0.0,0.0,0.0,0.0,0.0
20.0,412,0.0,0.0,0.0,0.0,0.0
20.0,413,0.0,0.0,0.0,0.0,0.0
20.0,414,0.0,0.0,0.0,0.0,0.0
20.0,415,0.0,0.0,0.0,0.0,0.0
20.0,416,0.0,0.0,0.0,0.0,0.0
20.0,417,0.0,0.0,0.0,0.0,0.0
20.0,418,0.0,0.0,0.0,0.0,0.0
20.0,419,0.0,0.0,0.0,0.0,0.0
20.0,420,0.0,0.0,0.0,0.0,0.0
20.0,421,0.0,0.0,0.0,0.0,0.0
20.0,422,0.0,0.0,0.0,0.0,0.0
20.0,423,0.0,0.0,0.0,0.0,0.0
20.0,424,0.0,0.0,0.0,0.0,0.0
20.0,425,0.0,0.0,0.0,0.0,0.0
20.0,426,0.0,0.0,0.0,0.0,0.0
20.0,427,0.0,0.0,0.0,0.0,0.0
20.0,428,0.0,0.0,0.0,0.0,0.0
20.0,429,0.0,0.0,0.0,0.0,0.0
20.0,430,0.0,0.0,0.0,0.0,0.0
20.0,431,0.0,0.0,0.0,0.0,0.0
20.0,432,0.0,0.0,0.0,0.0,0.0
20.0,433,0.0,0.0,0.0,0.0,0.0
20.0,434,0.0,0.0,0.0,0.0,0.0
20.0,435,0.0,0.0,0.0,0.0,0.0
20.0,436,0.0,0.0,0.0,0.0,0.0
20.0,437,0.0,0.0,0.0,0.0,0.0
20.0,438,0.0,0.0,0.0,0.0,0.0
20.0,439,0.0,0.0,0.0,0.0,0.0
20.0,440,0.0,0.0,0.0,0.0,0.0
20.0,441,0.0,0.0,0.0,0.0,0.0
20.0,442,0.0,0.0,0.0,0.0,0.0
20.0,443,0.0,0.0,0.0,0.0,0.0
20.0,444,0.0,0.0,0.0,0.0,0.0
20.0,445,0.0,0.0,0.0,0.0,0.0
20.0,446,0.0,0.0,0.0,0.0,0.0
20.0,447,0.0,0.0,0.0,0.0,0.0
20.0,448,0.0,0.0,0.0,0.0,0.0
20.0,449,0.0,0.0,0.0,0.0,0.0
20.0,450,0.0,0.0,0.0,0.0,0.0
20.0,451,0.0,0.0,0.0,0.0,0.0
20.0,452,0.0,0.0,0.0,0.0,0.0
20.0,453,0.0,0.0,0.0,0.0,0.0
20.0,454,0.0,0.0,0.0,0.0,0.0
20.0,455,0.0,0.0,0.0,0.0,0.0
20.0,456,0.0,0.0,0.0,0.0,0.0
20.0,457,0.0,0.0,0.0,0.0,0.0
20.0,458,0.0,0.0,0.0,0.0,0.0
20.0,459,0.0,0.0,0.0,0.0,0.0
20.0,460,0.0,0.0,0.0,0.0,0.0
20.0,461,0.0,0.0,0.0,0.0,0.0
20.0,462,0.0,0.0,0.0,0.0,0.0
20.0,463,0.0,0.0,0.0,0.0,0.0
20.0,464,0.0,0.0,0.0,0.0,0.0
20.0,465,0.0,0.0,0.0,0.0,0.0
20.0,466,0.0,0.0,0.0,0.0,0.0
20.0,467,0.0,0.0,0.0,0.0,0.0
20.0,468,0.0,0.0,0.0,0.0,0.0
20.0,469,0.0,0.0,0.0,0.0,0.0
20.0,470,0.0,0.0,0.0,0.0,0.0
20.0,471,0.0,0.0,0.0,0.0,0.0
20.0,472,0.0,0.0,0.0,0.0,0.0
20.0,473,0.0,0.0,0.0,0.0,0.0
20.0,474,0.0,0.0,0.0,0.0,0.0
20.0,475,0.0,0.0,0.0,0.0,0.0
20.0,476,0.0,0.0,0.0,0.0,0.0
20.0,477,0.0,0.0,0.0,0.0,0.0
20.0,478,0.0,0.0,0.0,0.0,0.0
20.0,479,0.0,0.0,0.0,0.0,0.0
20.0,480,0.0,0.0,0.0,0.0,0.0
20.0,481,0.0,0.0,0.0,0.0,0.0
20.0,482,0.0,0.0,0.0,0.0,0.0
20.0,483,0.0,0.0,0.0,0.0,0.0
20.0,484,0.0,0.0,0.0,0.0,0.0
20.0,485,0.0,0.0,0.0,0.0,0.0
20.0,486,0.0,0.0,0.0,0.0,0.0
20.0,487,0.0,0.0,0.0,0.0,0.0
20.0,488,0.0,0.0,0.0,0.0,0.0
20.0,489,0.0,0.0,0.0,0.0,0.0
20.0,490,0.0,0.0,0.0,0.0,0.0
20.0,491,0.0,0.0,0.0,0.0,0.0
20.0,492,0.0,0.0,0.0,0.0,0.0
20.0,493,0.0,0.0,0.0,0.0,0.0
20.0,494,0.0,0.0,0.0,0.0,0.0
20.0,495,0.0,0.0,0.0,0.0,0.0
20.0,496,0.0,0.0,0.0,0.0,0.0
20.0,497,0.0,0.0,0.0,0.0,0.0
20.0,498,0.0,0.0,0.0,0.0,0.0
20.0,499,0.0,0.0,0.0,0.0,0.0
20.0,500,0.0,0.0,0.0,0.0,0.0
20.0,501,0.0,0.0,0.0,0.0,0.0
20.0,502,0.0,0.0,0.0,0.0,0.0
20.0,503,0.0,0.0,0.0,0.0,0.0
20.0,504,0.0,0.0,0.0,0.0,0.0
20.0,505,0.0,0.0,0.0,0.0,0.0
20.0,506,0.0,0.0,0.0,0.0,0.0
20.0,507,0.0,0.0,0.0,0.0,0.0
20.0,508,0.0,0.0,0.0,0.0,0.0
20.0,509,0.0,0.0,0.0,0.0,0.0
20.0,510,0.0,0.0,0.0,0.0,0.0
20.0,511,0.0,0.0,0.0,0.0,0.0
20.0,512,0.0,0.0,0.0,0.0,0.0
20.0,513,0.0,0.0,0.0,0.0,0.0
20.0,514,0.0,0.0,0.0,0.0,0.0
20.0,515,0.0,0.0,0.0,0.0,0.0
20.0,516,0.0,0.0,0.0,0.0,0.0
20.0,517,0.0,0.0,0.0,0.0,0.0
20.0,518,0.0,0.0,0.0,0.0,0.0
20.0,519,0.0,0.0,0.0,0.0,0.0
20.0,520,0.0,0.0,0.0,0.0,0.0
20.0,521,0.0,0.0,0.0,0.0,0.0
20.0,522,0.0,0.0,0.0,0.0,0.0
20.0,523,0.0,0.0,0.0,0.0,0.0
20.0,524,0.0,0.0,0.0,0.0,0.0
20.0,525,0.0,0.0,0.0,0.0,0.0
20.0,526,0.0,0.0,0.0,0.0,0.0
20.0,527,0.0,0.0,0.0,0.0,0.0
20.0,528,0.0,0.0,0.0,0.0,0.0
20.0,529,0.0,0.0,0.0,0.0,0.0
20.0,530,0.0,0.0,0.0,0.0,0.0
20.0,531,0.0,0.0,0.0,0.0,0.0
20.0,532,0.0,0.0,0.0,0.0,0.0
20.0,533,0.0,0.0,0.0,0.0,0.0
20.0,534,0.0,0.0,0.0,0.0,0.0
20.0,535,0.0,0.0,0.0,0.0,0.0
20.0,536,0.0,0.0,0.0,0.0,0.0
20.0,537,0.0,0.0,0.0,0.0,0.0
20.0,538,0.0,0.0,0.0,0.0,0.0
20.0,539,0.0,0.0,0.0,0.0,0.0
20.0,540,0.0,0.0,0.0,0.0,0.0
20.0,541,0.0,0.0,0.0,0.0,0.0
20.0,542,0.0,0.0,0.0,0.0,0.0
20.0,543,0.0,0.0,0.0,0.0,0.0
20.0,544,0.0,0.0,0.0,0.0,0.0
20.0,545,0.0,0.0,0.0,0.0,0.0
20.0,546,0.0,0.0,0.0,0.0,0.0
20.0,547,0.0,0.0,0.0,0.0,0.0
20.0,548,0.0,0.0,0.0,0.0,0.0
20.0,549,0.0,0.0,0.0,0.0,0.0
20.0,550,0.0,0.0,0.0,0.0,0.0
20.0,551,0.0,0.0,0.0,0.0,0.0
20.0,552,0.0,0.0,0.0,0.0,0.0
20.0,553,0.0,0.0,0.0,0.0,0.0
20.0,554,0.0,0.0,0.0,0.0,0.0
20.0,555,0.0,0.0,0.0,0.0,0.0
20.0,556,0.0,0.0,0.0,0.0,0.0
20.0,557,0.0,0.0,0.0,0.0,0.0
20.0,558,0.0,0.0,0.0,0.0,0.0
20.0,559,0.0,0.0,0.0,0.0,0.0
20.0,560,0.0,0.0,0.0,0.0,0.0
20.0,561,0.0,0.0,0.0,0.0,0.0
20.0,562,0.0,0.0,0.0,0.0,0.0
20.0,563,0.0,0.0,0.0,0.0,0.0
20.0,564,0.0,0.0,0.0,0.0,0.0
20.0,565,0.0,0.0,0.0,0.0,0.0
20.0,566,0.0,0.0,0.0,0.0,0.0
20.0,567,0.0,0.0,0.0,0.0,0.0
20.0,568,0.0,0.0,0.0,0.0,0.0
20.0,569,0.0,0.0,0.0,0.0,0.0
20.0,570,0.0,0.0,0.0,0.0,0.0
20.0,571,0.0,0.0,0.0,0.0,0.0
20.0,572,0.0,0.0,0.0,0.0,0.0
20.0,573,0.0,0.0,0.0,0.0,0.0
20.0,574,0.0,0.0,0.0,0.0,0.0
20.0,575,0.0,0.0,0.0,0.0,0.0
20.0,576,0.0,0.0,0.0,0.0,0.0
20.0,577,0.0,0.0,0.0,0.0,0.0
20.0,578,0.0,0.0,0.0,0.0,0.0
20.0,579,0.0,0.0,0.0,0.0,0.0
20.0,580,0.0,0.0,0.0,0.0,0.0
20.0,581,0.0,0.0,0.0,0.0,0.0
20.0,582,0.0,0.0,0.0,0.0,0.0
20.0,583,0.0,0.0,0.0,0.0,0.0
20.0,584,0.0,0.0,0.0,0.0,0.0
20.0,585,0.0,0.0,0.0,0.0,0.0
20.0,586,0.0,0.0,0.0,0.0,0.0
20.0,587,0.0,0.0,0.0,0.0,0.0
20.0,588,0.0,0.0,0.0,0.0,0.0
20.0,589,0.0,0.0,0.0,0.0,0.0
20.0,590,0.0,0.0,0.0,0.0,0.0
20.0,591,0.0,0.0,0.0,0.0,0.0
20.0,592,0.0,0.0,0.0,0.0,0.0
20.0,593,0.0,0.0,0.0,0.0,0.0
20.0,594,0.0,0.0,0.0,0.0,0.0
20.0,595,0.0,0.0,0.0,0.0,0.0
20.0,596,0.0,0.0,0.0,0.0,0.0
20.0,597,0.0,0.0,0.0,0.0,0.0
20.0,598,0.0,0.0,0.0,0.0,0.0
20.0,599,0.0,0.0,0.0,0.0,0.0
20.0,600,0.0,0.0,0.0,0.0,0.0
20.0,601,0.0,0.0,0.0,0.0,0.0
20.0,602,0.0,0.0,0.0,0.0,0.0
20.0,603,0.0,0.0,0.0,0.0,0.0
20.0,604,0.0,0.0,0.0,0.0,0.0
20.0,605,0.0,0.0,0.0,0.0,0.0
20.0,606,0.0,0.0,0.0,0.0,0.0
20.0,607,0.0,0.0,0.0,0.0,0.0
20.0,608,0.0,0.0,0.0,0.0,0.0
20.0,609,0.0,0.0,0.0,0.0,0.0
20.0,610,0.0,0.0,0.0,0.0,0.0
20.0,611,0.0,0.0,0.0,0.0,0.0
20.0,612,0.0,0.0,0.0,0.0,0.0
20.0,613,0.0,0.0,0.0,0.0,0.0
20.0,614,0.0,0.0,0.0,0.0,0.0
20.0,615,0.0,0.0,0.0,0.0,0.0
20.0,616,0.0,0.0,0.0,0.0,0.0
20.0,617,0.0,0.0,0.0,0.0,0.0
20.0,618,0.0,0.0,0.0,0.0,0.0
20.0,619,0.0,0.0,0.0,0.0,0.0
20.0,620,0.0,0.0,0.0,0.0,0.0
20.0,621,0.0,0.0,0.0,0.0,0.0
20.0,622,0.0,0.0,0.0,0.0,0.0
20.0,623,0.0,0.0,0.0,0.0,0.0
20.0,624,0.0,0.0,0.0,0.0,0.0
20.0,625,0.0,0.0,0.0,0.0,0.0
20.0,626,0.0,0.0,0.0,0.0,0.0
20.0,627,0.0,0.0,0.0,0.0,0.0
20.0,628,0.0,0.0,0.0,0.0,0.0
20.0,629,0.0,0.0,0.0,0.0,0.0
20.0,630,0.0,0.0,0.0,0.0,0.0
20.0,631,0.0,0.0,0.0,0.0,0.0
20.0,632,0.0,0.0,0.0,0.0,0.0
20.0,633,0.0,0.0,0.0,0.0,0.0
20.0,634,0.0,0.0,0.0,0.0,0.0
20.0,635,0.0,0.0,0.0,0.0,0.0
20.0,636,0.0,0.0,0.0,0.0,0.0
20.0,637,0.0,0.0,0.0,0.0,0.0
20.0,638,0.0,0.0,0.0,0.0,0.0
20.0,639,0.0,0.0,0.0,0.0,0.0
20.0,640,0.0,0.0,0.0,0.0,0.0
20.0,641,0.0,0.0,0.0,0.0,0.0
20.0,642,0.0,0.0,0.0,0.0,0.0
20.0,643,0.0,0.0,0.0,0.0,0.0
20.0,644,0.0,0.0,0.0,0.0,0.0
20.0,645,0.0,0.0,0.0,0.0,0.0
20.0,646,0.0,0.0,0.0,0.0,0.0
20.0,647,0.0,0.0,0.0,0.0,0.0
20.0,648,0.0,0.0,0.0,0.0,0.0
20.0,649,0.0,0.0,0.0,0.0,0.0
20.0,650,0.0,0.0,0.0,0.0,0.0
20.0,651,0.0,0.0,0.0,0.0,0.0
20.0,652,0.0,0.0,0.0,0.0,0.0
20.0,653,0.0,0.0,0.0,0.0,0.0
20.0,654,0.0,0.0,0.0,0.0,0.0
20.0,655,0.0,0.0,0.0,0.0,0.0
20.0,656,0.0,0.0,0.0,0.0,0.0
20.0,657,0.0,0.0,0.0,0.0,0.0
20.0,658,0.0,0.0,0.0,0.0,0.0
20.0,659,0.0,0.0,0.0,0.0,0.0
20.0,660,0.0,0.0,0.0,0.0,0.0
20.0,661,0.0,0.0,0.0,0.0,0.0
20.0,662,0.0,0.0,0.0,0.0,0.0
20.0,663,0.0,0.0,0.0,0.0,0.0
20.0,664,0.0,0.0,0.0,0.0,0.0
20.0,665,0.0,0.0,0.0,0.0,0.0
20.0,666,0.0,0.0,0.0,0.0,0.0
20.0,667,0.0,0.0,0.0,0.0,0.0
20.0,668,0.0,0.0,0.0,0.0,0.0
20.0,669,0.0,0.0,0.0,0.0,0.0
20.0,670,0.0,0.0,0.0,0.0,0.0
20.0,671,0.0,0.0,0.0,0.0,0.0
20.0,672,0.0,0.0,0.0,0.0,0.0
20.0,673,0.0,0.0,0.0,0.0,0.0
20.0,674,0.0,0.0,0.0,0.0,0.0
20.0,675,0.0,0.0,0.0,0.0,0.0
20.0,676,0.0,0.0,0.0,0.0,0.0
20.0,677,0.0,0.0,0.0,0.0,0.0
20.0,678,0.0,0.0,0.0,0.0,0.0
20.0,679,0.0,0.0,0.0,0.0,0.0
20.0,680,0.0,0.0,0.0,0.0,0.0
20.0,681,0.0,0.0,0.0,0.0,0.0
20.0,682,0.0,0.0,0.0,0.0,0.0
20.0,683,0.0,0.0,0.0,0.0,0.0
20.0,684,0.0,0.0,0.0,0.0,0.0
20.0,685,0.0,0.0,0.0,0.0,0.0
20.0,686,0.0,0.0,0.0,0.0,0.0
20.0,687,0.0,0.0,0.0,0.0,0.0
20.0,688,0.0,0.0,0.0,0.0,0.0
20.0,689,0.0,0.0,0.0,0.0,0.0
20.0,690,0.0,0.0,0.0,0.0,0.0
20.0,691,0.0,0.0,0.0,0.0,0.0
20.0,692,0.0,0.0,0.0,0.0,0.0
20.0,693,0.0,0.0,0.0,0.0,0.0
20.0,694,0.0,0.0,0.0,0.0,0.0
20.0,695,0.0,0.0,0.0,0.0,0.0
20.0,696,0.0,0.0,0.0,0.0,0.0
20.0,697,0.0,0.0,0.0,0.0,0.0
20.0,698,0.0,0.0,0.0,0.0,0.0
20.0,699,0.0,0.0,0.0,0.0,0.0
20.0,700,0.0,0.0,0.0,0.0,0.0
20.0,701,0.0,0.0,0.0,0.0,0.0
20.0,702,0.0,0.0,0.0,0.0,0.0
20.0,703,0.0,0.0,0.0,0.0,0.0
20.0,704,0.0,0.0,0.0,0.0,0.0
20.0,705,0.0,0.0,0.0,0.0,0.0
20.0,706,0.0,0.0,0.0,0.0,0.0
20.0,707,0.0,0.0,0.0,0.0,0.0
20.0,708,0.0,0.0,0.0,0.0,0.0
20.0,709,0.0,0.0,0.0,0.0,0.0
20.0,710,0.0,0.0,0.0,0.0,0.0
20.0,711,0.0,0.0,0.0,0.0,0.0
20.0,712,0.0,0.0,0.0,0.0,0.0
20.0,713,0.0,0.0,0.0,0.0,0.0
20.0,714,0.0,0.0,0.0,0.0,0.0
20.0,715,0.0,0.0,0.0,0.0,0.0
20.0,716,0.0,0.0,0.0,0.0,0.0
20.0,717,0.0,0.0,0.0,0.0,0.0
20.0,718,0.0,0.0,0.0,0.0,0.0
20.0,719,0.0,0.0,0.0,0.0,0.0
20.0,720,0.0,0.0,0.0,0.0,0.0
20.0,721,0.0,0.0,0.0,0.0,0.0
20.0,722,0.0,0.0,0.0,0.0,0.0
20.0,723,0.0,0.0,0.0,0.0,0.0
20.0,724,0.0,0.0,0.0,0.0,0.0
20.0,725,0.0,0.0,0.0,0.0,0.0
20.0,726,0.0,0.0,0.0,0.0,0.0
20.0,727,0.0,0.0,0.0,0.0,0.0
20.0,728,0.0,0.0,0.0,0.0,0.0
20.0,729,0.0,0.0,0.0,0.0,0.0
20.0,730,0.0,0.0,0.0,0.0,0.0
20.0,731,0.0,0.0,0.0,0.0,0.0
20.0,732,0.0,0.0,0.0,0.0,0.0
20.0,733,0.0,0.0,0.0,0.0,0.0
20.0,734,0.0,0.0,0.0,0.0,0.0
20.0,735,0.0,0.0,0.0,0.0,0.0
20.0,736,0.0,0.0,0.0,0.0,0.0
20.0,737,0.0,0.0,0.0,0.0,0.0
20.0,738,0.0,0.0,0.0,0.0,0.0
20.0,739,0.0,0.0,0.0,0.0,0.0
20.0,740,0.0,0.0,0.0,0.0,0.0
20.0,741,0.0,0.0,0.0,0.0,0.0
20.0,742,0.0,0.0,0.0,0.0,0.0
20.0,743,0.0,0.0,0.0,0.0,0.0
20.0,744,0.0,0.0,0.0,0.0,0.0
20.0,745,0.0,0.0,0.0,0.0,0.0
20.0,746,0.0,0.0,0.0,0.0,0.0
20.0,747,0.0,0.0,0.0,0.0,0.0
20.0,748,0.0,0.0,0.0,0.0,0.0
20.0,749,0.0,0.0,0.0,0.0,0.0
20.0,750,0.0,0.0,0.0,0.0,0.0
20.0,751,0.0,0.0,0.0,0.0,0.0
20.0,752,0.0,0.0,0.0,0.0,0.0
20.0,753,0.0,0.0,0.0,0.0,0.0
20.0,754,0.0,0.0,0.0,0.0,0.0
20.0,755,0.0,0.0,0.0,0.0,0.0
20.0,756,0.0,0.0,0.0,0.0,0.0
20.0,757,0.0,0.0,0.0,0.0,0.0
20.0,758,0.0,0.0,0.0,0.0,0.0
20.0,759,0.0,0.0,0.0,0.0,0.0
20.0,760,0.0,0.0,0.0,0.0,0.0
20.0,761,0.0,0.0,0.0,0.0,0.0
20.0,762,0.0,0.0,0.0,0.0,0.0
20.0,763,0.0,0.0,0.0,0.0,0.0
20.0,764,0.0,0.0,0.0,0.0,0.0
20.0,765,0.0,0.0,0.0,0.0,0.0
20.0,766,0.0,0.0,0.0,0.0,0.0
20.0,767,0.0,0.0,0.0,0.0,0.0
20.0,768,0.0,0.0,0.0,0.0,0.0
20.0,769,0.0,0.0,0.0,0.0,0.0
20.0,770,0.0,0.0,0.0,0.0,0.0
20.0,771,0.0,0.0,0.0,0.0,0.0
20.0,772,0.0,0.0,0.0,0.0,0.0
20.0,773,0.0,0.0,0.0,0.0,0.0
20.0,774,0.0,0.0,0.0,0.0,0.0
20.0,775,0.0,0.0,0.0,0.0,0.0
20.0,776,0.0,0.0,0.0,0.0,0.0
20.0,777,0.0,0.0,0.0,0.0,0.0
20.0,778,0.0,0.0,0.0,0.0,0.0
20.0,779,0.0,0.0,0.0,0.0,0.0
20.0,780,0.0,0.0,0.0,0.0,0.0
20.0,781,0.0,0.0,0.0,0.0,0.0
20.0,782,0.0,0.0,0.0,0.0,0.0
20.0,783,0.0,0.0,0.0,0.0,0.0
20.0,784,0.0,0.0,0.0,0.0,0.0
20.0,785,0.0,0.0,0.0,0.0,0.0
20.0,786,0.0,0.0,0.0,0.0,0.0
20.0,787,0.0,0.0,0.0,0.0,0.0
20.0,788,0.0,0.0,0.0,0.0,0.0
20.0,789,0.0,0.0,0.0,0.0,0.0
20.0,790,0.0,0.0,0.0,0.0,0.0
20.0,791,0.0,0.0,0.0,0.0,0.0
20.0,792,0.0,0.0,0.0,0.0,0.0
20.0,793,0.0,0.0,0.0,0.0,0.0
20.0,794,0.0,0.0,0.0,0.0,0.0
20.0,795,0.0,0.0,0.0,0.0,0.0
20.0,796,0.0,0.0,0.0,0.0,0.0
20.0,797,0.0,0.0,0.0,0.0,0.0
20.0,798,0.0,0.0,0.0,0.0,0.0
20.0,799,0.0,0.0,0.0,0.0,0.0
20.0,800,0.0,0.0,0.0,0.0,0.0
20.0,801,0.0,0.0,0.0,0.0,0.0
20.0,802,0.0,0.0,0.0,0.0,0.0
20.0,803,0.0,0.0,0.0,0.0,0.0
20.0,804,0.0,0.0,0.0,0.0,0.0
20.0,805,0.0,0.0,0.0,0.0,0.0
20.0,806,0.0,0.0,0.0,0.0,0.0
20.0,807,0.0,0.0,0.0,0.0,0.0
20.0,808,0.0,0.0,0.0,0.0,0.0
20.0,809,0.0,0.0,0.0,0.0,0.0
20.0,810,0.0,0.0,0.0,0.0,0.0
20.0,811,0.0,0.0,0.0,0.0,0.0
20.0,812,0.0,0.0,0.0,0.0,0.0
20.0,813,0.0,0.0,0.0,0.0,0.0
20.0,814,0.0,0.0,0.0,0.0,0.0
20.0,815,0.0,0.0,0.0,0.0,0.0
20.0,816,0.0,0.0,0.0,0.0,0.0
20.0,817,0.0,0.0,0.0,0.0,0.0
20.0,818,0.0,0.0,0.0,0.0,0.0
20.0,819,0.0,0.0,0.0,0.0,0.0
20.0,820,0.0,0.0,0.0,0.0,0.0
20.0,821,0.0,0.0,0.0,0.0,0.0
20.0,822,0.0,0.0,0.0,0.0,0.0
20.0,823,0.0,0.0,0.0,0.0,0.0
20.0,824,0.0,0.0,0.0,0.0,0.0
20.0,825,0.0,0.0,0.0,0.0,0.0
20.0,826,0.0,0.0,0.0,0.0,0.0
20.0,827,0.0,0.0,0.0,0.0,0.0
20.0,828,0.0,0.0,0.0,0.0,0.0
20.0,829,0.0,0.0,0.0,0.0,0.0
20.0,830,0.0,0.0,0.0,0.0,0.0
20.0,831,0.0,0.0,0.0,0.0,0.0
20.0,832,0.0,0.0,0.0,0.0,0.0
20.0,833,0.0,0.0,0.0,0.0,0.0
20.0,834,0.0,0.0,0.0,0.0,0.0
20.0,835,0.0,0.0,0.0,0.0,0.0
20.0,836,0.0,0.0,0.0,0.0,0.0
20.0,837,0.0,0.0,0.0,0.0,0.0
20.0,838,0.0,0.0,0.0,0.0,0.0
20.0,839,0.0,0.0,0.0,0.0,0.0
20.0,840,0.0,0.0,0.0,0.0,0.0
20.0,841,0.0,0.0,0.0,0.0,0.0
20.0,842,0.0,0.0,0.0,0.0,0.0
20.0,843,0.0,0.0,0.0,0.0,0.0
20.0,844,0.0,0.0,0.0,0.0,0.0
20.0,845,0.0,0.0,0.0,0.0,0.0
20.0,846,0.0,0.0,0.0,0.0,0.0
20.0,847,0.0,0.0,0.0,0.0,0.0
20.0,848,0.0,0.0,0.0,0.0,0.0
20.0,849,0.0,0.0,0.0,0.0,0.0
20.0,850,0.0,0.0,0.0,0.0,0.0
20.0,851,0.0,0.0,0.0,0.0,0.0
20.0,852,0.0,0.0,0.0,0.0,0.0
20.0,853,0.0,0.0,0.0,0.0,0.0
20.0,854,0.0,0.0,0.0,0.0,0.0
20.0,855,0.0,0.0,0.0,0.0,0.0
20.0,856,0.0,0.0,0.0,0.0,0.0
20.0,857,0.0,0.0,0.0,0.0,0.0
20.0,858,0.0,0.0,0.0,0.0,0.0
20.0,859,0.0,0.0,0.0,0.0,0.0
20.0,860,0.0,0.0,0.0,0.0,0.0
20.0,861,0.0,0.0,0.0,0.0,0.0
20.0,862,0.0,0.0,0.0,0.0,0.0
20.0,863,0.0,0.0,0.0,0.0,0.0
20.0,864,0.0,0.0,0.0,0.0,0.0
20.0,865,0.0,0.0,0.0,0.0,0.0
20.0,866,0.0,0.0,0.0,0.0,0.0
20.0,867,0.0,0.0,0.0,0.0,0.0
20.0,868,0.0,0.0,0.0,0.0,0.0
20.0,869,0.0,0.0,0.0,0.0,0.0
20.0,870,0.0,0.0,0.0,0.0,0.0
20.0,871,0.0,0.0,0.0,0.0,0.0
20.0,872,0.0,0.0,0.0,0.0,0.0
20.0,873,0.0,0.0,0.0,0.0,0.0
20.0,874,0.0,0.0,0.0,0.0,0.0
20.0,875,0.0,0.0,0.0,0.0,0.0
20.0,876,0.0,0.0,0.0,0.0,0.0
20.0,877,0.0,0.0,0.0,0.0,0.0
20.0,878,0.0,0.0,0.0,0.0,0.0
20.0,879,0.0,0.0,0.0,0.0,0.0
20.0,880,0.0,0.0,0.0,0.0,0.0
20.0,881,0.0,0.0,0.0,0.0,0.0
20.0,882,0.0,0.0,0.0,0.0,0.0
20.0,883,0.0,0.0,0.0,0.0,0.0
20.0,884,0.0,0.0,0.0,0.0,0.0
20.0,885,0.0,0.0,0.0,0.0,0.0
20.0,886,0.0,0.0,0.0,0.0,0.0
20.0,887,0.0,0.0,0.0,0.0,0.0
20.0,888,0.0,0.0,0.0,0.0,0.0
20.0,889,0.0,0.0,0.0,0.0,0.0
20.0,890,0.0,0.0,0.0,0.0,0.0
20.0,891,0.0,0.0,0.0,0.0,0.0
20.0,892,0.0,0.0,0.0,0.0,0.0
20.0,893,0.0,0.0,0.0,0.0,0.0
20.0,894,0.0,0.0,0.0,0.0,0.0
20.0,895,0.0,0.0,0.0,0.0,0.0
20.0,896,0.0,0.0,0.0,0.0,0.0
20.0,897,0.0,0.0,0.0,0.0,0.0
20.0,898,0.0,0.0,0.0,0.0,0.0
20.0,899,0.0,0.0,0.0,0.0,0.0
20.0,900,0.0,0.0,0.0,0.0,0.0
20.0,901,0.0,0.0,0.0,0.0,0.0
20.0,902,0.0,0.0,0.0,0.0,0.0
20.0,903,0.0,0.0,0.0,0.0,0.0
20.0,904,0.0,0.0,0.0,0.0,0.0
20.0,905,0.0,0.0,0.0,0.0,0.0
20.0,906,0.0,0.0,0.0,0.0,0.0
20.0,907,0.0,0.0,0.0,0.0,0.0
20.0,908,0.0,0.0,0.0,0.0,0.0
20.0,909,0.0,0.0,0.0,0.0,0.0
20.0,910,0.0,0.0,0.0,0.0,0.0
20.0,911,0.0,0.0,0.0,0.0,0.0
20.0,912,0.0,0.0,0.0,0.0,0.0
20.0,913,0.0,0.0,0.0,0.0,0.0
20.0,914,0.0,0.0,0.0,0.0,0.0
20.0,915,0.0,0.0,0.0,0.0,0.0
20.0,916,0.0,0.0,0.0,0.0,0.0
20.0,917,0.0,0.0,0.0,0.0,0.0
20.0,918,0.0,0.0,0.0,0.0,0.0
20.0,919,0.0,0.0,0.0,0.0,0.0
20.0,920,0.0,0.0,0.0,0.0,0.0
20.0,921,0.0,0.0,0.0,0.0,0.0
20.0,922,0.0,0.0,0.0,0.0,0.0
20.0,923,0.0,0.0,0.0,0.0,0.0
20.0,924,0.0,0.0,0.0,0.0,0.0
20.0,925,0.0,0.0,0.0,0.0,0.0
20.0,926,0.0,0.0,0.0,0.0,0.0
20.0,927,0.0,0.0,0.0,0.0,0.0
20.0,928,0.0,0.0,0.0,0.0,0.0
20.0,929,0.0,0.0,0.0,0.0,0.0
20.0,930,0.0,0.0,0.0,0.0,0.0
20.0,931,0.0,0.0,0.0,0.0,0.0
20.0,932,0.0,0.0,0.0,0.0,0.0
20.0,933,0.0,0.0,0.0,0.0,0.0
20.0,934,0.0,0.0,0.0,0.0,0.0
20.0,935,0.0,0.0,0.0,0.0,0.0
20.0,936,0.0,0.0,0.0,0.0,0.0
20.0,937,0.0,0.0,0.0,0.0,0.0
20.0,938,0.0,0.0,0.0,0.0,0.0
20.0,939,0.0,0.0,0.0,0.0,0.0
20.0,940,0.0,0.0,0.0,0.0,0.0
20.0,941,0.0,0.0,0.0,0.0,0.0
20.0,942,0.0,0.0,0.0,0.0,0.0
20.0,943,0.0,0.0,0.0,0.0,0.0
20.0,944,0.0,0.0,0.0,0.0,0.0
20.0,945,0.0,0.0,0.0,0.0,0.0
20.0,946,0.0,0.0,0.0,0.0,0.0
20.0,947,0.0,0.0,0.0,0.0,0.0
20.0,948,0.0,0.0,0.0,0.0,0.0
20.0,949,0.0,0.0,0.0,0.0,0.0
20.0,950,0.0,0.0,0.0,0.0,0.0
20.0,951,0.0,0.0,0.0,0.0,0.0
20.0,952,0.0,0.0,0.0,0.0,0.0
20.0,953,0.0,0.0,0.0,0.0,0.0
20.0,954,0.0,0.0,0.0,0.0,0.0
20.0,955,0.0,0.0,0.0,0.0,0.0
20.0,956,0.0,0.0,0.0,0.0,0.0
20.0,957,0.0,0.0,0.0,0.0,0.0
20.0,958,0.0,0.0,0.0,0.0,0.0
20.0,959,0.0,0.0,0.0,0.0,0.0
20.0,960,0.0,0.0,0.0,0.0,0.0
20.0,961,0.0,0.0,0.0,0.0,0.0
20.0,962,0.0,0.0,0.0,0.0,0.0
20.0,963,0.0,0.0,0.0,0.0,0.0
20.0,964,0.0,0.0,0.0,0.0,0.0
20.0,965,0.0,0.0,0.0,0.0,0.0
20.0,966,0.0,0.0,0.0,0.0,0.0
20.0,967,0.0,0.0,0.0,0.0,0.0
20.0,968,0.0,0.0,0.0,0.0,0.0
20.0,969,0.0,0.0,0.0,0.0,0.0
20.0,970,0.0,0.0,0.0,0.0,0.0
20.0,971,0.0,0.0,0.0,0.0,0.0
20.0,972,0.0,0.0,0.0,0.0,0.0
20.0,973,0.0,0.0,0.0,0.0,0.0
20.0,974,0.0,0.0,0.0,0.0,0.0
20.0,975,0.0,0.0,0.0,0.0,0.0
20.0,976,0.0,0.0,0.0,0.0,0.0
20.0,977,0.0,0.0,0.0,0.0,0.0
20.0,978,0.0,0.0,0.0,0.0,0.0
20.0,979,0.0,0.0,0.0,0.0,0.0
20.0,980,0.0,0.0,0.0,0.0,0.0
20.0,981,0.0,0.0,0.0,0.0,0.0
20.0,982,0.0,0.0,0.0,0.0,0.0
20.0,983,0.0,0.0,0.0,0.0,0.0
20.0,984,0.0,0.0,0.0,0.0,0.0
20.0,985,0.0,0.0,0.0,0.0,0.0
20.0,986,0.0,0.0,0.0,0.0,0.0
20.0,987,0.0,0.0,0.0,0.0,0.0
20.0,988,0.0,0.0,0.0,0.0,0.0
20.0,989,0.0,0.0,0.0,0.0,0.0
20.0,990,0.0,0.0,0.0,0.0,0.0
20.0,991,0.0,0.0,0.0,0.0,0.0
20.0,992,0.0,0.0,0.0,0.0,0.0
20.0,993,0.0,0.0,0.0,0.0,0.0
20.0,994,0.0,0.0,0.0,0.0,0.0
20.0,995,0.0,0.0,0.0,0.0,0.0
20.0,996,0.0,0.0,0.0,0.0,0.0
20.0,997,0.0,0.0,0.0,0.0,0.0
20.0,998,0.0,0.0,0.0,0.0,0.0
20.0,999,0.0,0.0,0.0,0.0,0.0
20.0,1000,0.0,0.0,0.0,0.0,0.0
24.0,1,0.0,0.0,0.0,0.0,0.0
24.0,2,0.6666666666666666,1.3333333333333333,1.3333333333333333,2.3333333333333335,4.666666666666667
24.0,3,1.0,1.0,2.0,2.0,4.666666666666667
24.0,4,1.0,1.3333333333333333,0.0,0.0,0.0
24.0,5,0.6666666666666666,1.3333333333333333,1.6666666666666667,2.0,4.666666666666667
24.0,6,1.3333333333333333,0.0,0.0,0.0,0.0
24.0,7,0.0,0.0,0.0,0.0,0.0
24.0,8,1.0,1.0,2.0,2.0,4.666666666666667
24.0,9,0.6666666666666666,1.6666666666666667,1.3333333333333333,2.0,4.666666666666667
24.0,10,0.0,0.0,0.0,0.0,0.0
24.0,11,1.0,1.6666666666666667,1.3333333333333333,2.0,6.666666666666667
24.0,12,0.3333333333333333,1.6666666666666667,1.3333333333333333,2.0,4.666666666666667
24.0,13,0.6666666666666666,1.3333333333333333,2.0,1.6666666666666667,5.0
24.0,14,1.3333333333333333,0.0,0.0,0.0,0.0
24.0,15,0.6666666666666666,1.3333333333333333,1.3333333333333333,2.0,5.0
24.0,16,1.3333333333333333,1.3333333333333333,1.3333333333333333,1.6666666666666667,5.0
24.0,17,1.0,1.0,2.0,2.0,5.666666666666667
24.0,18,0.6666666666666666,1.3333333333333333,1.6666666666666667,2.0,5.0
24.0,19,1.0,1.6666666666666667,1.6666666666666667,2.3333333333333335,4.0
24.0,20,1.0,1.3333333333333333,1.6666666666666667,2.0,4.333333333333333
24.0,21,0.6666666666666666,1.3333333333333333,1.6666666666666667,0.0,0.0
24.0,22,1.3333333333333333,1.3333333333333333,1.6666666666666667,2.0,4.0
24.0,23,0.0,0.0,0.0,0.0,0.0
24.0,24,1.0,1.0,2.3333333333333335,2.0,5.333333333333333
24.0,25,0.6666666666666666,1.3333333333333333,1.6666666666666667,2.0,5.0
24.0,26,1.3333333333333333,1.0,2.0,2.0,5.333333333333333
24.0,27,0.6666666666666666,1.3333333333333333,1.6666666666666667,2.0,4.666666666666667
24.0,28,1.0,1.6666666666666667,1.0,2.0,5.0
24.0,29,0.0,0.0,0.0,0.0,0.0
24.0,30,0.6666666666666666,1.3333333333333333,1.6666666666666667,2.0,4.333333333333333
24.0,31,1.3333333333333333,1.3333333333333333,1.6666666666666667,2.0,4.333333333333333
24.0,32,1.0,1.3333333333333333,1.6666666666666667,2.3333333333333335,4.333333333333333
24.0,33,1.0,1.0,1.6666666666666667,2.0,5.0
24.0,34,0.0,0.0,0.0,0.0,0.0
24.0,35,1.0,1.6666666666666667,1.6666666666666667,2.0,4.333333333333333
24.0,36,0.3333333333333333,1.3333333333333333,1.6666666666666667,2.0,4.666666666666667
24.0,37,1.0,1.6666666666666667,0.0,0.0,0.0
24.0,38,1.3333333333333333,1.3333333333333333,1.6666666666666667,2.0,5.333333333333333
24.0,39,0.6666666666666666,1.3333333333333333,1.6666666666666667,2.3333333333333335,4.666666666666667
24.0,40,1.0,1.6666666666666667,1.6666666666666667,2.0,4.333333333333333
24.0,41,0.6666666666666666,1.3333333333333333,1.6666666666666667,2.0,4.666666666666667
24.0,42,1.3333333333333333,1.3333333333333333,1.6666666666666667,2.0,4.0
24.0,43,1.0,1.3333333333333333,1.6666666666666667,2.0,4.333333333333333
24.0,44,1.0,1.0,2.0,2.0,5.666666666666667
24.0,45,0.0,0.0,0.0,0.0,0.0
24.0,46,1.3333333333333333,1.3333333333333333,1.6666666666666667,2.0,4.333333333333333
24.0,47,0.6666666666666666,1.6666666666666667,1.0,2.0,5.0
24.0,48,1.0,1.3333333333333333,1.6666666666666667,1.6666666666666667,5.0
24.0,49,0.6666666666666666,0.0,0.0,0.0,0.0
24.0,50,1.0,1.0,1.3333333333333333,2.3333333333333335,4.333333333333333
24.0,51,0.0,0.0,0.0,0.0,0.0
24.0,52,0.0,0.0,0.0,0.0,0.0
24.0,53,0.0,0.0,0.0,0.0,0.0
24.0,54,0.0,0.0,0.0,0.0,0.0
24.0,55,0.0,0.0,0.0,0.0,0.0
24.0,56,0.0,0.0,0.0,0.0,0.0
24.0,57,0.0,0.0,0.0,0.0,0.0
24.0,58,0.0,0.0,0.0,0.0,0.0
24.0,59,0.0,0.0,0.0,0.0,0.0
24.0,60,0.0,0.0,0.0,0.0,0.0
24.0,61,0.0,0.0,0.0,0.0,0.0
24.0,62,0.0,0.0,0.0,0.0,0.0
24.0,63,0.0,0.0,0.0,0.0,0.0
24.0,64,0.0,0.0,0.0,0.0,0.0
24.0,65,0.0,0.0,0.0,0.0,0.0
24.0,66,0.0,0.0,0.0,0.0,0.0
24.0,67,0.0,0.0,0.0,0.0,0.0
24.0,68,0.0,0.0,0.0,0.0,0.0
24.0,69,0.0,0.0,0.0,0.0,0.0
24.0,70,0.0,0.0,0.0,0.0,0.0
24.0,71,0.0,0.0,0.0,0.0,0.0
24.0,72,0.0,0.0,0.0,0.0,0.0
24.0,73,0.0,0.0,0.0,0.0,0.0
24.0,74,0.0,0.0,0.0,0.0,0.0
24.0,75,0.0,0.0,0.0,0.0,0.0
24.0,76,0.0,0.0,0.0,0.0,0.0
24.0,77,0.0,0.0,0.0,0.0,0.0
24.0,78,0.0,0.0,0.0,0.0,0.0
24.0,79,0.0,0.0,0.0,0.0,0.0
24.0,80,0.0,0.0,0.0,0.0,0.0
24.0,81,0.0,0.0,0.0,0.0,0.0
24.0,82,0.0,0.0,0.0,0.0,0.0
24.0,83,0.0,0.0,0.0,0.0,0.0
24.0,84,0.0,0.0,0.0,0.0,0.0
24.0,85,0.0,0.0,0.0,0.0,0.0
24.0,86,0.0,0.0,0.0,0.0,0.0
24.0,87,0.0,0.0,0.0,0.0,0.0
24.0,88,0.0,0.0,0.0,0.0,0.0
24.0,89,0.0,0.0,0.0,0.0,0.0
24.0,90,0.0,0.0,0.0,0.0,0.0
24.0,91,0.0,0.0,0.0,0.0,0.0
24.0,92,0.0,0.0,0.0,0.0,0.0
24.0,93,0.0,0.0,0.0,0.0,0.0
24.0,94,0.0,0.0,0.0,0.0,0.0
24.0,95,0.0,0.0,0.0,0.0,0.0
24.0,96,0.0,0.0,0.0,0.0,0.0
24.0,97,0.0,0.0,0.0,0.0,0.0
24.0,98,0.0,0.0,0.0,0.0,0.0
24.0,99,0.0,0.0,0.0,0.0,0.0
24.0,100,0.0,0.0,0.0,0.0,0.0
24.0,101,0.0,0.0,0.0,0.0,0.0
24.0,102,0.0,0.0,0.0,0.0,0.0
24.0,103,0.0,0.0,0.0,0.0,0.0
24.0,104,0.0,0.0,0.0,0.0,0.0
24.0,105,0.0,0.0,0.0,0.0,0.0
24.0,106,0.0,0.0,0.0,0.0,0.0
24.0,107,0.0,0.0,0.0,0.0,0.0
24.0,108,0.0,0.0,0.0,0.0,0.0
24.0,109,0.0,0.0,0.0,0.0,0.0
24.0,110,0.0,0.0,0.0,0.0,0.0
24.0,111,0.0,0.0,0.0,0.0,0.0
24.0,112,0.0,0.0,0.0,0.0,0.0
24.0,113,0.0,0.0,0.0,0.0,0.0
24.0,114,0.0,0.0,0.0,0.0,0.0
24.0,115,0.0,0.0,0.0,0.0,0.0
24.0,116,0.0,0.0,0.0,0.0,0.0
24.0,117,0.0,0.0,0.0,0.0,0.0
24.0,118,0.0,0.0,0.0,0.0,0.0
24.0,119,0.0,0.0,0.0,0.0,0.0
24.0,120,0.0,0.0,0.0,0.0,0.0
24.0,121,0.0,0.0,0.0,0.0,0.0
24.0,122,0.0,0.0,0.0,0.0,0.0
24.0,123,0.0,0.0,0.0,0.0,0.0
24.0,124,0.0,0.0,0.0,0.0,0.0
24.0,125,0.0,0.0,0.0,0.0,0.0
24.0,126,0.0,0.0,0.0,0.0,0.0
24.0,127,0.0,0.0,0.0,0.0,0.0
24.0,128,0.0,0.0,0.0,0.0,0.0
24.0,129,0.0,0.0,0.0,0.0,0.0
24.0,130,0.0,0.0,0.0,0.0,0.0
24.0,131,0.0,0.0,0.0,0.0,0.0
24.0,132,0.0,0.0,0.0,0.0,0.0
24.0,133,0.0,0.0,0.0,0.0,0.0
24.0,134,0.0,0.0,0.0,0.0,0.0
24.0,135,0.0,0.0,0.0,0.0,0.0
24.0,136,0.0,0.0,0.0,0.0,0.0
24.0,137,0.0,0.0,0.0,0.0,0.0
24.0,138,0.0,0.0,0.0,0.0,0.0
24.0,139,0.0,0.0,0.0,0.0,0.0
24.0,140,0.0,0.0,0.0,0.0,0.0
24.0,141,0.0,0.0,0.0,0.0,0.0
24.0,142,0.0,0.0,0.0,0.0,0.0
24.0,143,0.0,0.0,0.0,0.0,0.0
24.0,144,0.0,0.0,0.0,0.0,0.0
24.0,145,0.0,0.0,0.0,0.0,0.0
24.0,146,0.0,0.0,0.0,0.0,0.0
24.0,147,0.0,0.0,0.0,0.0,0.0
24.0,148,0.0,0.0,0.0,0.0,0.0
24.0,149,0.0,0.0,0.0,0.0,0.0
24.0,150,0.0,0.0,0.0,0.0,0.0
24.0,151,0.0,0.0,0.0,0.0,0.0
24.0,152,0.0,0.0,0.0,0.0,0.0
24.0,153,0.0,0.0,0.0,0.0,0.0
24.0,154,0.0,0.0,0.0,0.0,0.0
24.0,155,0.0,0.0,0.0,0.0,0.0
24.0,156,0.0,0.0,0.0,0.0,0.0
24.0,157,0.0,0.0,0.0,0.0,0.0
24.0,158,0.0,0.0,0.0,0.0,0.0
24.0,159,0.0,0.0,0.0,0.0,0.0
24.0,160,0.0,0.0,0.0,0.0,0.0
24.0,161,0.0,0.0,0.0,0.0,0.0
24.0,162,0.0,0.0,0.0,0.0,0.0
24.0,163,0.0,0.0,0.0,0.0,0.0
24.0,164,0.0,0.0,0.0,0.0,0.0
24.0,165,0.0,0.0,0.0,0.0,0.0
24.0,166,0.0,0.0,0.0,0.0,0.0
24.0,167,0.0,0.0,0.0,0.0,0.0
24.0,168,0.0,0.0,0.0,0.0,0.0
24.0,169,0.0,0.0,0.0,0.0,0.0
24.0,170,0.0,0.0,0.0,0.0,0.0
24.0,171,0.0,0.0,0.0,0.0,0.0
24.0,172,0.0,0.0,0.0,0.0,0.0
24.0,173,0.0,0.0,0.0,0.0,0.0
24.0,174,0.0,0.0,0.0,0.0,0.0
24.0,175,0.0,0.0,0.0,0.0,0.0
24.0,176,0.0,0.0,0.0,0.0,0.0
24.0,177,0.0,0.0,0.0,0.0,0.0
24.0,178,0.0,0.0,0.0,0.0,0.0
24.0,179,0.0,0.0,0.0,0.0,0.0
24.0,180,0.0,0.0,0.0,0.0,0.0
24.0,181,0.0,0.0,0.0,0.0,0.0
24.0,182,0.0,0.0,0.0,0.0,0.0
24.0,183,0.0,0.0,0.0,0.0,0.0
24.0,184,0.0,0.0,0.0,0.0,0.0
24.0,185,0.0,0.0,0.0,0.0,0.0
24.0,186,0.0,0.0,0.0,0.0,0.0
24.0,187,0.0,0.0,0.0,0.0,0.0
24.0,188,0.0,0.0,0.0,0.0,0.0
24.0,189,0.0,0.0,0.0,0.0,0.0
24.0,190,0.0,0.0,0.0,0.0,0.0
24.0,191,0.0,0.0,0.0,0.0,0.0
24.0,192,0.0,0.0,0.0,0.0,0.0
24.0,193,0.0,0.0,0.0,0.0,0.0
24.0,194,0.0,0.0,0.0,0.0,0.0
24.0,195,0.0,0.0,0.0,0.0,0.0
24.0,196,0.0,0.0,0.0,0.0,0.0
24.0,197,0.0,0.0,0.0,0.0,0.0
24.0,198,0.0,0.0,0.0,0.0,0.0
24.0,199,0.0,0.0,0.0,0.0,0.0
24.0,200,0.0,0.0,0.0,0.0,0.0
24.0,201,0.0,0.0,0.0,0.0,0.0
24.0,202,0.0,0.0,0.0,0.0,0.0
24.0,203,0.0,0.0,0.0,0.0,0.0
24.0,204,0.0,0.0,0.0,0.0,0.0
24.0,205,0.0,0.0,0.0,0.0,0.0
24.0,206,0.0,0.0,0.0,0.0,0.0
24.0,207,0.0,0.0,0.0,0.0,0.0
24.0,208,0.0,0.0,0.0,0.0,0.0
24.0,209,0.0,0.0,0.0,0.0,0.0
24.0,210,0.0,0.0,0.0,0.0,0.0
24.0,211,0.0,0.0,0.0,0.0,0.0
24.0,212,0.0,0.0,0.0,0.0,0.0
24.0,213,0.0,0.0,0.0,0.0,0.0
24.0,214,0.0,0.0,0.0,0.0,0.0
24.0,215,0.0,0.0,0.0,0.0,0.0
24.0,216,0.0,0.0,0.0,0.0,0.0
24.0,217,0.0,0.0,0.0,0.0,0.0
24.0,218,0.0,0.0,0.0,0.0,0.0
24.0,219,0.0,0.0,0.0,0.0,0.0
24.0,220,0.0,0.0,0.0,0.0,0.0
24.0,221,0.0,0.0,0.0,0.0,0.0
24.0,222,0.0,0.0,0.0,0.0,0.0
24.0,223,0.0,0.0,0.0,0.0,0.0
24.0,224,0.0,0.0,0.0,0.0,0.0
24.0,225,0.0,0.0,0.0,0.0,0.0
24.0,226,0.0,0.0,0.0,0.0,0.0
24.0,227,0.0,0.0,0.0,0.0,0.0
24.0,228,0.0,0.0,0.0,0.0,0.0
24.0,229,0.0,0.0,0.0,0.0,0.0
24.0,230,0.0,0.0,0.0,0.0,0.0
24.0,231,0.0,0.0,0.0,0.0,0.0
24.0,232,0.0,0.0,0.0,0.0,0.0
24.0,233,0.0,0.0,0.0,0.0,0.0
24.0,234,0.0,0.0,0.0,0.0,0.0
24.0,235,0.0,0.0,0.0,0.0,0.0
24.0,236,0.0,0.0,0.0,0.0,0.0
24.0,237,0.0,0.0,0.0,0.0,0.0
24.0,238,0.0,0.0,0.0,0.0,0.0
24.0,239,0.0,0.0,0.0,0.0,0.0
24.0,240,0.0,0.0,0.0,0.0,0.0
24.0,241,0.0,0.0,0.0,0.0,0.0
24.0,242,0.0,0.0,0.0,0.0,0.0
24.0,243,0.0,0.0,0.0,0.0,0.0
24.0,244,0.0,0.0,0.0,0.0,0.0
24.0,245,0.0,0.0,0.0,0.0,0.0
24.0,246,0.0,0.0,0.0,0.0,0.0
24.0,247,0.0,0.0,0.0,0.0,0.0
24.0,248,0.0,0.0,0.0,0.0,0.0
24.0,249,0.0,0.0,0.0,0.0,0.0
24.0,250,0.0,0.0,0.0,0.0,0.0
24.0,251,0.0,0.0,0.0,0.0,0.0
24.0,252,0.0,0.0,0.0,0.0,0.0
24.0,253,0.0,0.0,0.0,0.0,0.0
24.0,254,0.0,0.0,0.0,0.0,0.0
24.0,255,0.0,0.0,0.0,0.0,0.0
24.0,256,0.0,0.0,0.0,0.0,0.0
24.0,257,0.0,0.0,0.0,0.0,0.0
24.0,258,0.0,0.0,0.0,0.0,0.0
24.0,259,0.0,0.0,0.0,0.0,0.0
24.0,260,0.0,0.0,0.0,0.0,0.0
24.0,261,0.0,0.0,0.0,0.0,0.0
24.0,262,0.0,0.0,0.0,0.0,0.0
24.0,263,0.0,0.0,0.0,0.0,0.0
24.0,264,0.0,0.0,0.0,0.0,0.0
24.0,265,0.0,0.0,0.0,0.0,0.0
24.0,266,0.0,0.0,0.0,0.0,0.0
24.0,267,0.0,0.0,0.0,0.0,0.0
24.0,268,0.0,0.0,0.0,0.0,0.0
24.0,269,0.0,0.0,0.0,0.0,0.0
24.0,270,0.0,0.0,0.0,0.0,0.0
24.0,271,0.0,0.0,0.0,0.0,0.0
24.0,272,0.0,0.0,0.0,0.0,0.0
24.0,273,0.0,0.0,0.0,0.0,0.0
24.0,274,0.0,0.0,0.0,0.0,0.0
24.0,275,0.0,0.0,0.0,0.0,0.0
24.0,276,0.0,0.0,0.0,0.0,0.0
24.0,277,0.0,0.0,0.0,0.0,0.0
24.0,278,0.0,0.0,0.0,0.0,0.0
24.0,279,0.0,0.0,0.0,0.0,0.0
24.0,280,0.0,0.0,0.0,0.0,0.0
24.0,281,0.0,0.0,0.0,0.0,0.0
24.0,282,0.0,0.0,0.0,0.0,0.0
24.0,283,0.0,0.0,0.0,0.0,0.0
24.0,284,0.0,0.0,0.0,0.0,0.0
24.0,285,0.0,0.0,0.0,0.0,0.0
24.0,286,0.0,0.0,0.0,0.0,0.0
24.0,287,0.0,0.0,0.0,0.0,0.0
24.0,288,0.0,0.0,0.0,0.0,0.0
24.0,289,0.0,0.0,0.0,0.0,0.0
24.0,290,0.0,0.0,0.0,0.0,0.0
24.0,291,0.0,0.0,0.0,0.0,0.0
24.0,292,0.0,0.0,0.0,0.0,0.0
24.0,293,0.0,0.0,0.0,0.0,0.0
24.0,294,0.0,0.0,0.0,0.0,0.0
24.0,295,0.0,0.0,0.0,0.0,0.0
24.0,296,0.0,0.0,0.0,0.0,0.0
24.0,297,0.0,0.0,0.0,0.0,0.0
24.0,298,0.0,0.0,0.0,0.0,0.0
24.0,299,0.0,0.0,0.0,0.0,0.0
24.0,300,0.0,0.0,0.0,0.0,0.0
24.0,301,0.0,0.0,0.0,0.0,0.0
24.0,302,0.0,0.0,0.0,0.0,0.0
24.0,303,0.0,0.0,0.0,0.0,0.0
24.0,304,0.0,0.0,0.0,0.0,0.0
24.0,305,0.0,0.0,0.0,0.0,0.0
24.0,306,0.0,0.0,0.0,0.0,0.0
24.0,307,0.0,0.0,0.0,0.0,0.0
24.0,308,0.0,0.0,0.0,0.0,0.0
24.0,309,0.0,0.0,0.0,0.0,0.0
24.0,310,0.0,0.0,0.0,0.0,0.0
24.0,311,0.0,0.0,0.0,0.0,0.0
24.0,312,0.0,0.0,0.0,0.0,0.0
24.0,313,0.0,0.0,0.0,0.0,0.0
24.0,314,0.0,0.0,0.0,0.0,0.0
24.0,315,0.0,0.0,0.0,0.0,0.0
24.0,316,0.0,0.0,0.0,0.0,0.0
24.0,317,0.0,0.0,0.0,0.0,0.0
24.0,318,0.0,0.0,0.0,0.0,0.0
24.0,319,0.0,0.0,0.0,0.0,0.0
24.0,320,0.0,0.0,0.0,0.0,0.0
24.0,321,0.0,0.0,0.0,0.0,0.0
24.0,322,0.0,0.0,0.0,0.0,0.0
24.0,323,0.0,0.0,0.0,0.0,0.0
24.0,324,0.0,0.0,0.0,0.0,0.0
24.0,325,0.0,0.0,0.0,0.0,0.0
24.0,326,0.0,0.0,0.0,0.0,0.0
24.0,327,0.0,0.0,0.0,0.0,0.0
24.0,328,0.0,0.0,0.0,0.0,0.0
24.0,329,0.0,0.0,0.0,0.0,0.0
24.0,330,0.0,0.0,0.0,0.0,0.0
24.0,331,0.0,0.0,0.0,0.0,0.0
24.0,332,0.0,0.0,0.0,0.0,0.0
24.0,333,0.0,0.0,0.0,0.0,0.0
24.0,334,0.0,0.0,0.0,0.0,0.0
24.0,335,0.0,0.0,0.0,0.0,0.0
24.0,336,0.0,0.0,0.0,0.0,0.0
24.0,337,0.0,0.0,0.0,0.0,0.0
24.0,338,0.0,0.0,0.0,0.0,0.0
24.0,339,0.0,0.0,0.0,0.0,0.0
24.0,340,0.0,0.0,0.0,0.0,0.0
24.0,341,0.0,0.0,0.0,0.0,0.0
24.0,342,0.0,0.0,0.0,0.0,0.0
24.0,343,0.0,0.0,0.0,0.0,0.0
24.0,344,0.0,0.0,0.0,0.0,0.0
24.0,345,0.0,0.0,0.0,0.0,0.0
24.0,346,0.0,0.0,0.0,0.0,0.0
24.0,347,0.0,0.0,0.0,0.0,0.0
24.0,348,0.0,0.0,0.0,0.0,0.0
24.0,349,0.0,0.0,0.0,0.0,0.0
24.0,350,0.0,0.0,0.0,0.0,0.0
24.0,351,0.0,0.0,0.0,0.0,0.0
24.0,352,0.0,0.0,0.0,0.0,0.0
24.0,353,0.0,0.0,0.0,0.0,0.0
24.0,354,0.0,0.0,0.0,0.0,0.0
24.0,355,0.0,0.0,0.0,0.0,0.0
24.0,356,0.0,0.0,0.0,0.0,0.0
24.0,357,0.0,0.0,0.0,0.0,0.0
24.0,358,0.0,0.0,0.0,0.0,0.0
24.0,359,0.0,0.0,0.0,0.0,0.0
24.0,360,0.0,0.0,0.0,0.0,0.0
24.0,361,0.0,0.0,0.0,0.0,0.0
24.0,362,0.0,0.0,0.0,0.0,0.0
24.0,363,0.0,0.0,0.0,0.0,0.0
24.0,364,0.0,0.0,0.0,0.0,0.0
24.0,365,0.0,0.0,0.0,0.0,0.0
24.0,366,0.0,0.0,0.0,0.0,0.0
24.0,367,0.0,0.0,0.0,0.0,0.0
24.0,368,0.0,0.0,0.0,0.0,0.0
24.0,369,0.0,0.0,0.0,0.0,0.0
24.0,370,0.0,0.0,0.0,0.0,0.0
24.0,371,0.0,0.0,0.0,0.0,0.0
24.0,372,0.0,0.0,0.0,0.0,0.0
24.0,373,0.0,0.0,0.0,0.0,0.0
24.0,374,0.0,0.0,0.0,0.0,0.0
24.0,375,0.0,0.0,0.0,0.0,0.0
24.0,376,0.0,0.0,0.0,0.0,0.0
24.0,377,0.0,0.0,0.0,0.0,0.0
24.0,378,0.0,0.0,0.0,0.0,0.0
24.0,379,0.0,0.0,0.0,0.0,0.0
24.0,380,0.0,0.0,0.0,0.0,0.0
24.0,381,0.0,0.0,0.0,0.0,0.0
24.0,382,0.0,0.0,0.0,0.0,0.0
24.0,383,0.0,0.0,0.0,0.0,0.0
24.0,384,0.0,0.0,0.0,0.0,0.0
24.0,385,0.0,0.0,0.0,0.0,0.0
24.0,386,0.0,0.0,0.0,0.0,0.0
24.0,387,0.0,0.0,0.0,0.0,0.0
24.0,388,0.0,0.0,0.0,0.0,0.0
24.0,389,0.0,0.0,0.0,0.0,0.0
24.0,390,0.0,0.0,0.0,0.0,0.0
24.0,391,0.0,0.0,0.0,0.0,0.0
24.0,392,0.0,0.0,0.0,0.0,0.0
24.0,393,0.0,0.0,0.0,0.0,0.0
24.0,394,0.0,0.0,0.0,0.0,0.0
24.0,395,0.0,0.0,0.0,0.0,0.0
24.0,396,0.0,0.0,0.0,0.0,0.0
24.0,397,0.0,0.0,0.0,0.0,0.0
24.0,398,0.0,0.0,0.0,0.0,0.0
24.0,399,0.0,0.0,0.0,0.0,0.0
24.0,400,0.0,0.0,0.0,0.0,0.0
24.0,401,0.0,0.0,0.0,0.0,0.0
24.0,402,0.0,0.0,0.0,0.0,0.0
24.0,403,0.0,0.0,0.0,0.0,0.0
24.0,404,0.0,0.0,0.0,0.0,0.0
24.0,405,0.0,0.0,0.0,0.0,0.0
24.0,406,0.0,0.0,0.0,0.0,0.0
24.0,407,0.0,0.0,0.0,0.0,0.0
24.0,408,0.0,0.0,0.0,0.0,0.0
24.0,409,0.0,0.0,0.0,0.0,0.0
24.0,410,0.0,0.0,0.0,0.0,0.0
24.0,411,0.0,0.0,0.0,0.0,0.0
24.0,412,0.0,0.0,0.0,0.0,0.0
24.0,413,0.0,0.0,0.0,0.0,0.0
24.0,414,0.0,0.0,0.0,0.0,0.0
24.0,415,0.0,0.0,0.0,0.0,0.0
24.0,416,0.0,0.0,0.0,0.0,0.0
24.0,417,0.0,0.0,0.0,0.0,0.0
24.0,418,0.0,0.0,0.0,0.0,0.0
24.0,419,0.0,0.0,0.0,0.0,0.0
24.0,420,0.0,0.0,0.0,0.0,0.0
24.0,421,0.0,0.0,0.0,0.0,0.0
24.0,422,0.0,0.0,0.0,0.0,0.0
24.0,423,0.0,0.0,0.0,0.0,0.0
24.0,424,0.0,0.0,0.0,0.0,0.0
24.0,425,0.0,0.0,0.0,0.0,0.0
24.0,426,0.0,0.0,0.0,0.0,0.0
24.0,427,0.0,0.0,0.0,0.0,0.0
24.0,428,0.0,0.0,0.0,0.0,0.0
24.0,429,0.0,0.0,0.0,0.0,0.0
24.0,430,0.0,0.0,0.0,0.0,0.0
24.0,431,0.0,0.0,0.0,0.0,0.0
24.0,432,0.0,0.0,0.0,0.0,0.0
24.0,433,0.0,0.0,0.0,0.0,0.0
24.0,434,0.0,0.0,0.0,0.0,0.0
24.0,435,0.0,0.0,0.0,0.0,0.0
24.0,436,0.0,0.0,0.0,0.0,0.0
24.0,437,0.0,0.0,0.0,0.0,0.0
24.0,438,0.0,0.0,0.0,0.0,0.0
24.0,439,0.0,0.0,0.0,0.0,0.0
24.0,440,0.0,0.0,0.0,0.0,0.0
24.0,441,0.0,0.0,0.0,0.0,0.0
24.0,442,0.0,0.0,0.0,0.0,0.0
24.0,443,0.0,0.0,0.0,0.0,0.0
24.0,444,0.0,0.0,0.0,0.0,0.0
24.0,445,0.0,0.0,0.0,0.0,0.0
24.0,446,0.0,0.0,0.0,0.0,0.0
24.0,447,0.0,0.0,0.0,0.0,0.0
24.0,448,0.0,0.0,0.0,0.0,0.0
24.0,449,0.0,0.0,0.0,0.0,0.0
24.0,450,0.0,0.0,0.0,0.0,0.0
24.0,451,0.0,0.0,0.0,0.0,0.0
24.0,452,0.0,0.0,0.0,0.0,0.0
24.0,453,0.0,0.0,0.0,0.0,0.0
24.0,454,0.0,0.0,0.0,0.0,0.0
24.0,455,0.0,0.0,0.0,0.0,0.0
24.0,456,0.0,0.0,0.0,0.0,0.0
24.0,457,0.0,0.0,0.0,0.0,0.0
24.0,458,0.0,0.0,0.0,0.0,0.0
24.0,459,0.0,0.0,0.0,0.0,0.0
24.0,460,0.0,0.0,0.0,0.0,0.0
24.0,461,0.0,0.0,0.0,0.0,0.0
24.0,462,0.0,0.0,0.0,0.0,0.0
24.0,463,0.0,0.0,0.0,0.0,0.0
24.0,464,0.0,0.0,0.0,0.0,0.0
24.0,465,0.0,0.0,0.0,0.0,0.0
24.0,466,0.0,0.0,0.0,0.0,0.0
24.0,467,0.0,0.0,0.0,0.0,0.0
24.0,468,0.0,0.0,0.0,0.0,0.0
24.0,469,0.0,0.0,0.0,0.0,0.0
24.0,470,0.0,0.0,0.0,0.0,0.0
24.0,471,0.0,0.0,0.0,0.0,0.0
24.0,472,0.0,0.0,0.0,0.0,0.0
24.0,473,0.0,0.0,0.0,0.0,0.0
24.0,474,0.0,0.0,0.0,0.0,0.0
24.0,475,0.0,0.0,0.0,0.0,0.0
24.0,476,0.0,0.0,0.0,0.0,0.0
24.0,477,0.0,0.0,0.0,0.0,0.0
24.0,478,0.0,0.0,0.0,0.0,0.0
24.0,479,0.0,0.0,0.0,0.0,0.0
24.0,480,0.0,0.0,0.0,0.0,0.0
24.0,481,0.0,0.0,0.0,0.0,0.0
24.0,482,0.0,0.0,0.0,0.0,0.0
24.0,483,0.0,0.0,0.0,0.0,0.0
24.0,484,0.0,0.0,0.0,0.0,0.0
24.0,485,0.0,0.0,0.0,0.0,0.0
24.0,486,0.0,0.0,0.0,0.0,0.0
24.0,487,0.0,0.0,0.0,0.0,0.0
24.0,488,0.0,0.0,0.0,0.0,0.0
24.0,489,0.0,0.0,0.0,0.0,0.0
24.0,490,0.0,0.0,0.0,0.0,0.0
24.0,491,0.0,0.0,0.0,0.0,0.0
24.0,492,0.0,0.0,0.0,0.0,0.0
24.0,493,0.0,0.0,0.0,0.0,0.0
24.0,494,0.0,0.0,0.0,0.0,0.0
24.0,495,0.0,0.0,0.0,0.0,0.0
24.0,496,0.0,0.0,0.0,0.0,0.0
24.0,497,0.0,0.0,0.0,0.0,0.0
24.0,498,0.0,0.0,0.0,0.0,0.0
24.0,499,0.0,0.0,0.0,0.0,0.0
24.0,500,0.0,0.0,0.0,0.0,0.0
24.0,501,0.0,0.0,0.0,0.0,0.0
24.0,502,0.0,0.0,0.0,0.0,0.0
24.0,503,0.0,0.0,0.0,0.0,0.0
24.0,504,0.0,0.0,0.0,0.0,0.0
24.0,505,0.0,0.0,0.0,0.0,0.0
24.0,506,0.0,0.0,0.0,0.0,0.0
24.0,507,0.0,0.0,0.0,0.0,0.0
24.0,508,0.0,0.0,0.0,0.0,0.0
24.0,509,0.0,0.0,0.0,0.0,0.0
24.0,510,0.0,0.0,0.0,0.0,0.0
24.0,511,0.0,0.0,0.0,0.0,0.0
24.0,512,0.0,0.0,0.0,0.0,0.0
24.0,513,0.0,0.0,0.0,0.0,0.0
24.0,514,0.0,0.0,0.0,0.0,0.0
24.0,515,0.0,0.0,0.0,0.0,0.0
24.0,516,0.0,0.0,0.0,0.0,0.0
24.0,517,0.0,0.0,0.0,0.0,0.0
24.0,518,0.0,0.0,0.0,0.0,0.0
24.0,519,0.0,0.0,0.0,0.0,0.0
24.0,520,0.0,0.0,0.0,0.0,0.0
24.0,521,0.0,0.0,0.0,0.0,0.0
24.0,522,0.0,0.0,0.0,0.0,0.0
24.0,523,0.0,0.0,0.0,0.0,0.0
24.0,524,0.0,0.0,0.0,0.0,0.0
24.0,525,0.0,0.0,0.0,0.0,0.0
24.0,526,0.0,0.0,0.0,0.0,0.0
24.0,527,0.0,0.0,0.0,0.0,0.0
24.0,528,0.0,0.0,0.0,0.0,0.0
24.0,529,0.0,0.0,0.0,0.0,0.0
24.0,530,0.0,0.0,0.0,0.0,0.0
24.0,531,0.0,0.0,0.0,0.0,0.0
24.0,532,0.0,0.0,0.0,0.0,0.0
24.0,533,0.0,0.0,0.0,0.0,0.0
24.0,534,0.0,0.0,0.0,0.0,0.0
24.0,535,0.0,0.0,0.0,0.0,0.0
24.0,536,0.0,0.0,0.0,0.0,0.0
24.0,537,0.0,0.0,0.0,0.0,0.0
24.0,538,0.0,0.0,0.0,0.0,0.0
24.0,539,0.0,0.0,0.0,0.0,0.0
24.0,540,0.0,0.0,0.0,0.0,0.0
24.0,541,0.0,0.0,0.0,0.0,0.0
24.0,542,0.0,0.0,0.0,0.0,0.0
24.0,543,0.0,0.0,0.0,0.0,0.0
24.0,544,0.0,0.0,0.0,0.0,0.0
24.0,545,0.0,0.0,0.0,0.0,0.0
24.0,546,0.0,0.0,0.0,0.0,0.0
24.0,547,0.0,0.0,0.0,0.0,0.0
24.0,548,0.0,0.0,0.0,0.0,0.0
24.0,549,0.0,0.0,0.0,0.0,0.0
24.0,550,0.0,0.0,0.0,0.0,0.0
24.0,551,0.0,0.0,0.0,0.0,0.0
24.0,552,0.0,0.0,0.0,0.0,0.0
24.0,553,0.0,0.0,0.0,0.0,0.0
24.0,554,0.0,0.0,0.0,0.0,0.0
24.0,555,0.0,0.0,0.0,0.0,0.0
24.0,556,0.0,0.0,0.0,0.0,0.0
24.0,557,0.0,0.0,0.0,0.0,0.0
24.0,558,0.0,0.0,0.0,0.0,0.0
24.0,559,0.0,0.0,0.0,0.0,0.0
24.0,560,0.0,0.0,0.0,0.0,0.0
24.0,561,0.0,0.0,0.0,0.0,0.0
24.0,562,0.0,0.0,0.0,0.0,0.0
24.0,563,0.0,0.0,0.0,0.0,0.0
24.0,564,0.0,0.0,0.0,0.0,0.0
24.0,565,0.0,0.0,0.0,0.0,0.0
24.0,566,0.0,0.0,0.0,0.0,0.0
24.0,567,0.0,0.0,0.0,0.0,0.0
24.0,568,0.0,0.0,0.0,0.0,0.0
24.0,569,0.0,0.0,0.0,0.0,0.0
24.0,570,0.0,0.0,0.0,0.0,0.0
24.0,571,0.0,0.0,0.0,0.0,0.0
24.0,572,0.0,0.0,0.0,0.0,0.0
24.0,573,0.0,0.0,0.0,0.0,0.0
24.0,574,0.0,0.0,0.0,0.0,0.0
24.0,575,0.0,0.0,0.0,0.0,0.0
24.0,576,0.0,0.0,0.0,0.0,0.0
24.0,577,0.0,0.0,0.0,0.0,0.0
24.0,578,0.0,0.0,0.0,0.0,0.0
24.0,579,0.0,0.0,0.0,0.0,0.0
24.0,580,0.0,0.0,0.0,0.0,0.0
24.0,581,0.0,0.0,0.0,0.0,0.0
24.0,582,0.0,0.0,0.0,0.0,0.0
24.0,583,0.0,0.0,0.0,0.0,0.0
24.0,584,0.0,0.0,0.0,0.0,0.0
24.0,585,0.0,0.0,0.0,0.0,0.0
24.0,586,0.0,0.0,0.0,0.0,0.0
24.0,587,0.0,0.0,0.0,0.0,0.0
24.0,588,0.0,0.0,0.0,0.0,0.0
24.0,589,0.0,0.0,0.0,0.0,0.0
24.0,590,0.0,0.0,0.0,0.0,0.0
24.0,591,0.0,0.0,0.0,0.0,0.0
24.0,592,0.0,0.0,0.0,0.0,0.0
24.0,593,0.0,0.0,0.0,0.0,0.0
24.0,594,0.0,0.0,0.0,0.0,0.0
24.0,595,0.0,0.0,0.0,0.0,0.0
24.0,596,0.0,0.0,0.0,0.0,0.0
24.0,597,0.0,0.0,0.0,0.0,0.0
24.0,598,0.0,0.0,0.0,0.0,0.0
24.0,599,0.0,0.0,0.0,0.0,0.0
24.0,600,0.0,0.0,0.0,0.0,0.0
24.0,601,0.0,0.0,0.0,0.0,0.0
24.0,602,0.0,0.0,0.0,0.0,0.0
24.0,603,0.0,0.0,0.0,0.0,0.0
24.0,604,0.0,0.0,0.0,0.0,0.0
24.0,605,0.0,0.0,0.0,0.0,0.0
24.0,606,0.0,0.0,0.0,0.0,0.0
24.0,607,0.0,0.0,0.0,0.0,0.0
24.0,608,0.0,0.0,0.0,0.0,0.0
24.0,609,0.0,0.0,0.0,0.0,0.0
24.0,610,0.0,0.0,0.0,0.0,0.0
24.0,611,0.0,0.0,0.0,0.0,0.0
24.0,612,0.0,0.0,0.0,0.0,0.0
24.0,613,0.0,0.0,0.0,0.0,0.0
24.0,614,0.0,0.0,0.0,0.0,0.0
24.0,615,0.0,0.0,0.0,0.0,0.0
24.0,616,0.0,0.0,0.0,0.0,0.0
24.0,617,0.0,0.0,0.0,0.0,0.0
24.0,618,0.0,0.0,0.0,0.0,0.0
24.0,619,0.0,0.0,0.0,0.0,0.0
24.0,620,0.0,0.0,0.0,0.0,0.0
24.0,621,0.0,0.0,0.0,0.0,0.0
24.0,622,0.0,0.0,0.0,0.0,0.0
24.0,623,0.0,0.0,0.0,0.0,0.0
24.0,624,0.0,0.0,0.0,0.0,0.0
24.0,625,0.0,0.0,0.0,0.0,0.0
24.0,626,0.0,0.0,0.0,0.0,0.0
24.0,627,0.0,0.0,0.0,0.0,0.0
24.0,628,0.0,0.0,0.0,0.0,0.0
24.0,629,0.0,0.0,0.0,0.0,0.0
24.0,630,0.0,0.0,0.0,0.0,0.0
24.0,631,0.0,0.0,0.0,0.0,0.0
24.0,632,0.0,0.0,0.0,0.0,0.0
24.0,633,0.0,0.0,0.0,0.0,0.0
24.0,634,0.0,0.0,0.0,0.0,0.0
24.0,635,0.0,0.0,0.0,0.0,0.0
24.0,636,0.0,0.0,0.0,0.0,0.0
24.0,637,0.0,0.0,0.0,0.0,0.0
24.0,638,0.0,0.0,0.0,0.0,0.0
24.0,639,0.0,0.0,0.0,0.0,0.0
24.0,640,0.0,0.0,0.0,0.0,0.0
24.0,641,0.0,0.0,0.0,0.0,0.0
24.0,642,0.0,0.0,0.0,0.0,0.0
24.0,643,0.0,0.0,0.0,0.0,0.0
24.0,644,0.0,0.0,0.0,0.0,0.0
24.0,645,0.0,0.0,0.0,0.0,0.0
24.0,646,0.0,0.0,0.0,0.0,0.0
24.0,647,0.0,0.0,0.0,0.0,0.0
24.0,648,0.0,0.0,0.0,0.0,0.0
24.0,649,0.0,0.0,0.0,0.0,0.0
24.0,650,0.0,0.0,0.0,0.0,0.0
24.0,651,0.0,0.0,0.0,0.0,0.0
24.0,652,0.0,0.0,0.0,0.0,0.0
24.0,653,0.0,0.0,0.0,0.0,0.0
24.0,654,0.0,0.0,0.0,0.0,0.0
24.0,655,0.0,0.0,0.0,0.0,0.0
24.0,656,0.0,0.0,0.0,0.0,0.0
24.0,657,0.0,0.0,0.0,0.0,0.0
24.0,658,0.0,0.0,0.0,0.0,0.0
24.0,659,0.0,0.0,0.0,0.0,0.0
24.0,660,0.0,0.0,0.0,0.0,0.0
24.0,661,0.0,0.0,0.0,0.0,0.0
24.0,662,0.0,0.0,0.0,0.0,0.0
24.0,663,0.0,0.0,0.0,0.0,0.0
24.0,664,0.0,0.0,0.0,0.0,0.0
24.0,665,0.0,0.0,0.0,0.0,0.0
24.0,666,0.0,0.0,0.0,0.0,0.0
24.0,667,0.0,0.0,0.0,0.0,0.0
24.0,668,0.0,0.0,0.0,0.0,0.0
24.0,669,0.0,0.0,0.0,0.0,0.0
24.0,670,0.0,0.0,0.0,0.0,0.0
24.0,671,0.0,0.0,0.0,0.0,0.0
24.0,672,0.0,0.0,0.0,0.0,0.0
24.0,673,0.0,0.0,0.0,0.0,0.0
24.0,674,0.0,0.0,0.0,0.0,0.0
24.0,675,0.0,0.0,0.0,0.0,0.0
24.0,676,0.0,0.0,0.0,0.0,0.0
24.0,677,0.0,0.0,0.0,0.0,0.0
24.0,678,0.0,0.0,0.0,0.0,0.0
24.0,679,0.0,0.0,0.0,0.0,0.0
24.0,680,0.0,0.0,0.0,0.0,0.0
24.0,681,0.0,0.0,0.0,0.0,0.0
24.0,682,0.0,0.0,0.0,0.0,0.0
24.0,683,0.0,0.0,0.0,0.0,0.0
24.0,684,0.0,0.0,0.0,0.0,0.0
24.0,685,0.0,0.0,0.0,0.0,0.0
24.0,686,0.0,0.0,0.0,0.0,0.0
24.0,687,0.0,0.0,0.0,0.0,0.0
24.0,688,0.0,0.0,0.0,0.0,0.0
24.0,689,0.0,0.0,0.0,0.0,0.0
24.0,690,0.0,0.0,0.0,0.0,0.0
24.0,691,0.0,0.0,0.0,0.0,0.0
24.0,692,0.0,0.0,0.0,0.0,0.0
24.0,693,0.0,0.0,0.0,0.0,0.0
24.0,694,0.0,0.0,0.0,0.0,0.0
24.0,695,0.0,0.0,0.0,0.0,0.0
24.0,696,0.0,0.0,0.0,0.0,0.0
24.0,697,0.0,0.0,0.0,0.0,0.0
24.0,698,0.0,0.0,0.0,0.0,0.0
24.0,699,0.0,0.0,0.0,0.0,0.0
24.0,700,0.0,0.0,0.0,0.0,0.0
24.0,701,0.0,0.0,0.0,0.0,0.0
24.0,702,0.0,0.0,0.0,0.0,0.0
24.0,703,0.0,0.0,0.0,0.0,0.0
24.0,704,0.0,0.0,0.0,0.0,0.0
24.0,705,0.0,0.0,0.0,0.0,0.0
24.0,706,0.0,0.0,0.0,0.0,0.0
24.0,707,0.0,0.0,0.0,0.0,0.0
24.0,708,0.0,0.0,0.0,0.0,0.0
24.0,709,0.0,0.0,0.0,0.0,0.0
24.0,710,0.0,0.0,0.0,0.0,0.0
24.0,711,0.0,0.0,0.0,0.0,0.0
24.0,712,0.0,0.0,0.0,0.0,0.0
24.0,713,0.0,0.0,0.0,0.0,0.0
24.0,714,0.0,0.0,0.0,0.0,0.0
24.0,715,0.0,0.0,0.0,0.0,0.0
24.0,716,0.0,0.0,0.0,0.0,0.0
24.0,717,0.0,0.0,0.0,0.0,0.0
24.0,718,0.0,0.0,0.0,0.0,0.0
24.0,719,0.0,0.0,0.0,0.0,0.0
24.0,720,0.0,0.0,0.0,0.0,0.0
24.0,721,0.0,0.0,0.0,0.0,0.0
24.0,722,0.0,0.0,0.0,0.0,0.0
24.0,723,0.0,0.0,0.0,0.0,0.0
24.0,724,0.0,0.0,0.0,0.0,0.0
24.0,725,0.0,0.0,0.0,0.0,0.0
24.0,726,0.0,0.0,0.0,0.0,0.0
24.0,727,0.0,0.0,0.0,0.0,0.0
24.0,728,0.0,0.0,0.0,0.0,0.0
24.0,729,0.0,0.0,0.0,0.0,0.0
24.0,730,0.0,0.0,0.0,0.0,0.0
24.0,731,0.0,0.0,0.0,0.0,0.0
24.0,732,0.0,0.0,0.0,0.0,0.0
24.0,733,0.0,0.0,0.0,0.0,0.0
24.0,734,0.0,0.0,0.0,0.0,0.0
24.0,735,0.0,0.0,0.0,0.0,0.0
24.0,736,0.0,0.0,0.0,0.0,0.0
24.0,737,0.0,0.0,0.0,0.0,0.0
24.0,738,0.0,0.0,0.0,0.0,0.0
24.0,739,0.0,0.0,0.0,0.0,0.0
24.0,740,0.0,0.0,0.0,0.0,0.0
24.0,741,0.0,0.0,0.0,0.0,0.0
24.0,742,0.0,0.0,0.0,0.0,0.0
24.0,743,0.0,0.0,0.0,0.0,0.0
24.0,744,0.0,0.0,0.0,0.0,0.0
24.0,745,0.0,0.0,0.0,0.0,0.0
24.0,746,0.0,0.0,0.0,0.0,0.0
24.0,747,0.0,0.0,0.0,0.0,0.0
24.0,748,0.0,0.0,0.0,0.0,0.0
24.0,749,0.0,0.0,0.0,0.0,0.0
24.0,750,0.0,0.0,0.0,0.0,0.0
24.0,751,0.0,0.0,0.0,0.0,0.0
24.0,752,0.0,0.0,0.0,0.0,0.0
24.0,753,0.0,0.0,0.0,0.0,0.0
24.0,754,0.0,0.0,0.0,0.0,0.0
24.0,755,0.0,0.0,0.0,0.0,0.0
24.0,756,0.0,0.0,0.0,0.0,0.0
24.0,757,0.0,0.0,0.0,0.0,0.0
24.0,758,0.0,0.0,0.0,0.0,0.0
24.0,759,0.0,0.0,0.0,0.0,0.0
24.0,760,0.0,0.0,0.0,0.0,0.0
24.0,761,0.0,0.0,0.0,0.0,0.0
24.0,762,0.0,0.0,0.0,0.0,0.0
24.0,763,0.0,0.0,0.0,0.0,0.0
24.0,764,0.0,0.0,0.0,0.0,0.0
24.0,765,0.0,0.0,0.0,0.0,0.0
24.0,766,0.0,0.0,0.0,0.0,0.0
24.0,767,0.0,0.0,0.0,0.0,0.0
24.0,768,0.0,0.0,0.0,0.0,0.0
24.0,769,0.0,0.0,0.0,0.0,0.0
24.0,770,0.0,0.0,0.0,0.0,0.0
24.0,771,0.0,0.0,0.0,0.0,0.0
24.0,772,0.0,0.0,0.0,0.0,0.0
24.0,773,0.0,0.0,0.0,0.0,0.0
24.0,774,0.0,0.0,0.0,0.0,0.0
24.0,775,0.0,0.0,0.0,0.0,0.0
24.0,776,0.0,0.0,0.0,0.0,0.0
24.0,777,0.0,0.0,0.0,0.0,0.0
24.0,778,0.0,0.0,0.0,0.0,0.0
24.0,779,0.0,0.0,0.0,0.0,0.0
24.0,780,0.0,0.0,0.0,0.0,0.0
24.0,781,0.0,0.0,0.0,0.0,0.0
24.0,782,0.0,0.0,0.0,0.0,0.0
24.0,783,0.0,0.0,0.0,0.0,0.0
24.0,784,0.0,0.0,0.0,0.0,0.0
24.0,785,0.0,0.0,0.0,0.0,0.0
24.0,786,0.0,0.0,0.0,0.0,0.0
24.0,787,0.0,0.0,0.0,0.0,0.0
24.0,788,0.0,0.0,0.0,0.0,0.0
24.0,789,0.0,0.0,0.0,0.0,0.0
24.0,790,0.0,0.0,0.0,0.0,0.0
24.0,791,0.0,0.0,0.0,0.0,0.0
24.0,792,0.0,0.0,0.0,0.0,0.0
24.0,793,0.0,0.0,0.0,0.0,0.0
24.0,794,0.0,0.0,0.0,0.0,0.0
24.0,795,0.0,0.0,0.0,0.0,0.0
24.0,796,0.0,0.0,0.0,0.0,0.0
24.0,797,0.0,0.0,0.0,0.0,0.0
24.0,798,0.0,0.0,0.0,0.0,0.0
24.0,799,0.0,0.0,0.0,0.0,0.0
24.0,800,0.0,0.0,0.0,0.0,0.0
24.0,801,0.0,0.0,0.0,0.0,0.0
24.0,802,0.0,0.0,0.0,0.0,0.0
24.0,803,0.0,0.0,0.0,0.0,0.0
24.0,804,0.0,0.0,0.0,0.0,0.0
24.0,805,0.0,0.0,0.0,0.0,0.0
24.0,806,0.0,0.0,0.0,0.0,0.0
24.0,807,0.0,0.0,0.0,0.0,0.0
24.0,808,0.0,0.0,0.0,0.0,0.0
24.0,809,0.0,0.0,0.0,0.0,0.0
24.0,810,0.0,0.0,0.0,0.0,0.0
24.0,811,0.0,0.0,0.0,0.0,0.0
24.0,812,0.0,0.0,0.0,0.0,0.0
24.0,813,0.0,0.0,0.0,0.0,0.0
24.0,814,0.0,0.0,0.0,0.0,0.0
24.0,815,0.0,0.0,0.0,0.0,0.0
24.0,816,0.0,0.0,0.0,0.0,0.0
24.0,817,0.0,0.0,0.0,0.0,0.0
24.0,818,0.0,0.0,0.0,0.0,0.0
24.0,819,0.0,0.0,0.0,0.0,0.0
24.0,820,0.0,0.0,0.0,0.0,0.0
24.0,821,0.0,0.0,0.0,0.0,0.0
24.0,822,0.0,0.0,0.0,0.0,0.0
24.0,823,0.0,0.0,0.0,0.0,0.0
24.0,824,0.0,0.0,0.0,0.0,0.0
24.0,825,0.0,0.0,0.0,0.0,0.0
24.0,826,0.0,0.0,0.0,0.0,0.0
24.0,827,0.0,0.0,0.0,0.0,0.0
24.0,828,0.0,0.0,0.0,0.0,0.0
24.0,829,0.0,0.0,0.0,0.0,0.0
24.0,830,0.0,0.0,0.0,0.0,0.0
24.0,831,0.0,0.0,0.0,0.0,0.0
24.0,832,0.0,0.0,0.0,0.0,0.0
24.0,833,0.0,0.0,0.0,0.0,0.0
24.0,834,0.0,0.0,0.0,0.0,0.0
24.0,835,0.0,0.0,0.0,0.0,0.0
24.0,836,0.0,0.0,0.0,0.0,0.0
24.0,837,0.0,0.0,0.0,0.0,0.0
24.0,838,0.0,0.0,0.0,0.0,0.0
24.0,839,0.0,0.0,0.0,0.0,0.0
24.0,840,0.0,0.0,0.0,0.0,0.0
24.0,841,0.0,0.0,0.0,0.0,0.0
24.0,842,0.0,0.0,0.0,0.0,0.0
24.0,843,0.0,0.0,0.0,0.0,0.0
24.0,844,0.0,0.0,0.0,0.0,0.0
24.0,845,0.0,0.0,0.0,0.0,0.0
24.0,846,0.0,0.0,0.0,0.0,0.0
24.0,847,0.0,0.0,0.0,0.0,0.0
24.0,848,0.0,0.0,0.0,0.0,0.0
24.0,849,0.0,0.0,0.0,0.0,0.0
24.0,850,0.0,0.0,0.0,0.0,0.0
24.0,851,0.0,0.0,0.0,0.0,0.0
24.0,852,0.0,0.0,0.0,0.0,0.0
24.0,853,0.0,0.0,0.0,0.0,0.0
24.0,854,0.0,0.0,0.0,0.0,0.0
24.0,855,0.0,0.0,0.0,0.0,0.0
24.0,856,0.0,0.0,0.0,0.0,0.0
24.0,857,0.0,0.0,0.0,0.0,0.0
24.0,858,0.0,0.0,0.0,0.0,0.0
24.0,859,0.0,0.0,0.0,0.0,0.0
24.0,860,0.0,0.0,0.0,0.0,0.0
24.0,861,0.0,0.0,0.0,0.0,0.0
24.0,862,0.0,0.0,0.0,0.0,0.0
24.0,863,0.0,0.0,0.0,0.0,0.0
24.0,864,0.0,0.0,0.0,0.0,0.0
24.0,865,0.0,0.0,0.0,0.0,0.0
24.0,866,0.0,0.0,0.0,0.0,0.0
24.0,867,0.0,0.0,0.0,0.0,0.0
24.0,868,0.0,0.0,0.0,0.0,0.0
24.0,869,0.0,0.0,0.0,0.0,0.0
24.0,870,0.0,0.0,0.0,0.0,0.0
24.0,871,0.0,0.0,0.0,0.0,0.0
24.0,872,0.0,0.0,0.0,0.0,0.0
24.0,873,0.0,0.0,0.0,0.0,0.0
24.0,874,0.0,0.0,0.0,0.0,0.0
24.0,875,0.0,0.0,0.0,0.0,0.0
24.0,876,0.0,0.0,0.0,0.0,0.0
24.0,877,0.0,0.0,0.0,0.0,0.0
24.0,878,0.0,0.0,0.0,0.0,0.0
24.0,879,0.0,0.0,0.0,0.0,0.0
24.0,880,0.0,0.0,0.0,0.0,0.0
24.0,881,0.0,0.0,0.0,0.0,0.0
24.0,882,0.0,0.0,0.0,0.0,0.0
24.0,883,0.0,0.0,0.0,0.0,0.0
24.0,884,0.0,0.0,0.0,0.0,0.0
24.0,885,0.0,0.0,0.0,0.0,0.0
24.0,886,0.0,0.0,0.0,0.0,0.0
24.0,887,0.0,0.0,0.0,0.0,0.0
24.0,888,0.0,0.0,0.0,0.0,0.0
24.0,889,0.0,0.0,0.0,0.0,0.0
24.0,890,0.0,0.0,0.0,0.0,0.0
24.0,891,0.0,0.0,0.0,0.0,0.0
24.0,892,0.0,0.0,0.0,0.0,0.0
24.0,893,0.0,0.0,0.0,0.0,0.0
24.0,894,0.0,0.0,0.0,0.0,0.0
24.0,895,0.0,0.0,0.0,0.0,0.0
24.0,896,0.0,0.0,0.0,0.0,0.0
24.0,897,0.0,0.0,0.0,0.0,0.0
24.0,898,0.0,0.0,0.0,0.0,0.0
24.0,899,0.0,0.0,0.0,0.0,0.0
24.0,900,0.0,0.0,0.0,0.0,0.0
24.0,901,0.0,0.0,0.0,0.0,0.0
24.0,902,0.0,0.0,0.0,0.0,0.0
24.0,903,0.0,0.0,0.0,0.0,0.0
24.0,904,0.0,0.0,0.0,0.0,0.0
24.0,905,0.0,0.0,0.0,0.0,0.0
24.0,906,0.0,0.0,0.0,0.0,0.0
24.0,907,0.0,0.0,0.0,0.0,0.0
24.0,908,0.0,0.0,0.0,0.0,0.0
24.0,909,0.0,0.0,0.0,0.0,0.0
24.0,910,0.0,0.0,0.0,0.0,0.0
24.0,911,0.0,0.0,0.0,0.0,0.0
24.0,912,0.0,0.0,0.0,0.0,0.0
24.0,913,0.0,0.0,0.0,0.0,0.0
24.0,914,0.0,0.0,0.0,0.0,0.0
24.0,915,0.0,0.0,0.0,0.0,0.0
24.0,916,0.0,0.0,0.0,0.0,0.0
24.0,917,0.0,0.0,0.0,0.0,0.0
24.0,918,0.0,0.0,0.0,0.0,0.0
24.0,919,0.0,0.0,0.0,0.0,0.0
24.0,920,0.0,0.0,0.0,0.0,0.0
24.0,921,0.0,0.0,0.0,0.0,0.0
24.0,922,0.0,0.0,0.0,0.0,0.0
24.0,923,0.0,0.0,0.0,0.0,0.0
24.0,924,0.0,0.0,0.0,0.0,0.0
24.0,925,0.0,0.0,0.0,0.0,0.0
24.0,926,0.0,0.0,0.0,0.0,0.0
24.0,927,0.0,0.0,0.0,0.0,0.0
24.0,928,0.0,0.0,0.0,0.0,0.0
24.0,929,0.0,0.0,0.0,0.0,0.0
24.0,930,0.0,0.0,0.0,0.0,0.0
24.0,931,0.0,0.0,0.0,0.0,0.0
24.0,932,0.0,0.0,0.0,0.0,0.0
24.0,933,0.0,0.0,0.0,0.0,0.0
24.0,934,0.0,0.0,0.0,0.0,0.0
24.0,935,0.0,0.0,0.0,0.0,0.0
24.0,936,0.0,0.0,0.0,0.0,0.0
24.0,937,0.0,0.0,0.0,0.0,0.0
24.0,938,0.0,0.0,0.0,0.0,0.0
24.0,939,0.0,0.0,0.0,0.0,0.0
24.0,940,0.0,0.0,0.0,0.0,0.0
24.0,941,0.0,0.0,0.0,0.0,0.0
24.0,942,0.0,0.0,0.0,0.0,0.0
24.0,943,0.0,0.0,0.0,0.0,0.0
24.0,944,0.0,0.0,0.0,0.0,0.0
24.0,945,0.0,0.0,0.0,0.0,0.0
24.0,946,0.0,0.0,0.0,0.0,0.0
24.0,947,0.0,0.0,0.0,0.0,0.0
24.0,948,0.0,0.0,0.0,0.0,0.0
24.0,949,0.0,0.0,0.0,0.0,0.0
24.0,950,0.0,0.0,0.0,0.0,0.0
24.0,951,0.0,0.0,0.0,0.0,0.0
24.0,952,0.0,0.0,0.0,0.0,0.0
24.0,953,0.0,0.0,0.0,0.0,0.0
24.0,954,0.0,0.0,0.0,0.0,0.0
24.0,955,0.0,0.0,0.0,0.0,0.0
24.0,956,0.0,0.0,0.0,0.0,0.0
24.0,957,0.0,0.0,0.0,0.0,0.0
24.0,958,0.0,0.0,0.0,0.0,0.0
24.0,959,0.0,0.0,0.0,0.0,0.0
24.0,960,0.0,0.0,0.0,0.0,0.0
24.0,961,0.0,0.0,0.0,0.0,0.0
24.0,962,0.0,0.0,0.0,0.0,0.0
24.0,963,0.0,0.0,0.0,0.0,0.0
24.0,964,0.0,0.0,0.0,0.0,0.0
24.0,965,0.0,0.0,0.0,0.0,0.0
24.0,966,0.0,0.0,0.0,0.0,0.0
24.0,967,0.0,0.0,0.0,0.0,0.0
24.0,968,0.0,0.0,0.0,0.0,0.0
24.0,969,0.0,0.0,0.0,0.0,0.0
24.0,970,0.0,0.0,0.0,0.0,0.0
24.0,971,0.0,0.0,0.0,0.0,0.0
24.0,972,0.0,0.0,0.0,0.0,0.0
24.0,973,0.0,0.0,0.0,0.0,0.0
24.0,974,0.0,0.0,0.0,0.0,0.0
24.0,975,0.0,0.0,0.0,0.0,0.0
24.0,976,0.0,0.0,0.0,0.0,0.0
24.0,977,0.0,0.0,0.0,0.0,0.0
24.0,978,0.0,0.0,0.0,0.0,0.0
24.0,979,0.0,0.0,0.0,0.0,0.0
24.0,980,0.0,0.0,0.0,0.0,0.0
24.0,981,0.0,0.0,0.0,0.0,0.0
24.0,982,0.0,0.0,0.0,0.0,0.0
24.0,983,0.0,0.0,0.0,0.0,0.0
24.0,984,0.0,0.0,0.0,0.0,0.0
24.0,985,0.0,0.0,0.0,0.0,0.0
24.0,986,0.0,0.0,0.0,0.0,0.0
24.0,987,0.0,0.0,0.0,0.0,0.0
24.0,988,0.0,0.0,0.0,0.0,0.0
24.0,989,0.0,0.0,0.0,0.0,0.0
24.0,990,0.0,0.0,0.0,0.0,0.0
24.0,991,0.0,0.0,0.0,0.0,0.0
24.0,992,0.0,0.0,0.0,0.0,0.0
24.0,993,0.0,0.0,0.0,0.0,0.0
24.0,994,0.0,0.0,0.0,0.0,0.0
24.0,995,0.0,0.0,0.0,0.0,0.0
24.0,996,0.0,0.0,0.0,0.0,0.0
24.0,997,0.0,0.0,0.0,0.0,0.0
24.0,998,0.0,0.0,0.0,0.0,0.0
24.0,999,0.0,0.0,0.0,0.0,0.0
24.0,1000,0.0,0.0,0.0,0.0,0.0
25.0,1,0.6666666666666666,1.0,1.3333333333333333,2.0,4.333333333333333
25.0,2,1.0,1.0,1.3333333333333333,2.0,4.666666666666667
25.0,3,0.6666666666666666,1.3333333333333333,0.0,0.0,0.0
25.0,4,0.0,0.0,0.0,0.0,0.0
25.0,5,0.0,0.0,0.0,0.0,0.0
25.0,6,0.0,0.0,0.0,0.0,0.0
25.0,7,1.0,1.3333333333333333,1.3333333333333333,2.0,4.333333333333333
25.0,8,0.6666666666666666,1.3333333333333333,1.3333333333333333,1.6666666666666667,4.666666666666667
25.0,9,0.0,0.0,0.0,0.0,0.0
25.0,10,0.0,0.0,0.0,0.0,0.0
25.0,11,0.0,0.0,0.0,0.0,0.0
25.0,12,1.0,1.3333333333333333,1.3333333333333333,1.6666666666666667,4.666666666666667
25.0,13,0.0,0.0,0.0,0.0,0.0
25.0,14,1.3333333333333333,1.0,1.3333333333333333,1.6666666666666667,4.333333333333333
25.0,15,0.3333333333333333,1.3333333333333333,1.3333333333333333,1.6666666666666667,4.666666666666667
25.0,16,1.3333333333333333,1.3333333333333333,1.3333333333333333,2.0,6.0
25.0,17,0.0,0.0,0.0,0.0,0.0
25.0,18,0.0,0.0,0.0,0.0,0.0
25.0,19,1.0,1.0,1.3333333333333333,1.6666666666666667,5.0
25.0,20,0.6666666666666666,1.3333333333333333,1.3333333333333333,1.3333333333333333,5.0
25.0,21,0.0,0.0,0.0,0.0,0.0
25.0,22,0.0,0.0,0.0,0.0,0.0
25.0,23,1.3333333333333333,1.3333333333333333,1.3333333333333333,1.6666666666666667,5.333333333333333
25.0,24,0.6666666666666666,1.3333333333333333,1.3333333333333333,2.0,4.333333333333333
25.0,25,1.0,1.3333333333333333,1.3333333333333333,2.0,5.333333333333333
25.0,26,0.6666666666666666,0.0,0.0,0.0,0.0
25.0,27,0.6666666666666666,1.3333333333333333,1.3333333333333333,1.6666666666666667,5.0
25.0,28,1.0,1.0,1.3333333333333333,2.0,4.666666666666667
25.0,29,0.6666666666666666,1.3333333333333333,1.3333333333333333,1.6666666666666667,4.666666666666667
25.0,30,1.3333333333333333,1.0,1.6666666666666667,1.6666666666666667,5.333333333333333
25.0,31,0.3333333333333333,0.0,0.0,0.0,0.0
25.0,32,1.0,1.3333333333333333,1.3333333333333333,1.6666666666666667,4.333333333333333
25.0,33,1.0,1.3333333333333333,1.3333333333333333,1.6666666666666667,4.666666666666667
25.0,34,1.0,1.3333333333333333,1.3333333333333333,2.0,5.333333333333333
25.0,35,0.6666666666666666,1.3333333333333333,1.3333333333333333,2.0,4.666666666666667
25.0,36,1.3333333333333333,0.0,0.0,0.0,0.0
25.0,37,1.0,1.0,1.3333333333333333,1.6666666666666667,4.333333333333333
25.0,38,1.0,1.3333333333333333,1.3333333333333333,1.6666666666666667,4.666666666666667
25.0,39,0.6666666666666666,1.3333333333333333,1.3333333333333333,1.6666666666666667,4.333333333333333
25.0,40,1.0,1.3333333333333333,1.3333333333333333,1.6666666666666667,4.666666666666667
25.0,41,1.3333333333333333,1.3333333333333333,1.6666666666666667,1.6666666666666667,6.0
25.0,42,0.6666666666666666,1.3333333333333333,0.0,0.0,0.0
25.0,43,1.0,1.3333333333333333,1.3333333333333333,2.0,4.333333333333333
25.0,44,0.3333333333333333,1.3333333333333333,1.3333333333333333,1.6666666666666667,4.666666666666667
25.0,45,1.0,1.0,1.6666666666666667,1.6666666666666667,4.666666666666667
25.0,46,0.6666666666666666,1.3333333333333333,1.6666666666666667,1.6666666666666667,4.666666666666667
25.0,47,0.6666666666666666,1.0,1.3333333333333333,1.6666666666666667,4.333333333333333
25.0,48,0.6666666666666666,1.3333333333333333,1.3333333333333333,1.6666666666666667,4.666666666666667
25.0,49,1.0,1.3333333333333333,1.3333333333333333,1.6666666666666667,4.666666666666667
25.0,50,0.6666666666666666,1.3333333333333333,1.3333333333333333,1.6666666666666667,4.666666666666667
25.0,51,0.0,0.0,0.0,0.0,0.0
25.0,52,0.0,0.0,0.0,0.0,0.0
25.0,53,0.0,0.0,0.0,0.0,0.0
25.0,54,0.0,0.0,0.0,0.0,0.0
25.0,55,0.0,0.0,0.0,0.0,0.0
25.0,56,0.0,0.0,0.0,0.0,0.0
25.0,57,0.0,0.0,0.0,0.0,0.0
25.0,58,0.0,0.0,0.0,0.0,0.0
25.0,59,0.0,0.0,0.0,0.0,0.0
25.0,60,0.0,0.0,0.0,0.0,0.0
25.0,61,0.0,0.0,0.0,0.0,0.0
25.0,62,0.0,0.0,0.0,0.0,0.0
25.0,63,0.0,0.0,0.0,0.0,0.0
25.0,64,0.0,0.0,0.0,0.0,0.0
25.0,65,0.0,0.0,0.0,0.0,0.0
25.0,66,0.0,0.0,0.0,0.0,0.0
25.0,67,0.0,0.0,0.0,0.0,0.0
25.0,68,0.0,0.0,0.0,0.0,0.0
25.0,69,0.0,0.0,0.0,0.0,0.0
25.0,70,0.0,0.0,0.0,0.0,0.0
25.0,71,0.0,0.0,0.0,0.0,0.0
25.0,72,0.0,0.0,0.0,0.0,0.0
25.0,73,0.0,0.0,0.0,0.0,0.0
25.0,74,0.0,0.0,0.0,0.0,0.0
25.0,75,0.0,0.0,0.0,0.0,0.0
25.0,76,0.0,0.0,0.0,0.0,0.0
25.0,77,0.0,0.0,0.0,0.0,0.0
25.0,78,0.0,0.0,0.0,0.0,0.0
25.0,79,0.0,0.0,0.0,0.0,0.0
25.0,80,0.0,0.0,0.0,0.0,0.0
25.0,81,0.0,0.0,0.0,0.0,0.0
25.0,82,0.0,0.0,0.0,0.0,0.0
25.0,83,0.0,0.0,0.0,0.0,0.0
25.0,84,0.0,0.0,0.0,0.0,0.0
25.0,85,0.0,0.0,0.0,0.0,0.0
25.0,86,0.0,0.0,0.0,0.0,0.0
25.0,87,0.0,0.0,0.0,0.0,0.0
25.0,88,0.0,0.0,0.0,0.0,0.0
25.0,89,0.0,0.0,0.0,0.0,0.0
25.0,90,0.0,0.0,0.0,0.0,0.0
25.0,91,0.0,0.0,0.0,0.0,0.0
25.0,92,0.0,0.0,0.0,0.0,0.0
25.0,93,0.0,0.0,0.0,0.0,0.0
25.0,94,0.0,0.0,0.0,0.0,0.0
25.0,95,0.0,0.0,0.0,0.0,0.0
25.0,96,0.0,0.0,0.0,0.0,0.0
25.0,97,0.0,0.0,0.0,0.0,0.0
25.0,98,0.0,0.0,0.0,0.0,0.0
25.0,99,0.0,0.0,0.0,0.0,0.0
25.0,100,0.0,0.0,0.0,0.0,0.0
25.0,101,0.0,0.0,0.0,0.0,0.0
25.0,102,0.0,0.0,0.0,0.0,0.0
25.0,103,0.0,0.0,0.0,0.0,0.0
25.0,104,0.0,0.0,0.0,0.0,0.0
25.0,105,0.0,0.0,0.0,0.0,0.0
25.0,106,0.0,0.0,0.0,0.0,0.0
25.0,107,0.0,0.0,0.0,0.0,0.0
25.0,108,0.0,0.0,0.0,0.0,0.0
25.0,109,0.0,0.0,0.0,0.0,0.0
25.0,110,0.0,0.0,0.0,0.0,0.0
25.0,111,0.0,0.0,0.0,0.0,0.0
25.0,112,0.0,0.0,0.0,0.0,0.0
25.0,113,0.0,0.0,0.0,0.0,0.0
25.0,114,0.0,0.0,0.0,0.0,0.0
25.0,115,0.0,0.0,0.0,0.0,0.0
25.0,116,0.0,0.0,0.0,0.0,0.0
25.0,117,0.0,0.0,0.0,0.0,0.0
25.0,118,0.0,0.0,0.0,0.0,0.0
25.0,119,0.0,0.0,0.0,0.0,0.0
25.0,120,0.0,0.0,0.0,0.0,0.0
25.0,121,0.0,0.0,0.0,0.0,0.0
25.0,122,0.0,0.0,0.0,0.0,0.0
25.0,123,0.0,0.0,0.0,0.0,0.0
25.0,124,0.0,0.0,0.0,0.0,0.0
25.0,125,0.0,0.0,0.0,0.0,0.0
25.0,126,0.0,0.0,0.0,0.0,0.0
25.0,127,0.0,0.0,0.0,0.0,0.0
25.0,128,0.0,0.0,0.0,0.0,0.0
25.0,129,0.0,0.0,0.0,0.0,0.0
25.0,130,0.0,0.0,0.0,0.0,0.0
25.0,131,0.0,0.0,0.0,0.0,0.0
25.0,132,0.0,0.0,0.0,0.0,0.0
25.0,133,0.0,0.0,0.0,0.0,0.0
25.0,134,0.0,0.0,0.0,0.0,0.0
25.0,135,0.0,0.0,0.0,0.0,0.0
25.0,136,0.0,0.0,0.0,0.0,0.0
25.0,137,0.0,0.0,0.0,0.0,0.0
25.0,138,0.0,0.0,0.0,0.0,0.0
25.0,139,0.0,0.0,0.0,0.0,0.0
25.0,140,0.0,0.0,0.0,0.0,0.0
25.0,141,0.0,0.0,0.0,0.0,0.0
25.0,142,0.0,0.0,0.0,0.0,0.0
25.0,143,0.0,0.0,0.0,0.0,0.0
25.0,144,0.0,0.0,0.0,0.0,0.0
25.0,145,0.0,0.0,0.0,0.0,0.0
25.0,146,0.0,0.0,0.0,0.0,0.0
25.0,147,0.0,0.0,0.0,0.0,0.0
25.0,148,0.0,0.0,0.0,0.0,0.0
25.0,149,0.0,0.0,0.0,0.0,0.0
25.0,150,0.0,0.0,0.0,0.0,0.0
25.0,151,0.0,0.0,0.0,0.0,0.0
25.0,152,0.0,0.0,0.0,0.0,0.0
25.0,153,0.0,0.0,0.0,0.0,0.0
25.0,154,0.0,0.0,0.0,0.0,0.0
25.0,155,0.0,0.0,0.0,0.0,0.0
25.0,156,0.0,0.0,0.0,0.0,0.0
25.0,157,0.0,0.0,0.0,0.0,0.0
25.0,158,0.0,0.0,0.0,0.0,0.0
25.0,159,0.0,0.0,0.0,0.0,0.0
25.0,160,0.0,0.0,0.0,0.0,0.0
25.0,161,0.0,0.0,0.0,0.0,0.0
25.0,162,0.0,0.0,0.0,0.0,0.0
25.0,163,0.0,0.0,0.0,0.0,0.0
25.0,164,0.0,0.0,0.0,0.0,0.0
25.0,165,0.0,0.0,0.0,0.0,0.0
25.0,166,0.0,0.0,0.0,0.0,0.0
25.0,167,0.0,0.0,0.0,0.0,0.0
25.0,168,0.0,0.0,0.0,0.0,0.0
25.0,169,0.0,0.0,0.0,0.0,0.0
25.0,170,0.0,0.0,0.0,0.0,0.0
25.0,171,0.0,0.0,0.0,0.0,0.0
25.0,172,0.0,0.0,0.0,0.0,0.0
25.0,173,0.0,0.0,0.0,0.0,0.0
25.0,174,0.0,0.0,0.0,0.0,0.0
25.0,175,0.0,0.0,0.0,0.0,0.0
25.0,176,0.0,0.0,0.0,0.0,0.0
25.0,177,0.0,0.0,0.0,0.0,0.0
25.0,178,0.0,0.0,0.0,0.0,0.0
25.0,179,0.0,0.0,0.0,0.0,0.0
25.0,180,0.0,0.0,0.0,0.0,0.0
25.0,181,0.0,0.0,0.0,0.0,0.0
25.0,182,0.0,0.0,0.0,0.0,0.0
25.0,183,0.0,0.0,0.0,0.0,0.0
25.0,184,0.0,0.0,0.0,0.0,0.0
25.0,185,0.0,0.0,0.0,0.0,0.0
25.0,186,0.0,0.0,0.0,0.0,0.0
25.0,187,0.0,0.0,0.0,0.0,0.0
25.0,188,0.0,0.0,0.0,0.0,0.0
25.0,189,0.0,0.0,0.0,0.0,0.0
25.0,190,0.0,0.0,0.0,0.0,0.0
25.0,191,0.0,0.0,0.0,0.0,0.0
25.0,192,0.0,0.0,0.0,0.0,0.0
25.0,193,0.0,0.0,0.0,0.0,0.0
25.0,194,0.0,0.0,0.0,0.0,0.0
25.0,195,0.0,0.0,0.0,0.0,0.0
25.0,196,0.0,0.0,0.0,0.0,0.0
25.0,197,0.0,0.0,0.0,0.0,0.0
25.0,198,0.0,0.0,0.0,0.0,0.0
25.0,199,0.0,0.0,0.0,0.0,0.0
25.0,200,0.0,0.0,0.0,0.0,0.0
25.0,201,0.0,0.0,0.0,0.0,0.0
25.0,202,0.0,0.0,0.0,0.0,0.0
25.0,203,0.0,0.0,0.0,0.0,0.0
25.0,204,0.0,0.0,0.0,0.0,0.0
25.0,205,0.0,0.0,0.0,0.0,0.0
25.0,206,0.0,0.0,0.0,0.0,0.0
25.0,207,0.0,0.0,0.0,0.0,0.0
25.0,208,0.0,0.0,0.0,0.0,0.0
25.0,209,0.0,0.0,0.0,0.0,0.0
25.0,210,0.0,0.0,0.0,0.0,0.0
25.0,211,0.0,0.0,0.0,0.0,0.0
25.0,212,0.0,0.0,0.0,0.0,0.0
25.0,213,0.0,0.0,0.0,0.0,0.0
25.0,214,0.0,0.0,0.0,0.0,0.0
25.0,215,0.0,0.0,0.0,0.0,0.0
25.0,216,0.0,0.0,0.0,0.0,0.0
25.0,217,0.0,0.0,0.0,0.0,0.0
25.0,218,0.0,0.0,0.0,0.0,0.0
25.0,219,0.0,0.0,0.0,0.0,0.0
25.0,220,0.0,0.0,0.0,0.0,0.0
25.0,221,0.0,0.0,0.0,0.0,0.0
25.0,222,0.0,0.0,0.0,0.0,0.0
25.0,223,0.0,0.0,0.0,0.0,0.0
25.0,224,0.0,0.0,0.0,0.0,0.0
25.0,225,0.0,0.0,0.0,0.0,0.0
25.0,226,0.0,0.0,0.0,0.0,0.0
25.0,227,0.0,0.0,0.0,0.0,0.0
25.0,228,0.0,0.0,0.0,0.0,0.0
25.0,229,0.0,0.0,0.0,0.0,0.0
25.0,230,0.0,0.0,0.0,0.0,0.0
25.0,231,0.0,0.0,0.0,0.0,0.0
25.0,232,0.0,0.0,0.0,0.0,0.0
25.0,233,0.0,0.0,0.0,0.0,0.0
25.0,234,0.0,0.0,0.0,0.0,0.0
25.0,235,0.0,0.0,0.0,0.0,0.0
25.0,236,0.0,0.0,0.0,0.0,0.0
25.0,237,0.0,0.0,0.0,0.0,0.0
25.0,238,0.0,0.0,0.0,0.0,0.0
25.0,239,0.0,0.0,0.0,0.0,0.0
25.0,240,0.0,0.0,0.0,0.0,0.0
25.0,241,0.0,0.0,0.0,0.0,0.0
25.0,242,0.0,0.0,0.0,0.0,0.0
25.0,243,0.0,0.0,0.0,0.0,0.0
25.0,244,0.0,0.0,0.0,0.0,0.0
25.0,245,0.0,0.0,0.0,0.0,0.0
25.0,246,0.0,0.0,0.0,0.0,0.0
25.0,247,0.0,0.0,0.0,0.0,0.0
25.0,248,0.0,0.0,0.0,0.0,0.0
25.0,249,0.0,0.0,0.0,0.0,0.0
25.0,250,0.0,0.0,0.0,0.0,0.0
25.0,251,0.0,0.0,0.0,0.0,0.0
25.0,252,0.0,0.0,0.0,0.0,0.0
25.0,253,0.0,0.0,0.0,0.0,0.0
25.0,254,0.0,0.0,0.0,0.0,0.0
25.0,255,0.0,0.0,0.0,0.0,0.0
25.0,256,0.0,0.0,0.0,0.0,0.0
25.0,257,0.0,0.0,0.0,0.0,0.0
25.0,258,0.0,0.0,0.0,0.0,0.0
25.0,259,0.0,0.0,0.0,0.0,0.0
25.0,260,0.0,0.0,0.0,0.0,0.0
25.0,261,0.0,0.0,0.0,0.0,0.0
25.0,262,0.0,0.0,0.0,0.0,0.0
25.0,263,0.0,0.0,0.0,0.0,0.0
25.0,264,0.0,0.0,0.0,0.0,0.0
25.0,265,0.0,0.0,0.0,0.0,0.0
25.0,266,0.0,0.0,0.0,0.0,0.0
25.0,267,0.0,0.0,0.0,0.0,0.0
25.0,268,0.0,0.0,0.0,0.0,0.0
25.0,269,0.0,0.0,0.0,0.0,0.0
25.0,270,0.0,0.0,0.0,0.0,0.0
25.0,271,0.0,0.0,0.0,0.0,0.0
25.0,272,0.0,0.0,0.0,0.0,0.0
25.0,273,0.0,0.0,0.0,0.0,0.0
25.0,274,0.0,0.0,0.0,0.0,0.0
25.0,275,0.0,0.0,0.0,0.0,0.0
25.0,276,0.0,0.0,0.0,0.0,0.0
25.0,277,0.0,0.0,0.0,0.0,0.0
25.0,278,0.0,0.0,0.0,0.0,0.0
25.0,279,0.0,0.0,0.0,0.0,0.0
25.0,280,0.0,0.0,0.0,0.0,0.0
25.0,281,0.0,0.0,0.0,0.0,0.0
25.0,282,0.0,0.0,0.0,0.0,0.0
25.0,283,0.0,0.0,0.0,0.0,0.0
25.0,284,0.0,0.0,0.0,0.0,0.0
25.0,285,0.0,0.0,0.0,0.0,0.0
25.0,286,0.0,0.0,0.0,0.0,0.0
25.0,287,0.0,0.0,0.0,0.0,0.0
25.0,288,0.0,0.0,0.0,0.0,0.0
25.0,289,0.0,0.0,0.0,0.0,0.0
25.0,290,0.0,0.0,0.0,0.0,0.0
25.0,291,0.0,0.0,0.0,0.0,0.0
25.0,292,0.0,0.0,0.0,0.0,0.0
25.0,293,0.0,0.0,0.0,0.0,0.0
25.0,294,0.0,0.0,0.0,0.0,0.0
25.0,295,0.0,0.0,0.0,0.0,0.0
25.0,296,0.0,0.0,0.0,0.0,0.0
25.0,297,0.0,0.0,0.0,0.0,0.0
25.0,298,0.0,0.0,0.0,0.0,0.0
25.0,299,0.0,0.0,0.0,0.0,0.0
25.0,300,0.0,0.0,0.0,0.0,0.0
25.0,301,0.0,0.0,0.0,0.0,0.0
25.0,302,0.0,0.0,0.0,0.0,0.0
25.0,303,0.0,0.0,0.0,0.0,0.0
25.0,304,0.0,0.0,0.0,0.0,0.0
25.0,305,0.0,0.0,0.0,0.0,0.0
25.0,306,0.0,0.0,0.0,0.0,0.0
25.0,307,0.0,0.0,0.0,0.0,0.0
25.0,308,0.0,0.0,0.0,0.0,0.0
25.0,309,0.0,0.0,0.0,0.0,0.0
25.0,310,0.0,0.0,0.0,0.0,0.0
25.0,311,0.0,0.0,0.0,0.0,0.0
25.0,312,0.0,0.0,0.0,0.0,0.0
25.0,313,0.0,0.0,0.0,0.0,0.0
25.0,314,0.0,0.0,0.0,0.0,0.0
25.0,315,0.0,0.0,0.0,0.0,0.0
25.0,316,0.0,0.0,0.0,0.0,0.0
25.0,317,0.0,0.0,0.0,0.0,0.0
25.0,318,0.0,0.0,0.0,0.0,0.0
25.0,319,0.0,0.0,0.0,0.0,0.0
25.0,320,0.0,0.0,0.0,0.0,0.0
25.0,321,0.0,0.0,0.0,0.0,0.0
25.0,322,0.0,0.0,0.0,0.0,0.0
25.0,323,0.0,0.0,0.0,0.0,0.0
25.0,324,0.0,0.0,0.0,0.0,0.0
25.0,325,0.0,0.0,0.0,0.0,0.0
25.0,326,0.0,0.0,0.0,0.0,0.0
25.0,327,0.0,0.0,0.0,0.0,0.0
25.0,328,0.0,0.0,0.0,0.0,0.0
25.0,329,0.0,0.0,0.0,0.0,0.0
25.0,330,0.0,0.0,0.0,0.0,0.0
25.0,331,0.0,0.0,0.0,0.0,0.0
25.0,332,0.0,0.0,0.0,0.0,0.0
25.0,333,0.0,0.0,0.0,0.0,0.0
25.0,334,0.0,0.0,0.0,0.0,0.0
25.0,335,0.0,0.0,0.0,0.0,0.0
25.0,336,0.0,0.0,0.0,0.0,0.0
25.0,337,0.0,0.0,0.0,0.0,0.0
25.0,338,0.0,0.0,0.0,0.0,0.0
25.0,339,0.0,0.0,0.0,0.0,0.0
25.0,340,0.0,0.0,0.0,0.0,0.0
25.0,341,0.0,0.0,0.0,0.0,0.0
25.0,342,0.0,0.0,0.0,0.0,0.0
25.0,343,0.0,0.0,0.0,0.0,0.0
25.0,344,0.0,0.0,0.0,0.0,0.0
25.0,345,0.0,0.0,0.0,0.0,0.0
25.0,346,0.0,0.0,0.0,0.0,0.0
25.0,347,0.0,0.0,0.0,0.0,0.0
25.0,348,0.0,0.0,0.0,0.0,0.0
25.0,349,0.0,0.0,0.0,0.0,0.0
25.0,350,0.0,0.0,0.0,0.0,0.0
25.0,351,0.0,0.0,0.0,0.0,0.0
25.0,352,0.0,0.0,0.0,0.0,0.0
25.0,353,0.0,0.0,0.0,0.0,0.0
25.0,354,0.0,0.0,0.0,0.0,0.0
25.0,355,0.0,0.0,0.0,0.0,0.0
25.0,356,0.0,0.0,0.0,0.0,0.0
25.0,357,0.0,0.0,0.0,0.0,0.0
25.0,358,0.0,0.0,0.0,0.0,0.0
25.0,359,0.0,0.0,0.0,0.0,0.0
25.0,360,0.0,0.0,0.0,0.0,0.0
25.0,361,0.0,0.0,0.0,0.0,0.0
25.0,362,0.0,0.0,0.0,0.0,0.0
25.0,363,0.0,0.0,0.0,0.0,0.0
25.0,364,0.0,0.0,0.0,0.0,0.0
25.0,365,0.0,0.0,0.0,0.0,0.0
25.0,366,0.0,0.0,0.0,0.0,0.0
25.0,367,0.0,0.0,0.0,0.0,0.0
25.0,368,0.0,0.0,0.0,0.0,0.0
25.0,369,0.0,0.0,0.0,0.0,0.0
25.0,370,0.0,0.0,0.0,0.0,0.0
25.0,371,0.0,0.0,0.0,0.0,0.0
25.0,372,0.0,0.0,0.0,0.0,0.0
25.0,373,0.0,0.0,0.0,0.0,0.0
25.0,374,0.0,0.0,0.0,0.0,0.0
25.0,375,0.0,0.0,0.0,0.0,0.0
25.0,376,0.0,0.0,0.0,0.0,0.0
25.0,377,0.0,0.0,0.0,0.0,0.0
25.0,378,0.0,0.0,0.0,0.0,0.0
25.0,379,0.0,0.0,0.0,0.0,0.0
25.0,380,0.0,0.0,0.0,0.0,0.0
25.0,381,0.0,0.0,0.0,0.0,0.0
25.0,382,0.0,0.0,0.0,0.0,0.0
25.0,383,0.0,0.0,0.0,0.0,0.0
25.0,384,0.0,0.0,0.0,0.0,0.0
25.0,385,0.0,0.0,0.0,0.0,0.0
25.0,386,0.0,0.0,0.0,0.0,0.0
25.0,387,0.0,0.0,0.0,0.0,0.0
25.0,388,0.0,0.0,0.0,0.0,0.0
25.0,389,0.0,0.0,0.0,0.0,0.0
25.0,390,0.0,0.0,0.0,0.0,0.0
25.0,391,0.0,0.0,0.0,0.0,0.0
25.0,392,0.0,0.0,0.0,0.0,0.0
25.0,393,0.0,0.0,0.0,0.0,0.0
25.0,394,0.0,0.0,0.0,0.0,0.0
25.0,395,0.0,0.0,0.0,0.0,0.0
25.0,396,0.0,0.0,0.0,0.0,0.0
25.0,397,0.0,0.0,0.0,0.0,0.0
25.0,398,0.0,0.0,0.0,0.0,0.0
25.0,399,0.0,0.0,0.0,0.0,0.0
25.0,400,0.0,0.0,0.0,0.0,0.0
25.0,401,0.0,0.0,0.0,0.0,0.0
25.0,402,0.0,0.0,0.0,0.0,0.0
25.0,403,0.0,0.0,0.0,0.0,0.0
25.0,404,0.0,0.0,0.0,0.0,0.0
25.0,405,0.0,0.0,0.0,0.0,0.0
25.0,406,0.0,0.0,0.0,0.0,0.0
25.0,407,0.0,0.0,0.0,0.0,0.0
25.0,408,0.0,0.0,0.0,0.0,0.0
25.0,409,0.0,0.0,0.0,0.0,0.0
25.0,410,0.0,0.0,0.0,0.0,0.0
25.0,411,0.0,0.0,0.0,0.0,0.0
25.0,412,0.0,0.0,0.0,0.0,0.0
25.0,413,0.0,0.0,0.0,0.0,0.0
25.0,414,0.0,0.0,0.0,0.0,0.0
25.0,415,0.0,0.0,0.0,0.0,0.0
25.0,416,0.0,0.0,0.0,0.0,0.0
25.0,417,0.0,0.0,0.0,0.0,0.0
25.0,418,0.0,0.0,0.0,0.0,0.0
25.0,419,0.0,0.0,0.0,0.0,0.0
25.0,420,0.0,0.0,0.0,0.0,0.0
25.0,421,0.0,0.0,0.0,0.0,0.0
25.0,422,0.0,0.0,0.0,0.0,0.0
25.0,423,0.0,0.0,0.0,0.0,0.0
25.0,424,0.0,0.0,0.0,0.0,0.0
25.0,425,0.0,0.0,0.0,0.0,0.0
25.0,426,0.0,0.0,0.0,0.0,0.0
25.0,427,0.0,0.0,0.0,0.0,0.0
25.0,428,0.0,0.0,0.0,0.0,0.0
25.0,429,0.0,0.0,0.0,0.0,0.0
25.0,430,0.0,0.0,0.0,0.0,0.0
25.0,431,0.0,0.0,0.0,0.0,0.0
25.0,432,0.0,0.0,0.0,0.0,0.0
25.0,433,0.0,0.0,0.0,0.0,0.0
25.0,434,0.0,0.0,0.0,0.0,0.0
25.0,435,0.0,0.0,0.0,0.0,0.0
25.0,436,0.0,0.0,0.0,0.0,0.0
25.0,437,0.0,0.0,0.0,0.0,0.0
25.0,438,0.0,0.0,0.0,0.0,0.0
25.0,439,0.0,0.0,0.0,0.0,0.0
25.0,440,0.0,0.0,0.0,0.0,0.0
25.0,441,0.0,0.0,0.0,0.0,0.0
25.0,442,0.0,0.0,0.0,0.0,0.0
25.0,443,0.0,0.0,0.0,0.0,0.0
25.0,444,0.0,0.0,0.0,0.0,0.0
25.0,445,0.0,0.0,0.0,0.0,0.0
25.0,446,0.0,0.0,0.0,0.0,0.0
25.0,447,0.0,0.0,0.0,0.0,0.0
25.0,448,0.0,0.0,0.0,0.0,0.0
25.0,449,0.0,0.0,0.0,0.0,0.0
25.0,450,0.0,0.0,0.0,0.0,0.0
25.0,451,0.0,0.0,0.0,0.0,0.0
25.0,452,0.0,0.0,0.0,0.0,0.0
25.0,453,0.0,0.0,0.0,0.0,0.0
25.0,454,0.0,0.0,0.0,0.0,0.0
25.0,455,0.0,0.0,0.0,0.0,0.0
25.0,456,0.0,0.0,0.0,0.0,0.0
25.0,457,0.0,0.0,0.0,0.0,0.0
25.0,458,0.0,0.0,0.0,0.0,0.0
25.0,459,0.0,0.0,0.0,0.0,0.0
25.0,460,0.0,0.0,0.0,0.0,0.0
25.0,461,0.0,0.0,0.0,0.0,0.0
25.0,462,0.0,0.0,0.0,0.0,0.0
25.0,463,0.0,0.0,0.0,0.0,0.0
25.0,464,0.0,0.0,0.0,0.0,0.0
25.0,465,0.0,0.0,0.0,0.0,0.0
25.0,466,0.0,0.0,0.0,0.0,0.0
25.0,467,0.0,0.0,0.0,0.0,0.0
25.0,468,0.0,0.0,0.0,0.0,0.0
25.0,469,0.0,0.0,0.0,0.0,0.0
25.0,470,0.0,0.0,0.0,0.0,0.0
25.0,471,0.0,0.0,0.0,0.0,0.0
25.0,472,0.0,0.0,0.0,0.0,0.0
25.0,473,0.0,0.0,0.0,0.0,0.0
25.0,474,0.0,0.0,0.0,0.0,0.0
25.0,475,0.0,0.0,0.0,0.0,0.0
25.0,476,0.0,0.0,0.0,0.0,0.0
25.0,477,0.0,0.0,0.0,0.0,0.0
25.0,478,0.0,0.0,0.0,0.0,0.0
25.0,479,0.0,0.0,0.0,0.0,0.0
25.0,480,0.0,0.0,0.0,0.0,0.0
25.0,481,0.0,0.0,0.0,0.0,0.0
25.0,482,0.0,0.0,0.0,0.0,0.0
25.0,483,0.0,0.0,0.0,0.0,0.0
25.0,484,0.0,0.0,0.0,0.0,0.0
25.0,485,0.0,0.0,0.0,0.0,0.0
25.0,486,0.0,0.0,0.0,0.0,0.0
25.0,487,0.0,0.0,0.0,0.0,0.0
25.0,488,0.0,0.0,0.0,0.0,0.0
25.0,489,0.0,0.0,0.0,0.0,0.0
25.0,490,0.0,0.0,0.0,0.0,0.0
25.0,491,0.0,0.0,0.0,0.0,0.0
25.0,492,0.0,0.0,0.0,0.0,0.0
25.0,493,0.0,0.0,0.0,0.0,0.0
25.0,494,0.0,0.0,0.0,0.0,0.0
25.0,495,0.0,0.0,0.0,0.0,0.0
25.0,496,0.0,0.0,0.0,0.0,0.0
25.0,497,0.0,0.0,0.0,0.0,0.0
25.0,498,0.0,0.0,0.0,0.0,0.0
25.0,499,0.0,0.0,0.0,0.0,0.0
25.0,500,0.0,0.0,0.0,0.0,0.0
25.0,501,0.0,0.0,0.0,0.0,0.0
25.0,502,0.0,0.0,0.0,0.0,0.0
25.0,503,0.0,0.0,0.0,0.0,0.0
25.0,504,0.0,0.0,0.0,0.0,0.0
25.0,505,0.0,0.0,0.0,0.0,0.0
25.0,506,0.0,0.0,0.0,0.0,0.0
25.0,507,0.0,0.0,0.0,0.0,0.0
25.0,508,0.0,0.0,0.0,0.0,0.0
25.0,509,0.0,0.0,0.0,0.0,0.0
25.0,510,0.0,0.0,0.0,0.0,0.0
25.0,511,0.0,0.0,0.0,0.0,0.0
25.0,512,0.0,0.0,0.0,0.0,0.0
25.0,513,0.0,0.0,0.0,0.0,0.0
25.0,514,0.0,0.0,0.0,0.0,0.0
25.0,515,0.0,0.0,0.0,0.0,0.0
25.0,516,0.0,0.0,0.0,0.0,0.0
25.0,517,0.0,0.0,0.0,0.0,0.0
25.0,518,0.0,0.0,0.0,0.0,0.0
25.0,519,0.0,0.0,0.0,0.0,0.0
25.0,520,0.0,0.0,0.0,0.0,0.0
25.0,521,0.0,0.0,0.0,0.0,0.0
25.0,522,0.0,0.0,0.0,0.0,0.0
25.0,523,0.0,0.0,0.0,0.0,0.0
25.0,524,0.0,0.0,0.0,0.0,0.0
25.0,525,0.0,0.0,0.0,0.0,0.0
25.0,526,0.0,0.0,0.0,0.0,0.0
25.0,527,0.0,0.0,0.0,0.0,0.0
25.0,528,0.0,0.0,0.0,0.0,0.0
25.0,529,0.0,0.0,0.0,0.0,0.0
25.0,530,0.0,0.0,0.0,0.0,0.0
25.0,531,0.0,0.0,0.0,0.0,0.0
25.0,532,0.0,0.0,0.0,0.0,0.0
25.0,533,0.0,0.0,0.0,0.0,0.0
25.0,534,0.0,0.0,0.0,0.0,0.0
25.0,535,0.0,0.0,0.0,0.0,0.0
25.0,536,0.0,0.0,0.0,0.0,0.0
25.0,537,0.0,0.0,0.0,0.0,0.0
25.0,538,0.0,0.0,0.0,0.0,0.0
25.0,539,0.0,0.0,0.0,0.0,0.0
25.0,540,0.0,0.0,0.0,0.0,0.0
25.0,541,0.0,0.0,0.0,0.0,0.0
25.0,542,0.0,0.0,0.0,0.0,0.0
25.0,543,0.0,0.0,0.0,0.0,0.0
25.0,544,0.0,0.0,0.0,0.0,0.0
25.0,545,0.0,0.0,0.0,0.0,0.0
25.0,546,0.0,0.0,0.0,0.0,0.0
25.0,547,0.0,0.0,0.0,0.0,0.0
25.0,548,0.0,0.0,0.0,0.0,0.0
25.0,549,0.0,0.0,0.0,0.0,0.0
25.0,550,0.0,0.0,0.0,0.0,0.0
25.0,551,0.0,0.0,0.0,0.0,0.0
25.0,552,0.0,0.0,0.0,0.0,0.0
25.0,553,0.0,0.0,0.0,0.0,0.0
25.0,554,0.0,0.0,0.0,0.0,0.0
25.0,555,0.0,0.0,0.0,0.0,0.0
25.0,556,0.0,0.0,0.0,0.0,0.0
25.0,557,0.0,0.0,0.0,0.0,0.0
25.0,558,0.0,0.0,0.0,0.0,0.0
25.0,559,0.0,0.0,0.0,0.0,0.0
25.0,560,0.0,0.0,0.0,0.0,0.0
25.0,561,0.0,0.0,0.0,0.0,0.0
25.0,562,0.0,0.0,0.0,0.0,0.0
25.0,563,0.0,0.0,0.0,0.0,0.0
25.0,564,0.0,0.0,0.0,0.0,0.0
25.0,565,0.0,0.0,0.0,0.0,0.0
25.0,566,0.0,0.0,0.0,0.0,0.0
25.0,567,0.0,0.0,0.0,0.0,0.0
25.0,568,0.0,0.0,0.0,0.0,0.0
25.0,569,0.0,0.0,0.0,0.0,0.0
25.0,570,0.0,0.0,0.0,0.0,0.0
25.0,571,0.0,0.0,0.0,0.0,0.0
25.0,572,0.0,0.0,0.0,0.0,0.0
25.0,573,0.0,0.0,0.0,0.0,0.0
25.0,574,0.0,0.0,0.0,0.0,0.0
25.0,575,0.0,0.0,0.0,0.0,0.0
25.0,576,0.0,0.0,0.0,0.0,0.0
25.0,577,0.0,0.0,0.0,0.0,0.0
25.0,578,0.0,0.0,0.0,0.0,0.0
25.0,579,0.0,0.0,0.0,0.0,0.0
25.0,580,0.0,0.0,0.0,0.0,0.0
25.0,581,0.0,0.0,0.0,0.0,0.0
25.0,582,0.0,0.0,0.0,0.0,0.0
25.0,583,0.0,0.0,0.0,0.0,0.0
25.0,584,0.0,0.0,0.0,0.0,0.0
25.0,585,0.0,0.0,0.0,0.0,0.0
25.0,586,0.0,0.0,0.0,0.0,0.0
25.0,587,0.0,0.0,0.0,0.0,0.0
25.0,588,0.0,0.0,0.0,0.0,0.0
25.0,589,0.0,0.0,0.0,0.0,0.0
25.0,590,0.0,0.0,0.0,0.0,0.0
25.0,591,0.0,0.0,0.0,0.0,0.0
25.0,592,0.0,0.0,0.0,0.0,0.0
25.0,593,0.0,0.0,0.0,0.0,0.0
25.0,594,0.0,0.0,0.0,0.0,0.0
25.0,595,0.0,0.0,0.0,0.0,0.0
25.0,596,0.0,0.0,0.0,0.0,0.0
25.0,597,0.0,0.0,0.0,0.0,0.0
25.0,598,0.0,0.0,0.0,0.0,0.0
25.0,599,0.0,0.0,0.0,0.0,0.0
25.0,600,0.0,0.0,0.0,0.0,0.0
25.0,601,0.0,0.0,0.0,0.0,0.0
25.0,602,0.0,0.0,0.0,0.0,0.0
25.0,603,0.0,0.0,0.0,0.0,0.0
25.0,604,0.0,0.0,0.0,0.0,0.0
25.0,605,0.0,0.0,0.0,0.0,0.0
25.0,606,0.0,0.0,0.0,0.0,0.0
25.0,607,0.0,0.0,0.0,0.0,0.0
25.0,608,0.0,0.0,0.0,0.0,0.0
25.0,609,0.0,0.0,0.0,0.0,0.0
25.0,610,0.0,0.0,0.0,0.0,0.0
25.0,611,0.0,0.0,0.0,0.0,0.0
25.0,612,0.0,0.0,0.0,0.0,0.0
25.0,613,0.0,0.0,0.0,0.0,0.0
25.0,614,0.0,0.0,0.0,0.0,0.0
25.0,615,0.0,0.0,0.0,0.0,0.0
25.0,616,0.0,0.0,0.0,0.0,0.0
25.0,617,0.0,0.0,0.0,0.0,0.0
25.0,618,0.0,0.0,0.0,0.0,0.0
25.0,619,0.0,0.0,0.0,0.0,0.0
25.0,620,0.0,0.0,0.0,0.0,0.0
25.0,621,0.0,0.0,0.0,0.0,0.0
25.0,622,0.0,0.0,0.0,0.0,0.0
25.0,623,0.0,0.0,0.0,0.0,0.0
25.0,624,0.0,0.0,0.0,0.0,0.0
25.0,625,0.0,0.0,0.0,0.0,0.0
25.0,626,0.0,0.0,0.0,0.0,0.0
25.0,627,0.0,0.0,0.0,0.0,0.0
25.0,628,0.0,0.0,0.0,0.0,0.0
25.0,629,0.0,0.0,0.0,0.0,0.0
25.0,630,0.0,0.0,0.0,0.0,0.0
25.0,631,0.0,0.0,0.0,0.0,0.0
25.0,632,0.0,0.0,0.0,0.0,0.0
25.0,633,0.0,0.0,0.0,0.0,0.0
25.0,634,0.0,0.0,0.0,0.0,0.0
25.0,635,0.0,0.0,0.0,0.0,0.0
25.0,636,0.0,0.0,0.0,0.0,0.0
25.0,637,0.0,0.0,0.0,0.0,0.0
25.0,638,0.0,0.0,0.0,0.0,0.0
25.0,639,0.0,0.0,0.0,0.0,0.0
25.0,640,0.0,0.0,0.0,0.0,0.0
25.0,641,0.0,0.0,0.0,0.0,0.0
25.0,642,0.0,0.0,0.0,0.0,0.0
25.0,643,0.0,0.0,0.0,0.0,0.0
25.0,644,0.0,0.0,0.0,0.0,0.0
25.0,645,0.0,0.0,0.0,0.0,0.0
25.0,646,0.0,0.0,0.0,0.0,0.0
25.0,647,0.0,0.0,0.0,0.0,0.0
25.0,648,0.0,0.0,0.0,0.0,0.0
25.0,649,0.0,0.0,0.0,0.0,0.0
25.0,650,0.0,0.0,0.0,0.0,0.0
25.0,651,0.0,0.0,0.0,0.0,0.0
25.0,652,0.0,0.0,0.0,0.0,0.0
25.0,653,0.0,0.0,0.0,0.0,0.0
25.0,654,0.0,0.0,0.0,0.0,0.0
25.0,655,0.0,0.0,0.0,0.0,0.0
25.0,656,0.0,0.0,0.0,0.0,0.0
25.0,657,0.0,0.0,0.0,0.0,0.0
25.0,658,0.0,0.0,0.0,0.0,0.0
25.0,659,0.0,0.0,0.0,0.0,0.0
25.0,660,0.0,0.0,0.0,0.0,0.0
25.0,661,0.0,0.0,0.0,0.0,0.0
25.0,662,0.0,0.0,0.0,0.0,0.0
25.0,663,0.0,0.0,0.0,0.0,0.0
25.0,664,0.0,0.0,0.0,0.0,0.0
25.0,665,0.0,0.0,0.0,0.0,0.0
25.0,666,0.0,0.0,0.0,0.0,0.0
25.0,667,0.0,0.0,0.0,0.0,0.0
25.0,668,0.0,0.0,0.0,0.0,0.0
25.0,669,0.0,0.0,0.0,0.0,0.0
25.0,670,0.0,0.0,0.0,0.0,0.0
25.0,671,0.0,0.0,0.0,0.0,0.0
25.0,672,0.0,0.0,0.0,0.0,0.0
25.0,673,0.0,0.0,0.0,0.0,0.0
25.0,674,0.0,0.0,0.0,0.0,0.0
25.0,675,0.0,0.0,0.0,0.0,0.0
25.0,676,0.0,0.0,0.0,0.0,0.0
25.0,677,0.0,0.0,0.0,0.0,0.0
25.0,678,0.0,0.0,0.0,0.0,0.0
25.0,679,0.0,0.0,0.0,0.0,0.0
25.0,680,0.0,0.0,0.0,0.0,0.0
25.0,681,0.0,0.0,0.0,0.0,0.0
25.0,682,0.0,0.0,0.0,0.0,0.0
25.0,683,0.0,0.0,0.0,0.0,0.0
25.0,684,0.0,0.0,0.0,0.0,0.0
25.0,685,0.0,0.0,0.0,0.0,0.0
25.0,686,0.0,0.0,0.0,0.0,0.0
25.0,687,0.0,0.0,0.0,0.0,0.0
25.0,688,0.0,0.0,0.0,0.0,0.0
25.0,689,0.0,0.0,0.0,0.0,0.0
25.0,690,0.0,0.0,0.0,0.0,0.0
25.0,691,0.0,0.0,0.0,0.0,0.0
25.0,692,0.0,0.0,0.0,0.0,0.0
25.0,693,0.0,0.0,0.0,0.0,0.0
25.0,694,0.0,0.0,0.0,0.0,0.0
25.0,695,0.0,0.0,0.0,0.0,0.0
25.0,696,0.0,0.0,0.0,0.0,0.0
25.0,697,0.0,0.0,0.0,0.0,0.0
25.0,698,0.0,0.0,0.0,0.0,0.0
25.0,699,0.0,0.0,0.0,0.0,0.0
25.0,700,0.0,0.0,0.0,0.0,0.0
25.0,701,0.0,0.0,0.0,0.0,0.0
25.0,702,0.0,0.0,0.0,0.0,0.0
25.0,703,0.0,0.0,0.0,0.0,0.0
25.0,704,0.0,0.0,0.0,0.0,0.0
25.0,705,0.0,0.0,0.0,0.0,0.0
25.0,706,0.0,0.0,0.0,0.0,0.0
25.0,707,0.0,0.0,0.0,0.0,0.0
25.0,708,0.0,0.0,0.0,0.0,0.0
25.0,709,0.0,0.0,0.0,0.0,0.0
25.0,710,0.0,0.0,0.0,0.0,0.0
25.0,711,0.0,0.0,0.0,0.0,0.0
25.0,712,0.0,0.0,0.0,0.0,0.0
25.0,713,0.0,0.0,0.0,0.0,0.0
25.0,714,0.0,0.0,0.0,0.0,0.0
25.0,715,0.0,0.0,0.0,0.0,0.0
25.0,716,0.0,0.0,0.0,0.0,0.0
25.0,717,0.0,0.0,0.0,0.0,0.0
25.0,718,0.0,0.0,0.0,0.0,0.0
25.0,719,0.0,0.0,0.0,0.0,0.0
25.0,720,0.0,0.0,0.0,0.0,0.0
25.0,721,0.0,0.0,0.0,0.0,0.0
25.0,722,0.0,0.0,0.0,0.0,0.0
25.0,723,0.0,0.0,0.0,0.0,0.0
25.0,724,0.0,0.0,0.0,0.0,0.0
25.0,725,0.0,0.0,0.0,0.0,0.0
25.0,726,0.0,0.0,0.0,0.0,0.0
25.0,727,0.0,0.0,0.0,0.0,0.0
25.0,728,0.0,0.0,0.0,0.0,0.0
25.0,729,0.0,0.0,0.0,0.0,0.0
25.0,730,0.0,0.0,0.0,0.0,0.0
25.0,731,0.0,0.0,0.0,0.0,0.0
25.0,732,0.0,0.0,0.0,0.0,0.0
25.0,733,0.0,0.0,0.0,0.0,0.0
25.0,734,0.0,0.0,0.0,0.0,0.0
25.0,735,0.0,0.0,0.0,0.0,0.0
25.0,736,0.0,0.0,0.0,0.0,0.0
25.0,737,0.0,0.0,0.0,0.0,0.0
25.0,738,0.0,0.0,0.0,0.0,0.0
25.0,739,0.0,0.0,0.0,0.0,0.0
25.0,740,0.0,0.0,0.0,0.0,0.0
25.0,741,0.0,0.0,0.0,0.0,0.0
25.0,742,0.0,0.0,0.0,0.0,0.0
25.0,743,0.0,0.0,0.0,0.0,0.0
25.0,744,0.0,0.0,0.0,0.0,0.0
25.0,745,0.0,0.0,0.0,0.0,0.0
25.0,746,0.0,0.0,0.0,0.0,0.0
25.0,747,0.0,0.0,0.0,0.0,0.0
25.0,748,0.0,0.0,0.0,0.0,0.0
25.0,749,0.0,0.0,0.0,0.0,0.0
25.0,750,0.0,0.0,0.0,0.0,0.0
25.0,751,0.0,0.0,0.0,0.0,0.0
25.0,752,0.0,0.0,0.0,0.0,0.0
25.0,753,0.0,0.0,0.0,0.0,0.0
25.0,754,0.0,0.0,0.0,0.0,0.0
25.0,755,0.0,0.0,0.0,0.0,0.0
25.0,756,0.0,0.0,0.0,0.0,0.0
25.0,757,0.0,0.0,0.0,0.0,0.0
25.0,758,0.0,0.0,0.0,0.0,0.0
25.0,759,0.0,0.0,0.0,0.0,0.0
25.0,760,0.0,0.0,0.0,0.0,0.0
25.0,761,0.0,0.0,0.0,0.0,0.0
25.0,762,0.0,0.0,0.0,0.0,0.0
25.0,763,0.0,0.0,0.0,0.0,0.0
25.0,764,0.0,0.0,0.0,0.0,0.0
25.0,765,0.0,0.0,0.0,0.0,0.0
25.0,766,0.0,0.0,0.0,0.0,0.0
25.0,767,0.0,0.0,0.0,0.0,0.0
25.0,768,0.0,0.0,0.0,0.0,0.0
25.0,769,0.0,0.0,0.0,0.0,0.0
25.0,770,0.0,0.0,0.0,0.0,0.0
25.0,771,0.0,0.0,0.0,0.0,0.0
25.0,772,0.0,0.0,0.0,0.0,0.0
25.0,773,0.0,0.0,0.0,0.0,0.0
25.0,774,0.0,0.0,0.0,0.0,0.0
25.0,775,0.0,0.0,0.0,0.0,0.0
25.0,776,0.0,0.0,0.0,0.0,0.0
25.0,777,0.0,0.0,0.0,0.0,0.0
25.0,778,0.0,0.0,0.0,0.0,0.0
25.0,779,0.0,0.0,0.0,0.0,0.0
25.0,780,0.0,0.0,0.0,0.0,0.0
25.0,781,0.0,0.0,0.0,0.0,0.0
25.0,782,0.0,0.0,0.0,0.0,0.0
25.0,783,0.0,0.0,0.0,0.0,0.0
25.0,784,0.0,0.0,0.0,0.0,0.0
25.0,785,0.0,0.0,0.0,0.0,0.0
25.0,786,0.0,0.0,0.0,0.0,0.0
25.0,787,0.0,0.0,0.0,0.0,0.0
25.0,788,0.0,0.0,0.0,0.0,0.0
25.0,789,0.0,0.0,0.0,0.0,0.0
25.0,790,0.0,0.0,0.0,0.0,0.0
25.0,791,0.0,0.0,0.0,0.0,0.0
25.0,792,0.0,0.0,0.0,0.0,0.0
25.0,793,0.0,0.0,0.0,0.0,0.0
25.0,794,0.0,0.0,0.0,0.0,0.0
25.0,795,0.0,0.0,0.0,0.0,0.0
25.0,796,0.0,0.0,0.0,0.0,0.0
25.0,797,0.0,0.0,0.0,0.0,0.0
25.0,798,0.0,0.0,0.0,0.0,0.0
25.0,799,0.0,0.0,0.0,0.0,0.0
25.0,800,0.0,0.0,0.0,0.0,0.0
25.0,801,0.0,0.0,0.0,0.0,0.0
25.0,802,0.0,0.0,0.0,0.0,0.0
25.0,803,0.0,0.0,0.0,0.0,0.0
25.0,804,0.0,0.0,0.0,0.0,0.0
25.0,805,0.0,0.0,0.0,0.0,0.0
25.0,806,0.0,0.0,0.0,0.0,0.0
25.0,807,0.0,0.0,0.0,0.0,0.0
25.0,808,0.0,0.0,0.0,0.0,0.0
25.0,809,0.0,0.0,0.0,0.0,0.0
25.0,810,0.0,0.0,0.0,0.0,0.0
25.0,811,0.0,0.0,0.0,0.0,0.0
25.0,812,0.0,0.0,0.0,0.0,0.0
25.0,813,0.0,0.0,0.0,0.0,0.0
25.0,814,0.0,0.0,0.0,0.0,0.0
25.0,815,0.0,0.0,0.0,0.0,0.0
25.0,816,0.0,0.0,0.0,0.0,0.0
25.0,817,0.0,0.0,0.0,0.0,0.0
25.0,818,0.0,0.0,0.0,0.0,0.0
25.0,819,0.0,0.0,0.0,0.0,0.0
25.0,820,0.0,0.0,0.0,0.0,0.0
25.0,821,0.0,0.0,0.0,0.0,0.0
25.0,822,0.0,0.0,0.0,0.0,0.0
25.0,823,0.0,0.0,0.0,0.0,0.0
25.0,824,0.0,0.0,0.0,0.0,0.0
25.0,825,0.0,0.0,0.0,0.0,0.0
25.0,826,0.0,0.0,0.0,0.0,0.0
25.0,827,0.0,0.0,0.0,0.0,0.0
25.0,828,0.0,0.0,0.0,0.0,0.0
25.0,829,0.0,0.0,0.0,0.0,0.0
25.0,830,0.0,0.0,0.0,0.0,0.0
25.0,831,0.0,0.0,0.0,0.0,0.0
25.0,832,0.0,0.0,0.0,0.0,0.0
25.0,833,0.0,0.0,0.0,0.0,0.0
25.0,834,0.0,0.0,0.0,0.0,0.0
25.0,835,0.0,0.0,0.0,0.0,0.0
25.0,836,0.0,0.0,0.0,0.0,0.0
25.0,837,0.0,0.0,0.0,0.0,0.0
25.0,838,0.0,0.0,0.0,0.0,0.0
25.0,839,0.0,0.0,0.0,0.0,0.0
25.0,840,0.0,0.0,0.0,0.0,0.0
25.0,841,0.0,0.0,0.0,0.0,0.0
25.0,842,0.0,0.0,0.0,0.0,0.0
25.0,843,0.0,0.0,0.0,0.0,0.0
25.0,844,0.0,0.0,0.0,0.0,0.0
25.0,845,0.0,0.0,0.0,0.0,0.0
25.0,846,0.0,0.0,0.0,0.0,0.0
25.0,847,0.0,0.0,0.0,0.0,0.0
25.0,848,0.0,0.0,0.0,0.0,0.0
25.0,849,0.0,0.0,0.0,0.0,0.0
25.0,850,0.0,0.0,0.0,0.0,0.0
25.0,851,0.0,0.0,0.0,0.0,0.0
25.0,852,0.0,0.0,0.0,0.0,0.0
25.0,853,0.0,0.0,0.0,0.0,0.0
25.0,854,0.0,0.0,0.0,0.0,0.0
25.0,855,0.0,0.0,0.0,0.0,0.0
25.0,856,0.0,0.0,0.0,0.0,0.0
25.0,857,0.0,0.0,0.0,0.0,0.0
25.0,858,0.0,0.0,0.0,0.0,0.0
25.0,859,0.0,0.0,0.0,0.0,0.0
25.0,860,0.0,0.0,0.0,0.0,0.0
25.0,861,0.0,0.0,0.0,0.0,0.0
25.0,862,0.0,0.0,0.0,0.0,0.0
25.0,863,0.0,0.0,0.0,0.0,0.0
25.0,864,0.0,0.0,0.0,0.0,0.0
25.0,865,0.0,0.0,0.0,0.0,0.0
25.0,866,0.0,0.0,0.0,0.0,0.0
25.0,867,0.0,0.0,0.0,0.0,0.0
25.0,868,0.0,0.0,0.0,0.0,0.0
25.0,869,0.0,0.0,0.0,0.0,0.0
25.0,870,0.0,0.0,0.0,0.0,0.0
25.0,871,0.0,0.0,0.0,0.0,0.0
25.0,872,0.0,0.0,0.0,0.0,0.0
25.0,873,0.0,0.0,0.0,0.0,0.0
25.0,874,0.0,0.0,0.0,0.0,0.0
25.0,875,0.0,0.0,0.0,0.0,0.0
25.0,876,0.0,0.0,0.0,0.0,0.0
25.0,877,0.0,0.0,0.0,0.0,0.0
25.0,878,0.0,0.0,0.0,0.0,0.0
25.0,879,0.0,0.0,0.0,0.0,0.0
25.0,880,0.0,0.0,0.0,0.0,0.0
25.0,881,0.0,0.0,0.0,0.0,0.0
25.0,882,0.0,0.0,0.0,0.0,0.0
25.0,883,0.0,0.0,0.0,0.0,0.0
25.0,884,0.0,0.0,0.0,0.0,0.0
25.0,885,0.0,0.0,0.0,0.0,0.0
25.0,886,0.0,0.0,0.0,0.0,0.0
25.0,887,0.0,0.0,0.0,0.0,0.0
25.0,888,0.0,0.0,0.0,0.0,0.0
25.0,889,0.0,0.0,0.0,0.0,0.0
25.0,890,0.0,0.0,0.0,0.0,0.0
25.0,891,0.0,0.0,0.0,0.0,0.0
25.0,892,0.0,0.0,0.0,0.0,0.0
25.0,893,0.0,0.0,0.0,0.0,0.0
25.0,894,0.0,0.0,0.0,0.0,0.0
25.0,895,0.0,0.0,0.0,0.0,0.0
25.0,896,0.0,0.0,0.0,0.0,0.0
25.0,897,0.0,0.0,0.0,0.0,0.0
25.0,898,0.0,0.0,0.0,0.0,0.0
25.0,899,0.0,0.0,0.0,0.0,0.0
25.0,900,0.0,0.0,0.0,0.0,0.0
25.0,901,0.0,0.0,0.0,0.0,0.0
25.0,902,0.0,0.0,0.0,0.0,0.0
25.0,903,0.0,0.0,0.0,0.0,0.0
25.0,904,0.0,0.0,0.0,0.0,0.0
25.0,905,0.0,0.0,0.0,0.0,0.0
25.0,906,0.0,0.0,0.0,0.0,0.0
25.0,907,0.0,0.0,0.0,0.0,0.0
25.0,908,0.0,0.0,0.0,0.0,0.0
25.0,909,0.0,0.0,0.0,0.0,0.0
25.0,910,0.0,0.0,0.0,0.0,0.0
25.0,911,0.0,0.0,0.0,0.0,0.0
25.0,912,0.0,0.0,0.0,0.0,0.0
25.0,913,0.0,0.0,0.0,0.0,0.0
25.0,914,0.0,0.0,0.0,0.0,0.0
25.0,915,0.0,0.0,0.0,0.0,0.0
25.0,916,0.0,0.0,0.0,0.0,0.0
25.0,917,0.0,0.0,0.0,0.0,0.0
25.0,918,0.0,0.0,0.0,0.0,0.0
25.0,919,0.0,0.0,0.0,0.0,0.0
25.0,920,0.0,0.0,0.0,0.0,0.0
25.0,921,0.0,0.0,0.0,0.0,0.0
25.0,922,0.0,0.0,0.0,0.0,0.0
25.0,923,0.0,0.0,0.0,0.0,0.0
25.0,924,0.0,0.0,0.0,0.0,0.0
25.0,925,0.0,0.0,0.0,0.0,0.0
25.0,926,0.0,0.0,0.0,0.0,0.0
25.0,927,0.0,0.0,0.0,0.0,0.0
25.0,928,0.0,0.0,0.0,0.0,0.0
25.0,929,0.0,0.0,0.0,0.0,0.0
25.0,930,0.0,0.0,0.0,0.0,0.0
25.0,931,0.0,0.0,0.0,0.0,0.0
25.0,932,0.0,0.0,0.0,0.0,0.0
25.0,933,0.0,0.0,0.0,0.0,0.0
25.0,934,0.0,0.0,0.0,0.0,0.0
25.0,935,0.0,0.0,0.0,0.0,0.0
25.0,936,0.0,0.0,0.0,0.0,0.0
25.0,937,0.0,0.0,0.0,0.0,0.0
25.0,938,0.0,0.0,0.0,0.0,0.0
25.0,939,0.0,0.0,0.0,0.0,0.0
25.0,940,0.0,0.0,0.0,0.0,0.0
25.0,941,0.0,0.0,0.0,0.0,0.0
25.0,942,0.0,0.0,0.0,0.0,0.0
25.0,943,0.0,0.0,0.0,0.0,0.0
25.0,944,0.0,0.0,0.0,0.0,0.0
25.0,945,0.0,0.0,0.0,0.0,0.0
25.0,946,0.0,0.0,0.0,0.0,0.0
25.0,947,0.0,0.0,0.0,0.0,0.0
25.0,948,0.0,0.0,0.0,0.0,0.0
25.0,949,0.0,0.0,0.0,0.0,0.0
25.0,950,0.0,0.0,0.0,0.0,0.0
25.0,951,0.0,0.0,0.0,0.0,0.0
25.0,952,0.0,0.0,0.0,0.0,0.0
25.0,953,0.0,0.0,0.0,0.0,0.0
25.0,954,0.0,0.0,0.0,0.0,0.0
25.0,955,0.0,0.0,0.0,0.0,0.0
25.0,956,0.0,0.0,0.0,0.0,0.0
25.0,957,0.0,0.0,0.0,0.0,0.0
25.0,958,0.0,0.0,0.0,0.0,0.0
25.0,959,0.0,0.0,0.0,0.0,0.0
25.0,960,0.0,0.0,0.0,0.0,0.0
25.0,961,0.0,0.0,0.0,0.0,0.0
25.0,962,0.0,0.0,0.0,0.0,0.0
25.0,963,0.0,0.0,0.0,0.0,0.0
25.0,964,0.0,0.0,0.0,0.0,0.0
25.0,965,0.0,0.0,0.0,0.0,0.0
25.0,966,0.0,0.0,0.0,0.0,0.0
25.0,967,0.0,0.0,0.0,0.0,0.0
25.0,968,0.0,0.0,0.0,0.0,0.0
25.0,969,0.0,0.0,0.0,0.0,0.0
25.0,970,0.0,0.0,0.0,0.0,0.0
25.0,971,0.0,0.0,0.0,0.0,0.0
25.0,972,0.0,0.0,0.0,0.0,0.0
25.0,973,0.0,0.0,0.0,0.0,0.0
25.0,974,0.0,0.0,0.0,0.0,0.0
25.0,975,0.0,0.0,0.0,0.0,0.0
25.0,976,0.0,0.0,0.0,0.0,0.0
25.0,977,0.0,0.0,0.0,0.0,0.0
25.0,978,0.0,0.0,0.0,0.0,0.0
25.0,979,0.0,0.0,0.0,0.0,0.0
25.0,980,0.0,0.0,0.0,0.0,0.0
25.0,981,0.0,0.0,0.0,0.0,0.0
25.0,982,0.0,0.0,0.0,0.0,0.0
25.0,983,0.0,0.0,0.0,0.0,0.0
25.0,984,0.0,0.0,0.0,0.0,0.0
25.0,985,0.0,0.0,0.0,0.0,0.0
25.0,986,0.0,0.0,0.0,0.0,0.0
25.0,987,0.0,0.0,0.0,0.0,0.0
25.0,988,0.0,0.0,0.0,0.0,0.0
25.0,989,0.0,0.0,0.0,0.0,0.0
25.0,990,0.0,0.0,0.0,0.0,0.0
25.0,991,0.0,0.0,0.0,0.0,0.0
25.0,992,0.0,0.0,0.0,0.0,0.0
25.0,993,0.0,0.0,0.0,0.0,0.0
25.0,994,0.0,0.0,0.0,0.0,0.0
25.0,995,0.0,0.0,0.0,0.0,0.0
25.0,996,0.0,0.0,0.0,0.0,0.0
25.0,997,0.0,0.0,0.0,0.0,0.0
25.0,998,0.0,0.0,0.0,0.0,0.0
25.0,999,0.0,0.0,0.0,0.0,0.0
25.0,1000,0.0,0.0,0.0,0.0,0.0
26.0,1,1.0,1.0,1.3333333333333333,1.3333333333333333,4.333333333333333
26.0,2,0.6666666666666666,1.0,1.3333333333333333,1.6666666666666667,4.0
26.0,3,1.0,1.3333333333333333,1.3333333333333333,1.6666666666666667,4.0
26.0,4,0.6666666666666666,1.3333333333333333,1.3333333333333333,1.3333333333333333,4.0
26.0,5,0.0,0.0,0.0,0.0,0.0
26.0,6,0.0,0.0,0.0,0.0,0.0
26.0,7,0.0,0.0,0.0,0.0,0.0
26.0,8,1.0,1.3333333333333333,1.3333333333333333,1.3333333333333333,4.333333333333333
26.0,9,1.3333333333333333,0.0,0.0,0.0,0.0
26.0,10,0.0,0.0,0.0,0.0,0.0
26.0,11,1.0,1.3333333333333333,1.0,1.3333333333333333,4.0
26.0,12,0.6666666666666666,1.3333333333333333,0.0,0.0,0.0
26.0,13,0.0,0.0,0.0,0.0,0.0
26.0,14,0.0,0.0,0.0,0.0,0.0
26.0,15,0.6666666666666666,1.3333333333333333,1.6666666666666667,1.3333333333333333,4.333333333333333
26.0,16,1.0,1.0,0.0,0.0,0.0
26.0,17,0.6666666666666666,1.3333333333333333,1.0,1.3333333333333333,4.0
26.0,18,1.0,1.0,1.3333333333333333,1.3333333333333333,4.333333333333333
26.0,19,1.0,1.3333333333333333,1.3333333333333333,1.3333333333333333,4.333333333333333
26.0,20,0.0,0.0,0.0,0.0,0.0
26.0,21,0.6666666666666666,1.0,1.3333333333333333,1.3333333333333333,4.666666666666667
26.0,22,1.3333333333333333,0.0,0.0,0.0,0.0
26.0,23,0.3333333333333333,1.3333333333333333,1.0,1.3333333333333333,4.333333333333333
26.0,24,1.0,1.0,1.0,1.3333333333333333,4.333333333333333
26.0,25,0.6666666666666666,1.0,1.3333333333333333,1.6666666666666667,4.666666666666667
26.0,26,0.0,0.0,0.0,0.0,0.0
26.0,27,1.0,1.3333333333333333,1.0,1.6666666666666667,4.333333333333333
26.0,28,0.6666666666666666,1.3333333333333333,1.0,1.6666666666666667,4.333333333333333
26.0,29,1.0,1.3333333333333333,0.0,0.0,0.0
26.0,30,0.6666666666666666,1.3333333333333333,1.6666666666666667,1.3333333333333333,4.333333333333333
26.0,31,0.6666666666666666,1.3333333333333333,1.6666666666666667,1.3333333333333333,4.333333333333333
26.0,32,0.3333333333333333,1.3333333333333333,1.3333333333333333,1.6666666666666667,4.333333333333333
26.0,33,0.6666666666666666,1.3333333333333333,1.3333333333333333,1.3333333333333333,4.666666666666667
26.0,34,1.3333333333333333,1.0,1.3333333333333333,1.3333333333333333,4.333333333333333
26.0,35,1.0,1.3333333333333333,1.0,2.0,6.0
26.0,36,0.6666666666666666,1.3333333333333333,1.0,1.6666666666666667,4.666666666666667
26.0,37,0.6666666666666666,1.3333333333333333,1.0,1.3333333333333333,4.666666666666667
26.0,38,0.6666666666666666,1.0,1.3333333333333333,1.6666666666666667,4.666666666666667
26.0,39,1.0,1.0,1.3333333333333333,1.6666666666666667,5.333333333333333
26.0,40,0.0,0.0,0.0,0.0,0.0
26.0,41,1.0,1.3333333333333333,1.0,1.3333333333333333,5.666666666666667
26.0,42,1.0,1.0,1.6666666666666667,1.3333333333333333,5.333333333333333
26.0,43,1.0,1.0,1.0,1.3333333333333333,5.0
26.0,44,0.6666666666666666,1.3333333333333333,1.0,1.6666666666666667,4.333333333333333
26.0,45,1.0,1.3333333333333333,1.3333333333333333,1.3333333333333333,4.333333333333333
26.0,46,0.6666666666666666,1.3333333333333333,1.3333333333333333,1.3333333333333333,4.333333333333333
26.0,47,0.0,0.0,0.0,0.0,0.0
26.0,48,1.0,1.0,0.0,0.0,0.0
26.0,49,0.6666666666666666,1.3333333333333333,1.0,1.3333333333333333,4.666666666666667
26.0,50,0.3333333333333333,1.0,1.3333333333333333,1.3333333333333333,4.333333333333333
26.0,51,0.0,0.0,0.0,0.0,0.0
26.0,52,0.0,0.0,0.0,0.0,0.0
26.0,53,0.0,0.0,0.0,0.0,0.0
26.0,54,0.0,0.0,0.0,0.0,0.0
26.0,55,0.0,0.0,0.0,0.0,0.0
26.0,56,0.0,0.0,0.0,0.0,0.0
26.0,57,0.0,0.0,0.0,0.0,0.0
26.0,58,0.0,0.0,0.0,0.0,0.0
26.0,59,0.0,0.0,0.0,0.0,0.0
26.0,60,0.0,0.0,0.0,0.0,0.0
26.0,61,0.0,0.0,0.0,0.0,0.0
26.0,62,0.0,0.0,0.0,0.0,0.0
26.0,63,0.0,0.0,0.0,0.0,0.0
26.0,64,0.0,0.0,0.0,0.0,0.0
26.0,65,0.0,0.0,0.0,0.0,0.0
26.0,66,0.0,0.0,0.0,0.0,0.0
26.0,67,0.0,0.0,0.0,0.0,0.0
26.0,68,0.0,0.0,0.0,0.0,0.0
26.0,69,0.0,0.0,0.0,0.0,0.0
26.0,70,0.0,0.0,0.0,0.0,0.0
26.0,71,0.0,0.0,0.0,0.0,0.0
26.0,72,0.0,0.0,0.0,0.0,0.0
26.0,73,0.0,0.0,0.0,0.0,0.0
26.0,74,0.0,0.0,0.0,0.0,0.0
26.0,75,0.0,0.0,0.0,0.0,0.0
26.0,76,0.0,0.0,0.0,0.0,0.0
26.0,77,0.0,0.0,0.0,0.0,0.0
26.0,78,0.0,0.0,0.0,0.0,0.0
26.0,79,0.0,0.0,0.0,0.0,0.0
26.0,80,0.0,0.0,0.0,0.0,0.0
26.0,81,0.0,0.0,0.0,0.0,0.0
26.0,82,0.0,0.0,0.0,0.0,0.0
26.0,83,0.0,0.0,0.0,0.0,0.0
26.0,84,0.0,0.0,0.0,0.0,0.0
26.0,85,0.0,0.0,0.0,0.0,0.0
26.0,86,0.0,0.0,0.0,0.0,0.0
26.0,87,0.0,0.0,0.0,0.0,0.0
26.0,88,0.0,0.0,0.0,0.0,0.0
26.0,89,0.0,0.0,0.0,0.0,0.0
26.0,90,0.0,0.0,0.0,0.0,0.0
26.0,91,0.0,0.0,0.0,0.0,0.0
26.0,92,0.0,0.0,0.0,0.0,0.0
26.0,93,0.0,0.0,0.0,0.0,0.0
26.0,94,0.0,0.0,0.0,0.0,0.0
26.0,95,0.0,0.0,0.0,0.0,0.0
26.0,96,0.0,0.0,0.0,0.0,0.0
26.0,97,0.0,0.0,0.0,0.0,0.0
26.0,98,0.0,0.0,0.0,0.0,0.0
26.0,99,0.0,0.0,0.0,0.0,0.0
26.0,100,0.0,0.0,0.0,0.0,0.0
26.0,101,0.0,0.0,0.0,0.0,0.0
26.0,102,0.0,0.0,0.0,0.0,0.0
26.0,103,0.0,0.0,0.0,0.0,0.0
26.0,104,0.0,0.0,0.0,0.0,0.0
26.0,105,0.0,0.0,0.0,0.0,0.0
26.0,106,0.0,0.0,0.0,0.0,0.0
26.0,107,0.0,0.0,0.0,0.0,0.0
26.0,108,0.0,0.0,0.0,0.0,0.0
26.0,109,0.0,0.0,0.0,0.0,0.0
26.0,110,0.0,0.0,0.0,0.0,0.0
26.0,111,0.0,0.0,0.0,0.0,0.0
26.0,112,0.0,0.0,0.0,0.0,0.0
26.0,113,0.0,0.0,0.0,0.0,0.0
26.0,114,0.0,0.0,0.0,0.0,0.0
26.0,115,0.0,0.0,0.0,0.0,0.0
26.0,116,0.0,0.0,0.0,0.0,0.0
26.0,117,0.0,0.0,0.0,0.0,0.0
26.0,118,0.0,0.0,0.0,0.0,0.0
26.0,119,0.0,0.0,0.0,0.0,0.0
26.0,120,0.0,0.0,0.0,0.0,0.0
26.0,121,0.0,0.0,0.0,0.0,0.0
26.0,122,0.0,0.0,0.0,0.0,0.0
26.0,123,0.0,0.0,0.0,0.0,0.0
26.0,124,0.0,0.0,0.0,0.0,0.0
26.0,125,0.0,0.0,0.0,0.0,0.0
26.0,126,0.0,0.0,0.0,0.0,0.0
26.0,127,0.0,0.0,0.0,0.0,0.0
26.0,128,0.0,0.0,0.0,0.0,0.0
26.0,129,0.0,0.0,0.0,0.0,0.0
26.0,130,0.0,0.0,0.0,0.0,0.0
26.0,131,0.0,0.0,0.0,0.0,0.0
26.0,132,0.0,0.0,0.0,0.0,0.0
26.0,133,0.0,0.0,0.0,0.0,0.0
26.0,134,0.0,0.0,0.0,0.0,0.0
26.0,135,0.0,0.0,0.0,0.0,0.0
26.0,136,0.0,0.0,0.0,0.0,0.0
26.0,137,0.0,0.0,0.0,0.0,0.0
26.0,138,0.0,0.0,0.0,0.0,0.0
26.0,139,0.0,0.0,0.0,0.0,0.0
26.0,140,0.0,0.0,0.0,0.0,0.0
26.0,141,0.0,0.0,0.0,0.0,0.0
26.0,142,0.0,0.0,0.0,0.0,0.0
26.0,143,0.0,0.0,0.0,0.0,0.0
26.0,144,0.0,0.0,0.0,0.0,0.0
26.0,145,0.0,0.0,0.0,0.0,0.0
26.0,146,0.0,0.0,0.0,0.0,0.0
26.0,147,0.0,0.0,0.0,0.0,0.0
26.0,148,0.0,0.0,0.0,0.0,0.0
26.0,149,0.0,0.0,0.0,0.0,0.0
26.0,150,0.0,0.0,0.0,0.0,0.0
26.0,151,0.0,0.0,0.0,0.0,0.0
26.0,152,0.0,0.0,0.0,0.0,0.0
26.0,153,0.0,0.0,0.0,0.0,0.0
26.0,154,0.0,0.0,0.0,0.0,0.0
26.0,155,0.0,0.0,0.0,0.0,0.0
26.0,156,0.0,0.0,0.0,0.0,0.0
26.0,157,0.0,0.0,0.0,0.0,0.0
26.0,158,0.0,0.0,0.0,0.0,0.0
26.0,159,0.0,0.0,0.0,0.0,0.0
26.0,160,0.0,0.0,0.0,0.0,0.0
26.0,161,0.0,0.0,0.0,0.0,0.0
26.0,162,0.0,0.0,0.0,0.0,0.0
26.0,163,0.0,0.0,0.0,0.0,0.0
26.0,164,0.0,0.0,0.0,0.0,0.0
26.0,165,0.0,0.0,0.0,0.0,0.0
26.0,166,0.0,0.0,0.0,0.0,0.0
26.0,167,0.0,0.0,0.0,0.0,0.0
26.0,168,0.0,0.0,0.0,0.0,0.0
26.0,169,0.0,0.0,0.0,0.0,0.0
26.0,170,0.0,0.0,0.0,0.0,0.0
26.0,171,0.0,0.0,0.0,0.0,0.0
26.0,172,0.0,0.0,0.0,0.0,0.0
26.0,173,0.0,0.0,0.0,0.0,0.0
26.0,174,0.0,0.0,0.0,0.0,0.0
26.0,175,0.0,0.0,0.0,0.0,0.0
26.0,176,0.0,0.0,0.0,0.0,0.0
26.0,177,0.0,0.0,0.0,0.0,0.0
26.0,178,0.0,0.0,0.0,0.0,0.0
26.0,179,0.0,0.0,0.0,0.0,0.0
26.0,180,0.0,0.0,0.0,0.0,0.0
26.0,181,0.0,0.0,0.0,0.0,0.0
26.0,182,0.0,0.0,0.0,0.0,0.0
26.0,183,0.0,0.0,0.0,0.0,0.0
26.0,184,0.0,0.0,0.0,0.0,0.0
26.0,185,0.0,0.0,0.0,0.0,0.0
26.0,186,0.0,0.0,0.0,0.0,0.0
26.0,187,0.0,0.0,0.0,0.0,0.0
26.0,188,0.0,0.0,0.0,0.0,0.0
26.0,189,0.0,0.0,0.0,0.0,0.0
26.0,190,0.0,0.0,0.0,0.0,0.0
26.0,191,0.0,0.0,0.0,0.0,0.0
26.0,192,0.0,0.0,0.0,0.0,0.0
26.0,193,0.0,0.0,0.0,0.0,0.0
26.0,194,0.0,0.0,0.0,0.0,0.0
26.0,195,0.0,0.0,0.0,0.0,0.0
26.0,196,0.0,0.0,0.0,0.0,0.0
26.0,197,0.0,0.0,0.0,0.0,0.0
26.0,198,0.0,0.0,0.0,0.0,0.0
26.0,199,0.0,0.0,0.0,0.0,0.0
26.0,200,0.0,0.0,0.0,0.0,0.0
26.0,201,0.0,0.0,0.0,0.0,0.0
26.0,202,0.0,0.0,0.0,0.0,0.0
26.0,203,0.0,0.0,0.0,0.0,0.0
26.0,204,0.0,0.0,0.0,0.0,0.0
26.0,205,0.0,0.0,0.0,0.0,0.0
26.0,206,0.0,0.0,0.0,0.0,0.0
26.0,207,0.0,0.0,0.0,0.0,0.0
26.0,208,0.0,0.0,0.0,0.0,0.0
26.0,209,0.0,0.0,0.0,0.0,0.0
26.0,210,0.0,0.0,0.0,0.0,0.0
26.0,211,0.0,0.0,0.0,0.0,0.0
26.0,212,0.0,0.0,0.0,0.0,0.0
26.0,213,0.0,0.0,0.0,0.0,0.0
26.0,214,0.0,0.0,0.0,0.0,0.0
26.0,215,0.0,0.0,0.0,0.0,0.0
26.0,216,0.0,0.0,0.0,0.0,0.0
26.0,217,0.0,0.0,0.0,0.0,0.0
26.0,218,0.0,0.0,0.0,0.0,0.0
26.0,219,0.0,0.0,0.0,0.0,0.0
26.0,220,0.0,0.0,0.0,0.0,0.0
26.0,221,0.0,0.0,0.0,0.0,0.0
26.0,222,0.0,0.0,0.0,0.0,0.0
26.0,223,0.0,0.0,0.0,0.0,0.0
26.0,224,0.0,0.0,0.0,0.0,0.0
26.0,225,0.0,0.0,0.0,0.0,0.0
26.0,226,0.0,0.0,0.0,0.0,0.0
26.0,227,0.0,0.0,0.0,0.0,0.0
26.0,228,0.0,0.0,0.0,0.0,0.0
26.0,229,0.0,0.0,0.0,0.0,0.0
26.0,230,0.0,0.0,0.0,0.0,0.0
26.0,231,0.0,0.0,0.0,0.0,0.0
26.0,232,0.0,0.0,0.0,0.0,0.0
26.0,233,0.0,0.0,0.0,0.0,0.0
26.0,234,0.0,0.0,0.0,0.0,0.0
26.0,235,0.0,0.0,0.0,0.0,0.0
26.0,236,0.0,0.0,0.0,0.0,0.0
26.0,237,0.0,0.0,0.0,0.0,0.0
26.0,238,0.0,0.0,0.0,0.0,0.0
26.0,239,0.0,0.0,0.0,0.0,0.0
26.0,240,0.0,0.0,0.0,0.0,0.0
26.0,241,0.0,0.0,0.0,0.0,0.0
26.0,242,0.0,0.0,0.0,0.0,0.0
26.0,243,0.0,0.0,0.0,0.0,0.0
26.0,244,0.0,0.0,0.0,0.0,0.0
26.0,245,0.0,0.0,0.0,0.0,0.0
26.0,246,0.0,0.0,0.0,0.0,0.0
26.0,247,0.0,0.0,0.0,0.0,0.0
26.0,248,0.0,0.0,0.0,0.0,0.0
26.0,249,0.0,0.0,0.0,0.0,0.0
26.0,250,0.0,0.0,0.0,0.0,0.0
26.0,251,0.0,0.0,0.0,0.0,0.0
26.0,252,0.0,0.0,0.0,0.0,0.0
26.0,253,0.0,0.0,0.0,0.0,0.0
26.0,254,0.0,0.0,0.0,0.0,0.0
26.0,255,0.0,0.0,0.0,0.0,0.0
26.0,256,0.0,0.0,0.0,0.0,0.0
26.0,257,0.0,0.0,0.0,0.0,0.0
26.0,258,0.0,0.0,0.0,0.0,0.0
26.0,259,0.0,0.0,0.0,0.0,0.0
26.0,260,0.0,0.0,0.0,0.0,0.0
26.0,261,0.0,0.0,0.0,0.0,0.0
26.0,262,0.0,0.0,0.0,0.0,0.0
26.0,263,0.0,0.0,0.0,0.0,0.0
26.0,264,0.0,0.0,0.0,0.0,0.0
26.0,265,0.0,0.0,0.0,0.0,0.0
26.0,266,0.0,0.0,0.0,0.0,0.0
26.0,267,0.0,0.0,0.0,0.0,0.0
26.0,268,0.0,0.0,0.0,0.0,0.0
26.0,269,0.0,0.0,0.0,0.0,0.0
26.0,270,0.0,0.0,0.0,0.0,0.0
26.0,271,0.0,0.0,0.0,0.0,0.0
26.0,272,0.0,0.0,0.0,0.0,0.0
26.0,273,0.0,0.0,0.0,0.0,0.0
26.0,274,0.0,0.0,0.0,0.0,0.0
26.0,275,0.0,0.0,0.0,0.0,0.0
26.0,276,0.0,0.0,0.0,0.0,0.0
26.0,277,0.0,0.0,0.0,0.0,0.0
26.0,278,0.0,0.0,0.0,0.0,0.0
26.0,279,0.0,0.0,0.0,0.0,0.0
26.0,280,0.0,0.0,0.0,0.0,0.0
26.0,281,0.0,0.0,0.0,0.0,0.0
26.0,282,0.0,0.0,0.0,0.0,0.0
26.0,283,0.0,0.0,0.0,0.0,0.0
26.0,284,0.0,0.0,0.0,0.0,0.0
26.0,285,0.0,0.0,0.0,0.0,0.0
26.0,286,0.0,0.0,0.0,0.0,0.0
26.0,287,0.0,0.0,0.0,0.0,0.0
26.0,288,0.0,0.0,0.0,0.0,0.0
26.0,289,0.0,0.0,0.0,0.0,0.0
26.0,290,0.0,0.0,0.0,0.0,0.0
26.0,291,0.0,0.0,0.0,0.0,0.0
26.0,292,0.0,0.0,0.0,0.0,0.0
26.0,293,0.0,0.0,0.0,0.0,0.0
26.0,294,0.0,0.0,0.0,0.0,0.0
26.0,295,0.0,0.0,0.0,0.0,0.0
26.0,296,0.0,0.0,0.0,0.0,0.0
26.0,297,0.0,0.0,0.0,0.0,0.0
26.0,298,0.0,0.0,0.0,0.0,0.0
26.0,299,0.0,0.0,0.0,0.0,0.0
26.0,300,0.0,0.0,0.0,0.0,0.0
26.0,301,0.0,0.0,0.0,0.0,0.0
26.0,302,0.0,0.0,0.0,0.0,0.0
26.0,303,0.0,0.0,0.0,0.0,0.0
26.0,304,0.0,0.0,0.0,0.0,0.0
26.0,305,0.0,0.0,0.0,0.0,0.0
26.0,306,0.0,0.0,0.0,0.0,0.0
26.0,307,0.0,0.0,0.0,0.0,0.0
26.0,308,0.0,0.0,0.0,0.0,0.0
26.0,309,0.0,0.0,0.0,0.0,0.0
26.0,310,0.0,0.0,0.0,0.0,0.0
26.0,311,0.0,0.0,0.0,0.0,0.0
26.0,312,0.0,0.0,0.0,0.0,0.0
26.0,313,0.0,0.0,0.0,0.0,0.0
26.0,314,0.0,0.0,0.0,0.0,0.0
26.0,315,0.0,0.0,0.0,0.0,0.0
26.0,316,0.0,0.0,0.0,0.0,0.0
26.0,317,0.0,0.0,0.0,0.0,0.0
26.0,318,0.0,0.0,0.0,0.0,0.0
26.0,319,0.0,0.0,0.0,0.0,0.0
26.0,320,0.0,0.0,0.0,0.0,0.0
26.0,321,0.0,0.0,0.0,0.0,0.0
26.0,322,0.0,0.0,0.0,0.0,0.0
26.0,323,0.0,0.0,0.0,0.0,0.0
26.0,324,0.0,0.0,0.0,0.0,0.0
26.0,325,0.0,0.0,0.0,0.0,0.0
26.0,326,0.0,0.0,0.0,0.0,0.0
26.0,327,0.0,0.0,0.0,0.0,0.0
26.0,328,0.0,0.0,0.0,0.0,0.0
26.0,329,0.0,0.0,0.0,0.0,0.0
26.0,330,0.0,0.0,0.0,0.0,0.0
26.0,331,0.0,0.0,0.0,0.0,0.0
26.0,332,0.0,0.0,0.0,0.0,0.0
26.0,333,0.0,0.0,0.0,0.0,0.0
26.0,334,0.0,0.0,0.0,0.0,0.0
26.0,335,0.0,0.0,0.0,0.0,0.0
26.0,336,0.0,0.0,0.0,0.0,0.0
26.0,337,0.0,0.0,0.0,0.0,0.0
26.0,338,0.0,0.0,0.0,0.0,0.0
26.0,339,0.0,0.0,0.0,0.0,0.0
26.0,340,0.0,0.0,0.0,0.0,0.0
26.0,341,0.0,0.0,0.0,0.0,0.0
26.0,342,0.0,0.0,0.0,0.0,0.0
26.0,343,0.0,0.0,0.0,0.0,0.0
26.0,344,0.0,0.0,0.0,0.0,0.0
26.0,345,0.0,0.0,0.0,0.0,0.0
26.0,346,0.0,0.0,0.0,0.0,0.0
26.0,347,0.0,0.0,0.0,0.0,0.0
26.0,348,0.0,0.0,0.0,0.0,0.0
26.0,349,0.0,0.0,0.0,0.0,0.0
26.0,350,0.0,0.0,0.0,0.0,0.0
26.0,351,0.0,0.0,0.0,0.0,0.0
26.0,352,0.0,0.0,0.0,0.0,0.0
26.0,353,0.0,0.0,0.0,0.0,0.0
26.0,354,0.0,0.0,0.0,0.0,0.0
26.0,355,0.0,0.0,0.0,0.0,0.0
26.0,356,0.0,0.0,0.0,0.0,0.0
26.0,357,0.0,0.0,0.0,0.0,0.0
26.0,358,0.0,0.0,0.0,0.0,0.0
26.0,359,0.0,0.0,0.0,0.0,0.0
26.0,360,0.0,0.0,0.0,0.0,0.0
26.0,361,0.0,0.0,0.0,0.0,0.0
26.0,362,0.0,0.0,0.0,0.0,0.0
26.0,363,0.0,0.0,0.0,0.0,0.0
26.0,364,0.0,0.0,0.0,0.0,0.0
26.0,365,0.0,0.0,0.0,0.0,0.0
26.0,366,0.0,0.0,0.0,0.0,0.0
26.0,367,0.0,0.0,0.0,0.0,0.0
26.0,368,0.0,0.0,0.0,0.0,0.0
26.0,369,0.0,0.0,0.0,0.0,0.0
26.0,370,0.0,0.0,0.0,0.0,0.0
26.0,371,0.0,0.0,0.0,0.0,0.0
26.0,372,0.0,0.0,0.0,0.0,0.0
26.0,373,0.0,0.0,0.0,0.0,0.0
26.0,374,0.0,0.0,0.0,0.0,0.0
26.0,375,0.0,0.0,0.0,0.0,0.0
26.0,376,0.0,0.0,0.0,0.0,0.0
26.0,377,0.0,0.0,0.0,0.0,0.0
26.0,378,0.0,0.0,0.0,0.0,0.0
26.0,379,0.0,0.0,0.0,0.0,0.0
26.0,380,0.0,0.0,0.0,0.0,0.0
26.0,381,0.0,0.0,0.0,0.0,0.0
26.0,382,0.0,0.0,0.0,0.0,0.0
26.0,383,0.0,0.0,0.0,0.0,0.0
26.0,384,0.0,0.0,0.0,0.0,0.0
26.0,385,0.0,0.0,0.0,0.0,0.0
26.0,386,0.0,0.0,0.0,0.0,0.0
26.0,387,0.0,0.0,0.0,0.0,0.0
26.0,388,0.0,0.0,0.0,0.0,0.0
26.0,389,0.0,0.0,0.0,0.0,0.0
26.0,390,0.0,0.0,0.0,0.0,0.0
26.0,391,0.0,0.0,0.0,0.0,0.0
26.0,392,0.0,0.0,0.0,0.0,0.0
26.0,393,0.0,0.0,0.0,0.0,0.0
26.0,394,0.0,0.0,0.0,0.0,0.0
26.0,395,0.0,0.0,0.0,0.0,0.0
26.0,396,0.0,0.0,0.0,0.0,0.0
26.0,397,0.0,0.0,0.0,0.0,0.0
26.0,398,0.0,0.0,0.0,0.0,0.0
26.0,399,0.0,0.0,0.0,0.0,0.0
26.0,400,0.0,0.0,0.0,0.0,0.0
26.0,401,0.0,0.0,0.0,0.0,0.0
26.0,402,0.0,0.0,0.0,0.0,0.0
26.0,403,0.0,0.0,0.0,0.0,0.0
26.0,404,0.0,0.0,0.0,0.0,0.0
26.0,405,0.0,0.0,0.0,0.0,0.0
26.0,406,0.0,0.0,0.0,0.0,0.0
26.0,407,0.0,0.0,0.0,0.0,0.0
26.0,408,0.0,0.0,0.0,0.0,0.0
26.0,409,0.0,0.0,0.0,0.0,0.0
26.0,410,0.0,0.0,0.0,0.0,0.0
26.0,411,0.0,0.0,0.0,0.0,0.0
26.0,412,0.0,0.0,0.0,0.0,0.0
26.0,413,0.0,0.0,0.0,0.0,0.0
26.0,414,0.0,0.0,0.0,0.0,0.0
26.0,415,0.0,0.0,0.0,0.0,0.0
26.0,416,0.0,0.0,0.0,0.0,0.0
26.0,417,0.0,0.0,0.0,0.0,0.0
26.0,418,0.0,0.0,0.0,0.0,0.0
26.0,419,0.0,0.0,0.0,0.0,0.0
26.0,420,0.0,0.0,0.0,0.0,0.0
26.0,421,0.0,0.0,0.0,0.0,0.0
26.0,422,0.0,0.0,0.0,0.0,0.0
26.0,423,0.0,0.0,0.0,0.0,0.0
26.0,424,0.0,0.0,0.0,0.0,0.0
26.0,425,0.0,0.0,0.0,0.0,0.0
26.0,426,0.0,0.0,0.0,0.0,0.0
26.0,427,0.0,0.0,0.0,0.0,0.0
26.0,428,0.0,0.0,0.0,0.0,0.0
26.0,429,0.0,0.0,0.0,0.0,0.0
26.0,430,0.0,0.0,0.0,0.0,0.0
26.0,431,0.0,0.0,0.0,0.0,0.0
26.0,432,0.0,0.0,0.0,0.0,0.0
26.0,433,0.0,0.0,0.0,0.0,0.0
26.0,434,0.0,0.0,0.0,0.0,0.0
26.0,435,0.0,0.0,0.0,0.0,0.0
26.0,436,0.0,0.0,0.0,0.0,0.0
26.0,437,0.0,0.0,0.0,0.0,0.0
26.0,438,0.0,0.0,0.0,0.0,0.0
26.0,439,0.0,0.0,0.0,0.0,0.0
26.0,440,0.0,0.0,0.0,0.0,0.0
26.0,441,0.0,0.0,0.0,0.0,0.0
26.0,442,0.0,0.0,0.0,0.0,0.0
26.0,443,0.0,0.0,0.0,0.0,0.0
26.0,444,0.0,0.0,0.0,0.0,0.0
26.0,445,0.0,0.0,0.0,0.0,0.0
26.0,446,0.0,0.0,0.0,0.0,0.0
26.0,447,0.0,0.0,0.0,0.0,0.0
26.0,448,0.0,0.0,0.0,0.0,0.0
26.0,449,0.0,0.0,0.0,0.0,0.0
26.0,450,0.0,0.0,0.0,0.0,0.0
26.0,451,0.0,0.0,0.0,0.0,0.0
26.0,452,0.0,0.0,0.0,0.0,0.0
26.0,453,0.0,0.0,0.0,0.0,0.0
26.0,454,0.0,0.0,0.0,0.0,0.0
26.0,455,0.0,0.0,0.0,0.0,0.0
26.0,456,0.0,0.0,0.0,0.0,0.0
26.0,457,0.0,0.0,0.0,0.0,0.0
26.0,458,0.0,0.0,0.0,0.0,0.0
26.0,459,0.0,0.0,0.0,0.0,0.0
26.0,460,0.0,0.0,0.0,0.0,0.0
26.0,461,0.0,0.0,0.0,0.0,0.0
26.0,462,0.0,0.0,0.0,0.0,0.0
26.0,463,0.0,0.0,0.0,0.0,0.0
26.0,464,0.0,0.0,0.0,0.0,0.0
26.0,465,0.0,0.0,0.0,0.0,0.0
26.0,466,0.0,0.0,0.0,0.0,0.0
26.0,467,0.0,0.0,0.0,0.0,0.0
26.0,468,0.0,0.0,0.0,0.0,0.0
26.0,469,0.0,0.0,0.0,0.0,0.0
26.0,470,0.0,0.0,0.0,0.0,0.0
26.0,471,0.0,0.0,0.0,0.0,0.0
26.0,472,0.0,0.0,0.0,0.0,0.0
26.0,473,0.0,0.0,0.0,0.0,0.0
26.0,474,0.0,0.0,0.0,0.0,0.0
26.0,475,0.0,0.0,0.0,0.0,0.0
26.0,476,0.0,0.0,0.0,0.0,0.0
26.0,477,0.0,0.0,0.0,0.0,0.0
26.0,478,0.0,0.0,0.0,0.0,0.0
26.0,479,0.0,0.0,0.0,0.0,0.0
26.0,480,0.0,0.0,0.0,0.0,0.0
26.0,481,0.0,0.0,0.0,0.0,0.0
26.0,482,0.0,0.0,0.0,0.0,0.0
26.0,483,0.0,0.0,0.0,0.0,0.0
26.0,484,0.0,0.0,0.0,0.0,0.0
26.0,485,0.0,0.0,0.0,0.0,0.0
26.0,486,0.0,0.0,0.0,0.0,0.0
26.0,487,0.0,0.0,0.0,0.0,0.0
26.0,488,0.0,0.0,0.0,0.0,0.0
26.0,489,0.0,0.0,0.0,0.0,0.0
26.0,490,0.0,0.0,0.0,0.0,0.0
26.0,491,0.0,0.0,0.0,0.0,0.0
26.0,492,0.0,0.0,0.0,0.0,0.0
26.0,493,0.0,0.0,0.0,0.0,0.0
26.0,494,0.0,0.0,0.0,0.0,0.0
26.0,495,0.0,0.0,0.0,0.0,0.0
26.0,496,0.0,0.0,0.0,0.0,0.0
26.0,497,0.0,0.0,0.0,0.0,0.0
26.0,498,0.0,0.0,0.0,0.0,0.0
26.0,499,0.0,0.0,0.0,0.0,0.0
26.0,500,0.0,0.0,0.0,0.0,0.0
26.0,501,0.0,0.0,0.0,0.0,0.0
26.0,502,0.0,0.0,0.0,0.0,0.0
26.0,503,0.0,0.0,0.0,0.0,0.0
26.0,504,0.0,0.0,0.0,0.0,0.0
26.0,505,0.0,0.0,0.0,0.0,0.0
26.0,506,0.0,0.0,0.0,0.0,0.0
26.0,507,0.0,0.0,0.0,0.0,0.0
26.0,508,0.0,0.0,0.0,0.0,0.0
26.0,509,0.0,0.0,0.0,0.0,0.0
26.0,510,0.0,0.0,0.0,0.0,0.0
26.0,511,0.0,0.0,0.0,0.0,0.0
26.0,512,0.0,0.0,0.0,0.0,0.0
26.0,513,0.0,0.0,0.0,0.0,0.0
26.0,514,0.0,0.0,0.0,0.0,0.0
26.0,515,0.0,0.0,0.0,0.0,0.0
26.0,516,0.0,0.0,0.0,0.0,0.0
26.0,517,0.0,0.0,0.0,0.0,0.0
26.0,518,0.0,0.0,0.0,0.0,0.0
26.0,519,0.0,0.0,0.0,0.0,0.0
26.0,520,0.0,0.0,0.0,0.0,0.0
26.0,521,0.0,0.0,0.0,0.0,0.0
26.0,522,0.0,0.0,0.0,0.0,0.0
26.0,523,0.0,0.0,0.0,0.0,0.0
26.0,524,0.0,0.0,0.0,0.0,0.0
26.0,525,0.0,0.0,0.0,0.0,0.0
26.0,526,0.0,0.0,0.0,0.0,0.0
26.0,527,0.0,0.0,0.0,0.0,0.0
26.0,528,0.0,0.0,0.0,0.0,0.0
26.0,529,0.0,0.0,0.0,0.0,0.0
26.0,530,0.0,0.0,0.0,0.0,0.0
26.0,531,0.0,0.0,0.0,0.0,0.0
26.0,532,0.0,0.0,0.0,0.0,0.0
26.0,533,0.0,0.0,0.0,0.0,0.0
26.0,534,0.0,0.0,0.0,0.0,0.0
26.0,535,0.0,0.0,0.0,0.0,0.0
26.0,536,0.0,0.0,0.0,0.0,0.0
26.0,537,0.0,0.0,0.0,0.0,0.0
26.0,538,0.0,0.0,0.0,0.0,0.0
26.0,539,0.0,0.0,0.0,0.0,0.0
26.0,540,0.0,0.0,0.0,0.0,0.0
26.0,541,0.0,0.0,0.0,0.0,0.0
26.0,542,0.0,0.0,0.0,0.0,0.0
26.0,543,0.0,0.0,0.0,0.0,0.0
26.0,544,0.0,0.0,0.0,0.0,0.0
26.0,545,0.0,0.0,0.0,0.0,0.0
26.0,546,0.0,0.0,0.0,0.0,0.0
26.0,547,0.0,0.0,0.0,0.0,0.0
26.0,548,0.0,0.0,0.0,0.0,0.0
26.0,549,0.0,0.0,0.0,0.0,0.0
26.0,550,0.0,0.0,0.0,0.0,0.0
26.0,551,0.0,0.0,0.0,0.0,0.0
26.0,552,0.0,0.0,0.0,0.0,0.0
26.0,553,0.0,0.0,0.0,0.0,0.0
26.0,554,0.0,0.0,0.0,0.0,0.0
26.0,555,0.0,0.0,0.0,0.0,0.0
26.0,556,0.0,0.0,0.0,0.0,0.0
26.0,557,0.0,0.0,0.0,0.0,0.0
26.0,558,0.0,0.0,0.0,0.0,0.0
26.0,559,0.0,0.0,0.0,0.0,0.0
26.0,560,0.0,0.0,0.0,0.0,0.0
26.0,561,0.0,0.0,0.0,0.0,0.0
26.0,562,0.0,0.0,0.0,0.0,0.0
26.0,563,0.0,0.0,0.0,0.0,0.0
26.0,564,0.0,0.0,0.0,0.0,0.0
26.0,565,0.0,0.0,0.0,0.0,0.0
26.0,566,0.0,0.0,0.0,0.0,0.0
26.0,567,0.0,0.0,0.0,0.0,0.0
26.0,568,0.0,0.0,0.0,0.0,0.0
26.0,569,0.0,0.0,0.0,0.0,0.0
26.0,570,0.0,0.0,0.0,0.0,0.0
26.0,571,0.0,0.0,0.0,0.0,0.0
26.0,572,0.0,0.0,0.0,0.0,0.0
26.0,573,0.0,0.0,0.0,0.0,0.0
26.0,574,0.0,0.0,0.0,0.0,0.0
26.0,575,0.0,0.0,0.0,0.0,0.0
26.0,576,0.0,0.0,0.0,0.0,0.0
26.0,577,0.0,0.0,0.0,0.0,0.0
26.0,578,0.0,0.0,0.0,0.0,0.0
26.0,579,0.0,0.0,0.0,0.0,0.0
26.0,580,0.0,0.0,0.0,0.0,0.0
26.0,581,0.0,0.0,0.0,0.0,0.0
26.0,582,0.0,0.0,0.0,0.0,0.0
26.0,583,0.0,0.0,0.0,0.0,0.0
26.0,584,0.0,0.0,0.0,0.0,0.0
26.0,585,0.0,0.0,0.0,0.0,0.0
26.0,586,0.0,0.0,0.0,0.0,0.0
26.0,587,0.0,0.0,0.0,0.0,0.0
26.0,588,0.0,0.0,0.0,0.0,0.0
26.0,589,0.0,0.0,0.0,0.0,0.0
26.0,590,0.0,0.0,0.0,0.0,0.0
26.0,591,0.0,0.0,0.0,0.0,0.0
26.0,592,0.0,0.0,0.0,0.0,0.0
26.0,593,0.0,0.0,0.0,0.0,0.0
26.0,594,0.0,0.0,0.0,0.0,0.0
26.0,595,0.0,0.0,0.0,0.0,0.0
26.0,596,0.0,0.0,0.0,0.0,0.0
26.0,597,0.0,0.0,0.0,0.0,0.0
26.0,598,0.0,0.0,0.0,0.0,0.0
26.0,599,0.0,0.0,0.0,0.0,0.0
26.0,600,0.0,0.0,0.0,0.0,0.0
26.0,601,0.0,0.0,0.0,0.0,0.0
26.0,602,0.0,0.0,0.0,0.0,0.0
26.0,603,0.0,0.0,0.0,0.0,0.0
26.0,604,0.0,0.0,0.0,0.0,0.0
26.0,605,0.0,0.0,0.0,0.0,0.0
26.0,606,0.0,0.0,0.0,0.0,0.0
26.0,607,0.0,0.0,0.0,0.0,0.0
26.0,608,0.0,0.0,0.0,0.0,0.0
26.0,609,0.0,0.0,0.0,0.0,0.0
26.0,610,0.0,0.0,0.0,0.0,0.0
26.0,611,0.0,0.0,0.0,0.0,0.0
26.0,612,0.0,0.0,0.0,0.0,0.0
26.0,613,0.0,0.0,0.0,0.0,0.0
26.0,614,0.0,0.0,0.0,0.0,0.0
26.0,615,0.0,0.0,0.0,0.0,0.0
26.0,616,0.0,0.0,0.0,0.0,0.0
26.0,617,0.0,0.0,0.0,0.0,0.0
26.0,618,0.0,0.0,0.0,0.0,0.0
26.0,619,0.0,0.0,0.0,0.0,0.0
26.0,620,0.0,0.0,0.0,0.0,0.0
26.0,621,0.0,0.0,0.0,0.0,0.0
26.0,622,0.0,0.0,0.0,0.0,0.0
26.0,623,0.0,0.0,0.0,0.0,0.0
26.0,624,0.0,0.0,0.0,0.0,0.0
26.0,625,0.0,0.0,0.0,0.0,0.0
26.0,626,0.0,0.0,0.0,0.0,0.0
26.0,627,0.0,0.0,0.0,0.0,0.0
26.0,628,0.0,0.0,0.0,0.0,0.0
26.0,629,0.0,0.0,0.0,0.0,0.0
26.0,630,0.0,0.0,0.0,0.0,0.0
26.0,631,0.0,0.0,0.0,0.0,0.0
26.0,632,0.0,0.0,0.0,0.0,0.0
26.0,633,0.0,0.0,0.0,0.0,0.0
26.0,634,0.0,0.0,0.0,0.0,0.0
26.0,635,0.0,0.0,0.0,0.0,0.0
26.0,636,0.0,0.0,0.0,0.0,0.0
26.0,637,0.0,0.0,0.0,0.0,0.0
26.0,638,0.0,0.0,0.0,0.0,0.0
26.0,639,0.0,0.0,0.0,0.0,0.0
26.0,640,0.0,0.0,0.0,0.0,0.0
26.0,641,0.0,0.0,0.0,0.0,0.0
26.0,642,0.0,0.0,0.0,0.0,0.0
26.0,643,0.0,0.0,0.0,0.0,0.0
26.0,644,0.0,0.0,0.0,0.0,0.0
26.0,645,0.0,0.0,0.0,0.0,0.0
26.0,646,0.0,0.0,0.0,0.0,0.0
26.0,647,0.0,0.0,0.0,0.0,0.0
26.0,648,0.0,0.0,0.0,0.0,0.0
26.0,649,0.0,0.0,0.0,0.0,0.0
26.0,650,0.0,0.0,0.0,0.0,0.0
26.0,651,0.0,0.0,0.0,0.0,0.0
26.0,652,0.0,0.0,0.0,0.0,0.0
26.0,653,0.0,0.0,0.0,0.0,0.0
26.0,654,0.0,0.0,0.0,0.0,0.0
26.0,655,0.0,0.0,0.0,0.0,0.0
26.0,656,0.0,0.0,0.0,0.0,0.0
26.0,657,0.0,0.0,0.0,0.0,0.0
26.0,658,0.0,0.0,0.0,0.0,0.0
26.0,659,0.0,0.0,0.0,0.0,0.0
26.0,660,0.0,0.0,0.0,0.0,0.0
26.0,661,0.0,0.0,0.0,0.0,0.0
26.0,662,0.0,0.0,0.0,0.0,0.0
26.0,663,0.0,0.0,0.0,0.0,0.0
26.0,664,0.0,0.0,0.0,0.0,0.0
26.0,665,0.0,0.0,0.0,0.0,0.0
26.0,666,0.0,0.0,0.0,0.0,0.0
26.0,667,0.0,0.0,0.0,0.0,0.0
26.0,668,0.0,0.0,0.0,0.0,0.0
26.0,669,0.0,0.0,0.0,0.0,0.0
26.0,670,0.0,0.0,0.0,0.0,0.0
26.0,671,0.0,0.0,0.0,0.0,0.0
26.0,672,0.0,0.0,0.0,0.0,0.0
26.0,673,0.0,0.0,0.0,0.0,0.0
26.0,674,0.0,0.0,0.0,0.0,0.0
26.0,675,0.0,0.0,0.0,0.0,0.0
26.0,676,0.0,0.0,0.0,0.0,0.0
26.0,677,0.0,0.0,0.0,0.0,0.0
26.0,678,0.0,0.0,0.0,0.0,0.0
26.0,679,0.0,0.0,0.0,0.0,0.0
26.0,680,0.0,0.0,0.0,0.0,0.0
26.0,681,0.0,0.0,0.0,0.0,0.0
26.0,682,0.0,0.0,0.0,0.0,0.0
26.0,683,0.0,0.0,0.0,0.0,0.0
26.0,684,0.0,0.0,0.0,0.0,0.0
26.0,685,0.0,0.0,0.0,0.0,0.0
26.0,686,0.0,0.0,0.0,0.0,0.0
26.0,687,0.0,0.0,0.0,0.0,0.0
26.0,688,0.0,0.0,0.0,0.0,0.0
26.0,689,0.0,0.0,0.0,0.0,0.0
26.0,690,0.0,0.0,0.0,0.0,0.0
26.0,691,0.0,0.0,0.0,0.0,0.0
26.0,692,0.0,0.0,0.0,0.0,0.0
26.0,693,0.0,0.0,0.0,0.0,0.0
26.0,694,0.0,0.0,0.0,0.0,0.0
26.0,695,0.0,0.0,0.0,0.0,0.0
26.0,696,0.0,0.0,0.0,0.0,0.0
26.0,697,0.0,0.0,0.0,0.0,0.0
26.0,698,0.0,0.0,0.0,0.0,0.0
26.0,699,0.0,0.0,0.0,0.0,0.0
26.0,700,0.0,0.0,0.0,0.0,0.0
26.0,701,0.0,0.0,0.0,0.0,0.0
26.0,702,0.0,0.0,0.0,0.0,0.0
26.0,703,0.0,0.0,0.0,0.0,0.0
26.0,704,0.0,0.0,0.0,0.0,0.0
26.0,705,0.0,0.0,0.0,0.0,0.0
26.0,706,0.0,0.0,0.0,0.0,0.0
26.0,707,0.0,0.0,0.0,0.0,0.0
26.0,708,0.0,0.0,0.0,0.0,0.0
26.0,709,0.0,0.0,0.0,0.0,0.0
26.0,710,0.0,0.0,0.0,0.0,0.0
26.0,711,0.0,0.0,0.0,0.0,0.0
26.0,712,0.0,0.0,0.0,0.0,0.0
26.0,713,0.0,0.0,0.0,0.0,0.0
26.0,714,0.0,0.0,0.0,0.0,0.0
26.0,715,0.0,0.0,0.0,0.0,0.0
26.0,716,0.0,0.0,0.0,0.0,0.0
26.0,717,0.0,0.0,0.0,0.0,0.0
26.0,718,0.0,0.0,0.0,0.0,0.0
26.0,719,0.0,0.0,0.0,0.0,0.0
26.0,720,0.0,0.0,0.0,0.0,0.0
26.0,721,0.0,0.0,0.0,0.0,0.0
26.0,722,0.0,0.0,0.0,0.0,0.0
26.0,723,0.0,0.0,0.0,0.0,0.0
26.0,724,0.0,0.0,0.0,0.0,0.0
26.0,725,0.0,0.0,0.0,0.0,0.0
26.0,726,0.0,0.0,0.0,0.0,0.0
26.0,727,0.0,0.0,0.0,0.0,0.0
26.0,728,0.0,0.0,0.0,0.0,0.0
26.0,729,0.0,0.0,0.0,0.0,0.0
26.0,730,0.0,0.0,0.0,0.0,0.0
26.0,731,0.0,0.0,0.0,0.0,0.0
26.0,732,0.0,0.0,0.0,0.0,0.0
26.0,733,0.0,0.0,0.0,0.0,0.0
26.0,734,0.0,0.0,0.0,0.0,0.0
26.0,735,0.0,0.0,0.0,0.0,0.0
26.0,736,0.0,0.0,0.0,0.0,0.0
26.0,737,0.0,0.0,0.0,0.0,0.0
26.0,738,0.0,0.0,0.0,0.0,0.0
26.0,739,0.0,0.0,0.0,0.0,0.0
26.0,740,0.0,0.0,0.0,0.0,0.0
26.0,741,0.0,0.0,0.0,0.0,0.0
26.0,742,0.0,0.0,0.0,0.0,0.0
26.0,743,0.0,0.0,0.0,0.0,0.0
26.0,744,0.0,0.0,0.0,0.0,0.0
26.0,745,0.0,0.0,0.0,0.0,0.0
26.0,746,0.0,0.0,0.0,0.0,0.0
26.0,747,0.0,0.0,0.0,0.0,0.0
26.0,748,0.0,0.0,0.0,0.0,0.0
26.0,749,0.0,0.0,0.0,0.0,0.0
26.0,750,0.0,0.0,0.0,0.0,0.0
26.0,751,0.0,0.0,0.0,0.0,0.0
26.0,752,0.0,0.0,0.0,0.0,0.0
26.0,753,0.0,0.0,0.0,0.0,0.0
26.0,754,0.0,0.0,0.0,0.0,0.0
26.0,755,0.0,0.0,0.0,0.0,0.0
26.0,756,0.0,0.0,0.0,0.0,0.0
26.0,757,0.0,0.0,0.0,0.0,0.0
26.0,758,0.0,0.0,0.0,0.0,0.0
26.0,759,0.0,0.0,0.0,0.0,0.0
26.0,760,0.0,0.0,0.0,0.0,0.0
26.0,761,0.0,0.0,0.0,0.0,0.0
26.0,762,0.0,0.0,0.0,0.0,0.0
26.0,763,0.0,0.0,0.0,0.0,0.0
26.0,764,0.0,0.0,0.0,0.0,0.0
26.0,765,0.0,0.0,0.0,0.0,0.0
26.0,766,0.0,0.0,0.0,0.0,0.0
26.0,767,0.0,0.0,0.0,0.0,0.0
26.0,768,0.0,0.0,0.0,0.0,0.0
26.0,769,0.0,0.0,0.0,0.0,0.0
26.0,770,0.0,0.0,0.0,0.0,0.0
26.0,771,0.0,0.0,0.0,0.0,0.0
26.0,772,0.0,0.0,0.0,0.0,0.0
26.0,773,0.0,0.0,0.0,0.0,0.0
26.0,774,0.0,0.0,0.0,0.0,0.0
26.0,775,0.0,0.0,0.0,0.0,0.0
26.0,776,0.0,0.0,0.0,0.0,0.0
26.0,777,0.0,0.0,0.0,0.0,0.0
26.0,778,0.0,0.0,0.0,0.0,0.0
26.0,779,0.0,0.0,0.0,0.0,0.0
26.0,780,0.0,0.0,0.0,0.0,0.0
26.0,781,0.0,0.0,0.0,0.0,0.0
26.0,782,0.0,0.0,0.0,0.0,0.0
26.0,783,0.0,0.0,0.0,0.0,0.0
26.0,784,0.0,0.0,0.0,0.0,0.0
26.0,785,0.0,0.0,0.0,0.0,0.0
26.0,786,0.0,0.0,0.0,0.0,0.0
26.0,787,0.0,0.0,0.0,0.0,0.0
26.0,788,0.0,0.0,0.0,0.0,0.0
26.0,789,0.0,0.0,0.0,0.0,0.0
26.0,790,0.0,0.0,0.0,0.0,0.0
26.0,791,0.0,0.0,0.0,0.0,0.0
26.0,792,0.0,0.0,0.0,0.0,0.0
26.0,793,0.0,0.0,0.0,0.0,0.0
26.0,794,0.0,0.0,0.0,0.0,0.0
26.0,795,0.0,0.0,0.0,0.0,0.0
26.0,796,0.0,0.0,0.0,0.0,0.0
26.0,797,0.0,0.0,0.0,0.0,0.0
26.0,798,0.0,0.0,0.0,0.0,0.0
26.0,799,0.0,0.0,0.0,0.0,0.0
26.0,800,0.0,0.0,0.0,0.0,0.0
26.0,801,0.0,0.0,0.0,0.0,0.0
26.0,802,0.0,0.0,0.0,0.0,0.0
26.0,803,0.0,0.0,0.0,0.0,0.0
26.0,804,0.0,0.0,0.0,0.0,0.0
26.0,805,0.0,0.0,0.0,0.0,0.0
26.0,806,0.0,0.0,0.0,0.0,0.0
26.0,807,0.0,0.0,0.0,0.0,0.0
26.0,808,0.0,0.0,0.0,0.0,0.0
26.0,809,0.0,0.0,0.0,0.0,0.0
26.0,810,0.0,0.0,0.0,0.0,0.0
26.0,811,0.0,0.0,0.0,0.0,0.0
26.0,812,0.0,0.0,0.0,0.0,0.0
26.0,813,0.0,0.0,0.0,0.0,0.0
26.0,814,0.0,0.0,0.0,0.0,0.0
26.0,815,0.0,0.0,0.0,0.0,0.0
26.0,816,0.0,0.0,0.0,0.0,0.0
26.0,817,0.0,0.0,0.0,0.0,0.0
26.0,818,0.0,0.0,0.0,0.0,0.0
26.0,819,0.0,0.0,0.0,0.0,0.0
26.0,820,0.0,0.0,0.0,0.0,0.0
26.0,821,0.0,0.0,0.0,0.0,0.0
26.0,822,0.0,0.0,0.0,0.0,0.0
26.0,823,0.0,0.0,0.0,0.0,0.0
26.0,824,0.0,0.0,0.0,0.0,0.0
26.0,825,0.0,0.0,0.0,0.0,0.0
26.0,826,0.0,0.0,0.0,0.0,0.0
26.0,827,0.0,0.0,0.0,0.0,0.0
26.0,828,0.0,0.0,0.0,0.0,0.0
26.0,829,0.0,0.0,0.0,0.0,0.0
26.0,830,0.0,0.0,0.0,0.0,0.0
26.0,831,0.0,0.0,0.0,0.0,0.0
26.0,832,0.0,0.0,0.0,0.0,0.0
26.0,833,0.0,0.0,0.0,0.0,0.0
26.0,834,0.0,0.0,0.0,0.0,0.0
26.0,835,0.0,0.0,0.0,0.0,0.0
26.0,836,0.0,0.0,0.0,0.0,0.0
26.0,837,0.0,0.0,0.0,0.0,0.0
26.0,838,0.0,0.0,0.0,0.0,0.0
26.0,839,0.0,0.0,0.0,0.0,0.0
26.0,840,0.0,0.0,0.0,0.0,0.0
26.0,841,0.0,0.0,0.0,0.0,0.0
26.0,842,0.0,0.0,0.0,0.0,0.0
26.0,843,0.0,0.0,0.0,0.0,0.0
26.0,844,0.0,0.0,0.0,0.0,0.0
26.0,845,0.0,0.0,0.0,0.0,0.0
26.0,846,0.0,0.0,0.0,0.0,0.0
26.0,847,0.0,0.0,0.0,0.0,0.0
26.0,848,0.0,0.0,0.0,0.0,0.0
26.0,849,0.0,0.0,0.0,0.0,0.0
26.0,850,0.0,0.0,0.0,0.0,0.0
26.0,851,0.0,0.0,0.0,0.0,0.0
26.0,852,0.0,0.0,0.0,0.0,0.0
26.0,853,0.0,0.0,0.0,0.0,0.0
26.0,854,0.0,0.0,0.0,0.0,0.0
26.0,855,0.0,0.0,0.0,0.0,0.0
26.0,856,0.0,0.0,0.0,0.0,0.0
26.0,857,0.0,0.0,0.0,0.0,0.0
26.0,858,0.0,0.0,0.0,0.0,0.0
26.0,859,0.0,0.0,0.0,0.0,0.0
26.0,860,0.0,0.0,0.0,0.0,0.0
26.0,861,0.0,0.0,0.0,0.0,0.0
26.0,862,0.0,0.0,0.0,0.0,0.0
26.0,863,0.0,0.0,0.0,0.0,0.0
26.0,864,0.0,0.0,0.0,0.0,0.0
26.0,865,0.0,0.0,0.0,0.0,0.0
26.0,866,0.0,0.0,0.0,0.0,0.0
26.0,867,0.0,0.0,0.0,0.0,0.0
26.0,868,0.0,0.0,0.0,0.0,0.0
26.0,869,0.0,0.0,0.0,0.0,0.0
26.0,870,0.0,0.0,0.0,0.0,0.0
26.0,871,0.0,0.0,0.0,0.0,0.0
26.0,872,0.0,0.0,0.0,0.0,0.0
26.0,873,0.0,0.0,0.0,0.0,0.0
26.0,874,0.0,0.0,0.0,0.0,0.0
26.0,875,0.0,0.0,0.0,0.0,0.0
26.0,876,0.0,0.0,0.0,0.0,0.0
26.0,877,0.0,0.0,0.0,0.0,0.0
26.0,878,0.0,0.0,0.0,0.0,0.0
26.0,879,0.0,0.0,0.0,0.0,0.0
26.0,880,0.0,0.0,0.0,0.0,0.0
26.0,881,0.0,0.0,0.0,0.0,0.0
26.0,882,0.0,0.0,0.0,0.0,0.0
26.0,883,0.0,0.0,0.0,0.0,0.0
26.0,884,0.0,0.0,0.0,0.0,0.0
26.0,885,0.0,0.0,0.0,0.0,0.0
26.0,886,0.0,0.0,0.0,0.0,0.0
26.0,887,0.0,0.0,0.0,0.0,0.0
26.0,888,0.0,0.0,0.0,0.0,0.0
26.0,889,0.0,0.0,0.0,0.0,0.0
26.0,890,0.0,0.0,0.0,0.0,0.0
26.0,891,0.0,0.0,0.0,0.0,0.0
26.0,892,0.0,0.0,0.0,0.0,0.0
26.0,893,0.0,0.0,0.0,0.0,0.0
26.0,894,0.0,0.0,0.0,0.0,0.0
26.0,895,0.0,0.0,0.0,0.0,0.0
26.0,896,0.0,0.0,0.0,0.0,0.0
26.0,897,0.0,0.0,0.0,0.0,0.0
26.0,898,0.0,0.0,0.0,0.0,0.0
26.0,899,0.0,0.0,0.0,0.0,0.0
26.0,900,0.0,0.0,0.0,0.0,0.0
26.0,901,0.0,0.0,0.0,0.0,0.0
26.0,902,0.0,0.0,0.0,0.0,0.0
26.0,903,0.0,0.0,0.0,0.0,0.0
26.0,904,0.0,0.0,0.0,0.0,0.0
26.0,905,0.0,0.0,0.0,0.0,0.0
26.0,906,0.0,0.0,0.0,0.0,0.0
26.0,907,0.0,0.0,0.0,0.0,0.0
26.0,908,0.0,0.0,0.0,0.0,0.0
26.0,909,0.0,0.0,0.0,0.0,0.0
26.0,910,0.0,0.0,0.0,0.0,0.0
26.0,911,0.0,0.0,0.0,0.0,0.0
26.0,912,0.0,0.0,0.0,0.0,0.0
26.0,913,0.0,0.0,0.0,0.0,0.0
26.0,914,0.0,0.0,0.0,0.0,0.0
26.0,915,0.0,0.0,0.0,0.0,0.0
26.0,916,0.0,0.0,0.0,0.0,0.0
26.0,917,0.0,0.0,0.0,0.0,0.0
26.0,918,0.0,0.0,0.0,0.0,0.0
26.0,919,0.0,0.0,0.0,0.0,0.0
26.0,920,0.0,0.0,0.0,0.0,0.0
26.0,921,0.0,0.0,0.0,0.0,0.0
26.0,922,0.0,0.0,0.0,0.0,0.0
26.0,923,0.0,0.0,0.0,0.0,0.0
26.0,924,0.0,0.0,0.0,0.0,0.0
26.0,925,0.0,0.0,0.0,0.0,0.0
26.0,926,0.0,0.0,0.0,0.0,0.0
26.0,927,0.0,0.0,0.0,0.0,0.0
26.0,928,0.0,0.0,0.0,0.0,0.0
26.0,929,0.0,0.0,0.0,0.0,0.0
26.0,930,0.0,0.0,0.0,0.0,0.0
26.0,931,0.0,0.0,0.0,0.0,0.0
26.0,932,0.0,0.0,0.0,0.0,0.0
26.0,933,0.0,0.0,0.0,0.0,0.0
26.0,934,0.0,0.0,0.0,0.0,0.0
26.0,935,0.0,0.0,0.0,0.0,0.0
26.0,936,0.0,0.0,0.0,0.0,0.0
26.0,937,0.0,0.0,0.0,0.0,0.0
26.0,938,0.0,0.0,0.0,0.0,0.0
26.0,939,0.0,0.0,0.0,0.0,0.0
26.0,940,0.0,0.0,0.0,0.0,0.0
26.0,941,0.0,0.0,0.0,0.0,0.0
26.0,942,0.0,0.0,0.0,0.0,0.0
26.0,943,0.0,0.0,0.0,0.0,0.0
26.0,944,0.0,0.0,0.0,0.0,0.0
26.0,945,0.0,0.0,0.0,0.0,0.0
26.0,946,0.0,0.0,0.0,0.0,0.0
26.0,947,0.0,0.0,0.0,0.0,0.0
26.0,948,0.0,0.0,0.0,0.0,0.0
26.0,949,0.0,0.0,0.0,0.0,0.0
26.0,950,0.0,0.0,0.0,0.0,0.0
26.0,951,0.0,0.0,0.0,0.0,0.0
26.0,952,0.0,0.0,0.0,0.0,0.0
26.0,953,0.0,0.0,0.0,0.0,0.0
26.0,954,0.0,0.0,0.0,0.0,0.0
26.0,955,0.0,0.0,0.0,0.0,0.0
26.0,956,0.0,0.0,0.0,0.0,0.0
26.0,957,0.0,0.0,0.0,0.0,0.0
26.0,958,0.0,0.0,0.0,0.0,0.0
26.0,959,0.0,0.0,0.0,0.0,0.0
26.0,960,0.0,0.0,0.0,0.0,0.0
26.0,961,0.0,0.0,0.0,0.0,0.0
26.0,962,0.0,0.0,0.0,0.0,0.0
26.0,963,0.0,0.0,0.0,0.0,0.0
26.0,964,0.0,0.0,0.0,0.0,0.0
26.0,965,0.0,0.0,0.0,0.0,0.0
26.0,966,0.0,0.0,0.0,0.0,0.0
26.0,967,0.0,0.0,0.0,0.0,0.0
26.0,968,0.0,0.0,0.0,0.0,0.0
26.0,969,0.0,0.0,0.0,0.0,0.0
26.0,970,0.0,0.0,0.0,0.0,0.0
26.0,971,0.0,0.0,0.0,0.0,0.0
26.0,972,0.0,0.0,0.0,0.0,0.0
26.0,973,0.0,0.0,0.0,0.0,0.0
26.0,974,0.0,0.0,0.0,0.0,0.0
26.0,975,0.0,0.0,0.0,0.0,0.0
26.0,976,0.0,0.0,0.0,0.0,0.0
26.0,977,0.0,0.0,0.0,0.0,0.0
26.0,978,0.0,0.0,0.0,0.0,0.0
26.0,979,0.0,0.0,0.0,0.0,0.0
26.0,980,0.0,0.0,0.0,0.0,0.0
26.0,981,0.0,0.0,0.0,0.0,0.0
26.0,982,0.0,0.0,0.0,0.0,0.0
26.0,983,0.0,0.0,0.0,0.0,0.0
26.0,984,0.0,0.0,0.0,0.0,0.0
26.0,985,0.0,0.0,0.0,0.0,0.0
26.0,986,0.0,0.0,0.0,0.0,0.0
26.0,987,0.0,0.0,0.0,0.0,0.0
26.0,988,0.0,0.0,0.0,0.0,0.0
26.0,989,0.0,0.0,0.0,0.0,0.0
26.0,990,0.0,0.0,0.0,0.0,0.0
26.0,991,0.0,0.0,0.0,0.0,0.0
26.0,992,0.0,0.0,0.0,0.0,0.0
26.0,993,0.0,0.0,0.0,0.0,0.0
26.0,994,0.0,0.0,0.0,0.0,0.0
26.0,995,0.0,0.0,0.0,0.0,0.0
26.0,996,0.0,0.0,0.0,0.0,0.0
26.0,997,0.0,0.0,0.0,0.0,0.0
26.0,998,0.0,0.0,0.0,0.0,0.0
26.0,999,0.0,0.0,0.0,0.0,0.0
26.0,1000,0.0,0.0,0.0,0.0,0.0
27.0,1,0.0,0.0,0.0,0.0,0.0
27.0,2,1.0,1.0,1.0,1.3333333333333333,4.666666666666667
27.0,3,0.0,0.0,0.0,0.0,0.0
27.0,4,0.0,0.0,0.0,0.0,0.0
27.0,5,1.3333333333333333,1.0,1.3333333333333333,1.6666666666666667,5.666666666666667
27.0,6,1.0,1.0,1.0,1.3333333333333333,4.666666666666667
27.0,7,0.6666666666666666,1.0,1.0,1.6666666666666667,4.666666666666667
27.0,8,1.3333333333333333,0.0,0.0,0.0,0.0
27.0,9,0.6666666666666666,1.0,1.0,1.3333333333333333,5.0
27.0,10,0.0,0.0,0.0,0.0,0.0
27.0,11,0.3333333333333333,1.0,1.3333333333333333,1.3333333333333333,4.666666666666667
27.0,12,0.0,0.0,0.0,0.0,0.0
27.0,13,0.0,0.0,0.0,0.0,0.0
27.0,14,1.0,1.0,1.3333333333333333,1.3333333333333333,5.333333333333333
27.0,15,0.3333333333333333,1.0,1.3333333333333333,1.3333333333333333,4.666666666666667
27.0,16,1.0,1.0,1.3333333333333333,1.3333333333333333,5.333333333333333
27.0,17,1.0,1.0,1.3333333333333333,1.6666666666666667,5.0
27.0,18,1.3333333333333333,1.0,1.3333333333333333,0.0,0.0
27.0,19,0.6666666666666666,1.0,1.3333333333333333,1.3333333333333333,4.666666666666667
27.0,20,1.0,1.0,1.3333333333333333,1.3333333333333333,5.333333333333333
27.0,21,0.0,0.0,0.0,0.0,0.0
27.0,22,1.0,1.0,1.3333333333333333,1.3333333333333333,5.333333333333333
27.0,23,0.0,0.0,0.0,0.0,0.0
27.0,24,0.0,0.0,0.0,0.0,0.0
27.0,25,1.3333333333333333,1.0,1.0,1.6666666666666667,5.0
27.0,26,1.0,0.0,0.0,0.0,0.0
27.0,27,0.3333333333333333,1.0,1.0,1.6666666666666667,4.666666666666667
27.0,28,1.0,1.0,0.0,0.0,0.0
27.0,29,1.3333333333333333,1.0,1.3333333333333333,1.3333333333333333,5.0
27.0,30,0.0,0.0,0.0,0.0,0.0
27.0,31,0.6666666666666666,1.0,1.3333333333333333,1.3333333333333333,4.666666666666667
27.0,32,1.3333333333333333,1.0,0.0,0.0,0.0
27.0,33,0.0,0.0,0.0,0.0,0.0
27.0,34,1.0,1.0,1.3333333333333333,1.3333333333333333,5.333333333333333
27.0,35,0.0,0.0,0.0,0.0,0.0
27.0,36,1.0,1.0,1.0,1.3333333333333333,4.666666666666667
27.0,37,0.0,0.0,0.0,0.0,0.0
27.0,38,0.0,0.0,0.0,0.0,0.0
27.0,39,0.6666666666666666,0.0,0.0,0.0,0.0
27.0,40,0.6666666666666666,1.3333333333333333,1.3333333333333333,1.6666666666666667,5.0
27.0,41,0.6666666666666666,1.0,1.3333333333333333,1.3333333333333333,4.666666666666667
27.0,42,0.0,0.0,0.0,0.0,0.0
27.0,43,0.6666666666666666,1.0,1.3333333333333333,1.3333333333333333,4.666666666666667
27.0,44,1.0,1.0,1.0,1.6666666666666667,5.333333333333333
27.0,45,0.6666666666666666,1.0,1.3333333333333333,1.3333333333333333,4.666666666666667
27.0,46,0.0,0.0,0.0,0.0,0.0
27.0,47,0.6666666666666666,1.0,1.3333333333333333,1.6666666666666667,5.333333333333333
27.0,48,0.6666666666666666,1.0,1.3333333333333333,1.6666666666666667,5.333333333333333
27.0,49,1.0,1.0,0.0,0.0,0.0
27.0,50,0.6666666666666666,1.0,1.0,1.3333333333333333,5.0
27.0,51,0.0,0.0,0.0,0.0,0.0
27.0,52,0.0,0.0,0.0,0.0,0.0
27.0,53,0.0,0.0,0.0,0.0,0.0
27.0,54,0.0,0.0,0.0,0.0,0.0
27.0,55,0.0,0.0,0.0,0.0,0.0
27.0,56,0.0,0.0,0.0,0.0,0.0
27.0,57,0.0,0.0,0.0,0.0,0.0
27.0,58,0.0,0.0,0.0,0.0,0.0
27.0,59,0.0,0.0,0.0,0.0,0.0
27.0,60,0.0,0.0,0.0,0.0,0.0
27.0,61,0.0,0.0,0.0,0.0,0.0
27.0,62,0.0,0.0,0.0,0.0,0.0
27.0,63,0.0,0.0,0.0,0.0,0.0
27.0,64,0.0,0.0,0.0,0.0,0.0
27.0,65,0.0,0.0,0.0,0.0,0.0
27.0,66,0.0,0.0,0.0,0.0,0.0
27.0,67,0.0,0.0,0.0,0.0,0.0
27.0,68,0.0,0.0,0.0,0.0,0.0
27.0,69,0.0,0.0,0.0,0.0,0.0
27.0,70,0.0,0.0,0.0,0.0,0.0
27.0,71,0.0,0.0,0.0,0.0,0.0
27.0,72,0.0,0.0,0.0,0.0,0.0
27.0,73,0.0,0.0,0.0,0.0,0.0
27.0,74,0.0,0.0,0.0,0.0,0.0
27.0,75,0.0,0.0,0.0,0.0,0.0
27.0,76,0.0,0.0,0.0,0.0,0.0
27.0,77,0.0,0.0,0.0,0.0,0.0
27.0,78,0.0,0.0,0.0,0.0,0.0
27.0,79,0.0,0.0,0.0,0.0,0.0
27.0,80,0.0,0.0,0.0,0.0,0.0
27.0,81,0.0,0.0,0.0,0.0,0.0
27.0,82,0.0,0.0,0.0,0.0,0.0
27.0,83,0.0,0.0,0.0,0.0,0.0
27.0,84,0.0,0.0,0.0,0.0,0.0
27.0,85,0.0,0.0,0.0,0.0,0.0
27.0,86,0.0,0.0,0.0,0.0,0.0
27.0,87,0.0,0.0,0.0,0.0,0.0
27.0,88,0.0,0.0,0.0,0.0,0.0
27.0,89,0.0,0.0,0.0,0.0,0.0
27.0,90,0.0,0.0,0.0,0.0,0.0
27.0,91,0.0,0.0,0.0,0.0,0.0
27.0,92,0.0,0.0,0.0,0.0,0.0
27.0,93,0.0,0.0,0.0,0.0,0.0
27.0,94,0.0,0.0,0.0,0.0,0.0
27.0,95,0.0,0.0,0.0,0.0,0.0
27.0,96,0.0,0.0,0.0,0.0,0.0
27.0,97,0.0,0.0,0.0,0.0,0.0
27.0,98,0.0,0.0,0.0,0.0,0.0
27.0,99,0.0,0.0,0.0,0.0,0.0
27.0,100,0.0,0.0,0.0,0.0,0.0
27.0,101,0.0,0.0,0.0,0.0,0.0
27.0,102,0.0,0.0,0.0,0.0,0.0
27.0,103,0.0,0.0,0.0,0.0,0.0
27.0,104,0.0,0.0,0.0,0.0,0.0
27.0,105,0.0,0.0,0.0,0.0,0.0
27.0,106,0.0,0.0,0.0,0.0,0.0
27.0,107,0.0,0.0,0.0,0.0,0.0
27.0,108,0.0,0.0,0.0,0.0,0.0
27.0,109,0.0,0.0,0.0,0.0,0.0
27.0,110,0.0,0.0,0.0,0.0,0.0
27.0,111,0.0,0.0,0.0,0.0,0.0
27.0,112,0.0,0.0,0.0,0.0,0.0
27.0,113,0.0,0.0,0.0,0.0,0.0
27.0,114,0.0,0.0,0.0,0.0,0.0
27.0,115,0.0,0.0,0.0,0.0,0.0
27.0,116,0.0,0.0,0.0,0.0,0.0
27.0,117,0.0,0.0,0.0,0.0,0.0
27.0,118,0.0,0.0,0.0,0.0,0.0
27.0,119,0.0,0.0,0.0,0.0,0.0
27.0,120,0.0,0.0,0.0,0.0,0.0
27.0,121,0.0,0.0,0.0,0.0,0.0
27.0,122,0.0,0.0,0.0,0.0,0.0
27.0,123,0.0,0.0,0.0,0.0,0.0
27.0,124,0.0,0.0,0.0,0.0,0.0
27.0,125,0.0,0.0,0.0,0.0,0.0
27.0,126,0.0,0.0,0.0,0.0,0.0
27.0,127,0.0,0.0,0.0,0.0,0.0
27.0,128,0.0,0.0,0.0,0.0,0.0
27.0,129,0.0,0.0,0.0,0.0,0.0
27.0,130,0.0,0.0,0.0,0.0,0.0
27.0,131,0.0,0.0,0.0,0.0,0.0
27.0,132,0.0,0.0,0.0,0.0,0.0
27.0,133,0.0,0.0,0.0,0.0,0.0
27.0,134,0.0,0.0,0.0,0.0,0.0
27.0,135,0.0,0.0,0.0,0.0,0.0
27.0,136,0.0,0.0,0.0,0.0,0.0
27.0,137,0.0,0.0,0.0,0.0,0.0
27.0,138,0.0,0.0,0.0,0.0,0.0
27.0,139,0.0,0.0,0.0,0.0,0.0
27.0,140,0.0,0.0,0.0,0.0,0.0
27.0,141,0.0,0.0,0.0,0.0,0.0
27.0,142,0.0,0.0,0.0,0.0,0.0
27.0,143,0.0,0.0,0.0,0.0,0.0
27.0,144,0.0,0.0,0.0,0.0,0.0
27.0,145,0.0,0.0,0.0,0.0,0.0
27.0,146,0.0,0.0,0.0,0.0,0.0
27.0,147,0.0,0.0,0.0,0.0,0.0
27.0,148,0.0,0.0,0.0,0.0,0.0
27.0,149,0.0,0.0,0.0,0.0,0.0
27.0,150,0.0,0.0,0.0,0.0,0.0
27.0,151,0.0,0.0,0.0,0.0,0.0
27.0,152,0.0,0.0,0.0,0.0,0.0
27.0,153,0.0,0.0,0.0,0.0,0.0
27.0,154,0.0,0.0,0.0,0.0,0.0
27.0,155,0.0,0.0,0.0,0.0,0.0
27.0,156,0.0,0.0,0.0,0.0,0.0
27.0,157,0.0,0.0,0.0,0.0,0.0
27.0,158,0.0,0.0,0.0,0.0,0.0
27.0,159,0.0,0.0,0.0,0.0,0.0
27.0,160,0.0,0.0,0.0,0.0,0.0
27.0,161,0.0,0.0,0.0,0.0,0.0
27.0,162,0.0,0.0,0.0,0.0,0.0
27.0,163,0.0,0.0,0.0,0.0,0.0
27.0,164,0.0,0.0,0.0,0.0,0.0
27.0,165,0.0,0.0,0.0,0.0,0.0
27.0,166,0.0,0.0,0.0,0.0,0.0
27.0,167,0.0,0.0,0.0,0.0,0.0
27.0,168,0.0,0.0,0.0,0.0,0.0
27.0,169,0.0,0.0,0.0,0.0,0.0
27.0,170,0.0,0.0,0.0,0.0,0.0
27.0,171,0.0,0.0,0.0,0.0,0.0
27.0,172,0.0,0.0,0.0,0.0,0.0
27.0,173,0.0,0.0,0.0,0.0,0.0
27.0,174,0.0,0.0,0.0,0.0,0.0
27.0,175,0.0,0.0,0.0,0.0,0.0
27.0,176,0.0,0.0,0.0,0.0,0.0
27.0,177,0.0,0.0,0.0,0.0,0.0
27.0,178,0.0,0.0,0.0,0.0,0.0
27.0,179,0.0,0.0,0.0,0.0,0.0
27.0,180,0.0,0.0,0.0,0.0,0.0
27.0,181,0.0,0.0,0.0,0.0,0.0
27.0,182,0.0,0.0,0.0,0.0,0.0
27.0,183,0.0,0.0,0.0,0.0,0.0
27.0,184,0.0,0.0,0.0,0.0,0.0
27.0,185,0.0,0.0,0.0,0.0,0.0
27.0,186,0.0,0.0,0.0,0.0,0.0
27.0,187,0.0,0.0,0.0,0.0,0.0
27.0,188,0.0,0.0,0.0,0.0,0.0
27.0,189,0.0,0.0,0.0,0.0,0.0
27.0,190,0.0,0.0,0.0,0.0,0.0
27.0,191,0.0,0.0,0.0,0.0,0.0
27.0,192,0.0,0.0,0.0,0.0,0.0
27.0,193,0.0,0.0,0.0,0.0,0.0
27.0,194,0.0,0.0,0.0,0.0,0.0
27.0,195,0.0,0.0,0.0,0.0,0.0
27.0,196,0.0,0.0,0.0,0.0,0.0
27.0,197,0.0,0.0,0.0,0.0,0.0
27.0,198,0.0,0.0,0.0,0.0,0.0
27.0,199,0.0,0.0,0.0,0.0,0.0
27.0,200,0.0,0.0,0.0,0.0,0.0
27.0,201,0.0,0.0,0.0,0.0,0.0
27.0,202,0.0,0.0,0.0,0.0,0.0
27.0,203,0.0,0.0,0.0,0.0,0.0
27.0,204,0.0,0.0,0.0,0.0,0.0
27.0,205,0.0,0.0,0.0,0.0,0.0
27.0,206,0.0,0.0,0.0,0.0,0.0
27.0,207,0.0,0.0,0.0,0.0,0.0
27.0,208,0.0,0.0,0.0,0.0,0.0
27.0,209,0.0,0.0,0.0,0.0,0.0
27.0,210,0.0,0.0,0.0,0.0,0.0
27.0,211,0.0,0.0,0.0,0.0,0.0
27.0,212,0.0,0.0,0.0,0.0,0.0
27.0,213,0.0,0.0,0.0,0.0,0.0
27.0,214,0.0,0.0,0.0,0.0,0.0
27.0,215,0.0,0.0,0.0,0.0,0.0
27.0,216,0.0,0.0,0.0,0.0,0.0
27.0,217,0.0,0.0,0.0,0.0,0.0
27.0,218,0.0,0.0,0.0,0.0,0.0
27.0,219,0.0,0.0,0.0,0.0,0.0
27.0,220,0.0,0.0,0.0,0.0,0.0
27.0,221,0.0,0.0,0.0,0.0,0.0
27.0,222,0.0,0.0,0.0,0.0,0.0
27.0,223,0.0,0.0,0.0,0.0,0.0
27.0,224,0.0,0.0,0.0,0.0,0.0
27.0,225,0.0,0.0,0.0,0.0,0.0
27.0,226,0.0,0.0,0.0,0.0,0.0
27.0,227,0.0,0.0,0.0,0.0,0.0
27.0,228,0.0,0.0,0.0,0.0,0.0
27.0,229,0.0,0.0,0.0,0.0,0.0
27.0,230,0.0,0.0,0.0,0.0,0.0
27.0,231,0.0,0.0,0.0,0.0,0.0
27.0,232,0.0,0.0,0.0,0.0,0.0
27.0,233,0.0,0.0,0.0,0.0,0.0
27.0,234,0.0,0.0,0.0,0.0,0.0
27.0,235,0.0,0.0,0.0,0.0,0.0
27.0,236,0.0,0.0,0.0,0.0,0.0
27.0,237,0.0,0.0,0.0,0.0,0.0
27.0,238,0.0,0.0,0.0,0.0,0.0
27.0,239,0.0,0.0,0.0,0.0,0.0
27.0,240,0.0,0.0,0.0,0.0,0.0
27.0,241,0.0,0.0,0.0,0.0,0.0
27.0,242,0.0,0.0,0.0,0.0,0.0
27.0,243,0.0,0.0,0.0,0.0,0.0
27.0,244,0.0,0.0,0.0,0.0,0.0
27.0,245,0.0,0.0,0.0,0.0,0.0
27.0,246,0.0,0.0,0.0,0.0,0.0
27.0,247,0.0,0.0,0.0,0.0,0.0
27.0,248,0.0,0.0,0.0,0.0,0.0
27.0,249,0.0,0.0,0.0,0.0,0.0
27.0,250,0.0,0.0,0.0,0.0,0.0
27.0,251,0.0,0.0,0.0,0.0,0.0
27.0,252,0.0,0.0,0.0,0.0,0.0
27.0,253,0.0,0.0,0.0,0.0,0.0
27.0,254,0.0,0.0,0.0,0.0,0.0
27.0,255,0.0,0.0,0.0,0.0,0.0
27.0,256,0.0,0.0,0.0,0.0,0.0
27.0,257,0.0,0.0,0.0,0.0,0.0
27.0,258,0.0,0.0,0.0,0.0,0.0
27.0,259,0.0,0.0,0.0,0.0,0.0
27.0,260,0.0,0.0,0.0,0.0,0.0
27.0,261,0.0,0.0,0.0,0.0,0.0
27.0,262,0.0,0.0,0.0,0.0,0.0
27.0,263,0.0,0.0,0.0,0.0,0.0
27.0,264,0.0,0.0,0.0,0.0,0.0
27.0,265,0.0,0.0,0.0,0.0,0.0
27.0,266,0.0,0.0,0.0,0.0,0.0
27.0,267,0.0,0.0,0.0,0.0,0.0
27.0,268,0.0,0.0,0.0,0.0,0.0
27.0,269,0.0,0.0,0.0,0.0,0.0
27.0,270,0.0,0.0,0.0,0.0,0.0
27.0,271,0.0,0.0,0.0,0.0,0.0
27.0,272,0.0,0.0,0.0,0.0,0.0
27.0,273,0.0,0.0,0.0,0.0,0.0
27.0,274,0.0,0.0,0.0,0.0,0.0
27.0,275,0.0,0.0,0.0,0.0,0.0
27.0,276,0.0,0.0,0.0,0.0,0.0
27.0,277,0.0,0.0,0.0,0.0,0.0
27.0,278,0.0,0.0,0.0,0.0,0.0
27.0,279,0.0,0.0,0.0,0.0,0.0
27.0,280,0.0,0.0,0.0,0.0,0.0
27.0,281,0.0,0.0,0.0,0.0,0.0
27.0,282,0.0,0.0,0.0,0.0,0.0
27.0,283,0.0,0.0,0.0,0.0,0.0
27.0,284,0.0,0.0,0.0,0.0,0.0
27.0,285,0.0,0.0,0.0,0.0,0.0
27.0,286,0.0,0.0,0.0,0.0,0.0
27.0,287,0.0,0.0,0.0,0.0,0.0
27.0,288,0.0,0.0,0.0,0.0,0.0
27.0,289,0.0,0.0,0.0,0.0,0.0
27.0,290,0.0,0.0,0.0,0.0,0.0
27.0,291,0.0,0.0,0.0,0.0,0.0
27.0,292,0.0,0.0,0.0,0.0,0.0
27.0,293,0.0,0.0,0.0,0.0,0.0
27.0,294,0.0,0.0,0.0,0.0,0.0
27.0,295,0.0,0.0,0.0,0.0,0.0
27.0,296,0.0,0.0,0.0,0.0,0.0
27.0,297,0.0,0.0,0.0,0.0,0.0
27.0,298,0.0,0.0,0.0,0.0,0.0
27.0,299,0.0,0.0,0.0,0.0,0.0
27.0,300,0.0,0.0,0.0,0.0,0.0
27.0,301,0.0,0.0,0.0,0.0,0.0
27.0,302,0.0,0.0,0.0,0.0,0.0
27.0,303,0.0,0.0,0.0,0.0,0.0
27.0,304,0.0,0.0,0.0,0.0,0.0
27.0,305,0.0,0.0,0.0,0.0,0.0
27.0,306,0.0,0.0,0.0,0.0,0.0
27.0,307,0.0,0.0,0.0,0.0,0.0
27.0,308,0.0,0.0,0.0,0.0,0.0
27.0,309,0.0,0.0,0.0,0.0,0.0
27.0,310,0.0,0.0,0.0,0.0,0.0
27.0,311,0.0,0.0,0.0,0.0,0.0
27.0,312,0.0,0.0,0.0,0.0,0.0
27.0,313,0.0,0.0,0.0,0.0,0.0
27.0,314,0.0,0.0,0.0,0.0,0.0
27.0,315,0.0,0.0,0.0,0.0,0.0
27.0,316,0.0,0.0,0.0,0.0,0.0
27.0,317,0.0,0.0,0.0,0.0,0.0
27.0,318,0.0,0.0,0.0,0.0,0.0
27.0,319,0.0,0.0,0.0,0.0,0.0
27.0,320,0.0,0.0,0.0,0.0,0.0
27.0,321,0.0,0.0,0.0,0.0,0.0
27.0,322,0.0,0.0,0.0,0.0,0.0
27.0,323,0.0,0.0,0.0,0.0,0.0
27.0,324,0.0,0.0,0.0,0.0,0.0
27.0,325,0.0,0.0,0.0,0.0,0.0
27.0,326,0.0,0.0,0.0,0.0,0.0
27.0,327,0.0,0.0,0.0,0.0,0.0
27.0,328,0.0,0.0,0.0,0.0,0.0
27.0,329,0.0,0.0,0.0,0.0,0.0
27.0,330,0.0,0.0,0.0,0.0,0.0
27.0,331,0.0,0.0,0.0,0.0,0.0
27.0,332,0.0,0.0,0.0,0.0,0.0
27.0,333,0.0,0.0,0.0,0.0,0.0
27.0,334,0.0,0.0,0.0,0.0,0.0
27.0,335,0.0,0.0,0.0,0.0,0.0
27.0,336,0.0,0.0,0.0,0.0,0.0
27.0,337,0.0,0.0,0.0,0.0,0.0
27.0,338,0.0,0.0,0.0,0.0,0.0
27.0,339,0.0,0.0,0.0,0.0,0.0
27.0,340,0.0,0.0,0.0,0.0,0.0
27.0,341,0.0,0.0,0.0,0.0,0.0
27.0,342,0.0,0.0,0.0,0.0,0.0
27.0,343,0.0,0.0,0.0,0.0,0.0
27.0,344,0.0,0.0,0.0,0.0,0.0
27.0,345,0.0,0.0,0.0,0.0,0.0
27.0,346,0.0,0.0,0.0,0.0,0.0
27.0,347,0.0,0.0,0.0,0.0,0.0
27.0,348,0.0,0.0,0.0,0.0,0.0
27.0,349,0.0,0.0,0.0,0.0,0.0
27.0,350,0.0,0.0,0.0,0.0,0.0
27.0,351,0.0,0.0,0.0,0.0,0.0
27.0,352,0.0,0.0,0.0,0.0,0.0
27.0,353,0.0,0.0,0.0,0.0,0.0
27.0,354,0.0,0.0,0.0,0.0,0.0
27.0,355,0.0,0.0,0.0,0.0,0.0
27.0,356,0.0,0.0,0.0,0.0,0.0
27.0,357,0.0,0.0,0.0,0.0,0.0
27.0,358,0.0,0.0,0.0,0.0,0.0
27.0,359,0.0,0.0,0.0,0.0,0.0
27.0,360,0.0,0.0,0.0,0.0,0.0
27.0,361,0.0,0.0,0.0,0.0,0.0
27.0,362,0.0,0.0,0.0,0.0,0.0
27.0,363,0.0,0.0,0.0,0.0,0.0
27.0,364,0.0,0.0,0.0,0.0,0.0
27.0,365,0.0,0.0,0.0,0.0,0.0
27.0,366,0.0,0.0,0.0,0.0,0.0
27.0,367,0.0,0.0,0.0,0.0,0.0
27.0,368,0.0,0.0,0.0,0.0,0.0
27.0,369,0.0,0.0,0.0,0.0,0.0
27.0,370,0.0,0.0,0.0,0.0,0.0
27.0,371,0.0,0.0,0.0,0.0,0.0
27.0,372,0.0,0.0,0.0,0.0,0.0
27.0,373,0.0,0.0,0.0,0.0,0.0
27.0,374,0.0,0.0,0.0,0.0,0.0
27.0,375,0.0,0.0,0.0,0.0,0.0
27.0,376,0.0,0.0,0.0,0.0,0.0
27.0,377,0.0,0.0,0.0,0.0,0.0
27.0,378,0.0,0.0,0.0,0.0,0.0
27.0,379,0.0,0.0,0.0,0.0,0.0
27.0,380,0.0,0.0,0.0,0.0,0.0
27.0,381,0.0,0.0,0.0,0.0,0.0
27.0,382,0.0,0.0,0.0,0.0,0.0
27.0,383,0.0,0.0,0.0,0.0,0.0
27.0,384,0.0,0.0,0.0,0.0,0.0
27.0,385,0.0,0.0,0.0,0.0,0.0
27.0,386,0.0,0.0,0.0,0.0,0.0
27.0,387,0.0,0.0,0.0,0.0,0.0
27.0,388,0.0,0.0,0.0,0.0,0.0
27.0,389,0.0,0.0,0.0,0.0,0.0
27.0,390,0.0,0.0,0.0,0.0,0.0
27.0,391,0.0,0.0,0.0,0.0,0.0
27.0,392,0.0,0.0,0.0,0.0,0.0
27.0,393,0.0,0.0,0.0,0.0,0.0
27.0,394,0.0,0.0,0.0,0.0,0.0
27.0,395,0.0,0.0,0.0,0.0,0.0
27.0,396,0.0,0.0,0.0,0.0,0.0
27.0,397,0.0,0.0,0.0,0.0,0.0
27.0,398,0.0,0.0,0.0,0.0,0.0
27.0,399,0.0,0.0,0.0,0.0,0.0
27.0,400,0.0,0.0,0.0,0.0,0.0
27.0,401,0.0,0.0,0.0,0.0,0.0
27.0,402,0.0,0.0,0.0,0.0,0.0
27.0,403,0.0,0.0,0.0,0.0,0.0
27.0,404,0.0,0.0,0.0,0.0,0.0
27.0,405,0.0,0.0,0.0,0.0,0.0
27.0,406,0.0,0.0,0.0,0.0,0.0
27.0,407,0.0,0.0,0.0,0.0,0.0
27.0,408,0.0,0.0,0.0,0.0,0.0
27.0,409,0.0,0.0,0.0,0.0,0.0
27.0,410,0.0,0.0,0.0,0.0,0.0
27.0,411,0.0,0.0,0.0,0.0,0.0
27.0,412,0.0,0.0,0.0,0.0,0.0
27.0,413,0.0,0.0,0.0,0.0,0.0
27.0,414,0.0,0.0,0.0,0.0,0.0
27.0,415,0.0,0.0,0.0,0.0,0.0
27.0,416,0.0,0.0,0.0,0.0,0.0
27.0,417,0.0,0.0,0.0,0.0,0.0
27.0,418,0.0,0.0,0.0,0.0,0.0
27.0,419,0.0,0.0,0.0,0.0,0.0
27.0,420,0.0,0.0,0.0,0.0,0.0
27.0,421,0.0,0.0,0.0,0.0,0.0
27.0,422,0.0,0.0,0.0,0.0,0.0
27.0,423,0.0,0.0,0.0,0.0,0.0
27.0,424,0.0,0.0,0.0,0.0,0.0
27.0,425,0.0,0.0,0.0,0.0,0.0
27.0,426,0.0,0.0,0.0,0.0,0.0
27.0,427,0.0,0.0,0.0,0.0,0.0
27.0,428,0.0,0.0,0.0,0.0,0.0
27.0,429,0.0,0.0,0.0,0.0,0.0
27.0,430,0.0,0.0,0.0,0.0,0.0
27.0,431,0.0,0.0,0.0,0.0,0.0
27.0,432,0.0,0.0,0.0,0.0,0.0
27.0,433,0.0,0.0,0.0,0.0,0.0
27.0,434,0.0,0.0,0.0,0.0,0.0
27.0,435,0.0,0.0,0.0,0.0,0.0
27.0,436,0.0,0.0,0.0,0.0,0.0
27.0,437,0.0,0.0,0.0,0.0,0.0
27.0,438,0.0,0.0,0.0,0.0,0.0
27.0,439,0.0,0.0,0.0,0.0,0.0
27.0,440,0.0,0.0,0.0,0.0,0.0
27.0,441,0.0,0.0,0.0,0.0,0.0
27.0,442,0.0,0.0,0.0,0.0,0.0
27.0,443,0.0,0.0,0.0,0.0,0.0
27.0,444,0.0,0.0,0.0,0.0,0.0
27.0,445,0.0,0.0,0.0,0.0,0.0
27.0,446,0.0,0.0,0.0,0.0,0.0
27.0,447,0.0,0.0,0.0,0.0,0.0
27.0,448,0.0,0.0,0.0,0.0,0.0
27.0,449,0.0,0.0,0.0,0.0,0.0
27.0,450,0.0,0.0,0.0,0.0,0.0
27.0,451,0.0,0.0,0.0,0.0,0.0
27.0,452,0.0,0.0,0.0,0.0,0.0
27.0,453,0.0,0.0,0.0,0.0,0.0
27.0,454,0.0,0.0,0.0,0.0,0.0
27.0,455,0.0,0.0,0.0,0.0,0.0
27.0,456,0.0,0.0,0.0,0.0,0.0
27.0,457,0.0,0.0,0.0,0.0,0.0
27.0,458,0.0,0.0,0.0,0.0,0.0
27.0,459,0.0,0.0,0.0,0.0,0.0
27.0,460,0.0,0.0,0.0,0.0,0.0
27.0,461,0.0,0.0,0.0,0.0,0.0
27.0,462,0.0,0.0,0.0,0.0,0.0
27.0,463,0.0,0.0,0.0,0.0,0.0
27.0,464,0.0,0.0,0.0,0.0,0.0
27.0,465,0.0,0.0,0.0,0.0,0.0
27.0,466,0.0,0.0,0.0,0.0,0.0
27.0,467,0.0,0.0,0.0,0.0,0.0
27.0,468,0.0,0.0,0.0,0.0,0.0
27.0,469,0.0,0.0,0.0,0.0,0.0
27.0,470,0.0,0.0,0.0,0.0,0.0
27.0,471,0.0,0.0,0.0,0.0,0.0
27.0,472,0.0,0.0,0.0,0.0,0.0
27.0,473,0.0,0.0,0.0,0.0,0.0
27.0,474,0.0,0.0,0.0,0.0,0.0
27.0,475,0.0,0.0,0.0,0.0,0.0
27.0,476,0.0,0.0,0.0,0.0,0.0
27.0,477,0.0,0.0,0.0,0.0,0.0
27.0,478,0.0,0.0,0.0,0.0,0.0
27.0,479,0.0,0.0,0.0,0.0,0.0
27.0,480,0.0,0.0,0.0,0.0,0.0
27.0,481,0.0,0.0,0.0,0.0,0.0
27.0,482,0.0,0.0,0.0,0.0,0.0
27.0,483,0.0,0.0,0.0,0.0,0.0
27.0,484,0.0,0.0,0.0,0.0,0.0
27.0,485,0.0,0.0,0.0,0.0,0.0
27.0,486,0.0,0.0,0.0,0.0,0.0
27.0,487,0.0,0.0,0.0,0.0,0.0
27.0,488,0.0,0.0,0.0,0.0,0.0
27.0,489,0.0,0.0,0.0,0.0,0.0
27.0,490,0.0,0.0,0.0,0.0,0.0
27.0,491,0.0,0.0,0.0,0.0,0.0
27.0,492,0.0,0.0,0.0,0.0,0.0
27.0,493,0.0,0.0,0.0,0.0,0.0
27.0,494,0.0,0.0,0.0,0.0,0.0
27.0,495,0.0,0.0,0.0,0.0,0.0
27.0,496,0.0,0.0,0.0,0.0,0.0
27.0,497,0.0,0.0,0.0,0.0,0.0
27.0,498,0.0,0.0,0.0,0.0,0.0
27.0,499,0.0,0.0,0.0,0.0,0.0
27.0,500,0.0,0.0,0.0,0.0,0.0
27.0,501,0.0,0.0,0.0,0.0,0.0
27.0,502,0.0,0.0,0.0,0.0,0.0
27.0,503,0.0,0.0,0.0,0.0,0.0
27.0,504,0.0,0.0,0.0,0.0,0.0
27.0,505,0.0,0.0,0.0,0.0,0.0
27.0,506,0.0,0.0,0.0,0.0,0.0
27.0,507,0.0,0.0,0.0,0.0,0.0
27.0,508,0.0,0.0,0.0,0.0,0.0
27.0,509,0.0,0.0,0.0,0.0,0.0
27.0,510,0.0,0.0,0.0,0.0,0.0
27.0,511,0.0,0.0,0.0,0.0,0.0
27.0,512,0.0,0.0,0.0,0.0,0.0
27.0,513,0.0,0.0,0.0,0.0,0.0
27.0,514,0.0,0.0,0.0,0.0,0.0
27.0,515,0.0,0.0,0.0,0.0,0.0
27.0,516,0.0,0.0,0.0,0.0,0.0
27.0,517,0.0,0.0,0.0,0.0,0.0
27.0,518,0.0,0.0,0.0,0.0,0.0
27.0,519,0.0,0.0,0.0,0.0,0.0
27.0,520,0.0,0.0,0.0,0.0,0.0
27.0,521,0.0,0.0,0.0,0.0,0.0
27.0,522,0.0,0.0,0.0,0.0,0.0
27.0,523,0.0,0.0,0.0,0.0,0.0
27.0,524,0.0,0.0,0.0,0.0,0.0
27.0,525,0.0,0.0,0.0,0.0,0.0
27.0,526,0.0,0.0,0.0,0.0,0.0
27.0,527,0.0,0.0,0.0,0.0,0.0
27.0,528,0.0,0.0,0.0,0.0,0.0
27.0,529,0.0,0.0,0.0,0.0,0.0
27.0,530,0.0,0.0,0.0,0.0,0.0
27.0,531,0.0,0.0,0.0,0.0,0.0
27.0,532,0.0,0.0,0.0,0.0,0.0
27.0,533,0.0,0.0,0.0,0.0,0.0
27.0,534,0.0,0.0,0.0,0.0,0.0
27.0,535,0.0,0.0,0.0,0.0,0.0
27.0,536,0.0,0.0,0.0,0.0,0.0
27.0,537,0.0,0.0,0.0,0.0,0.0
27.0,538,0.0,0.0,0.0,0.0,0.0
27.0,539,0.0,0.0,0.0,0.0,0.0
27.0,540,0.0,0.0,0.0,0.0,0.0
27.0,541,0.0,0.0,0.0,0.0,0.0
27.0,542,0.0,0.0,0.0,0.0,0.0
27.0,543,0.0,0.0,0.0,0.0,0.0
27.0,544,0.0,0.0,0.0,0.0,0.0
27.0,545,0.0,0.0,0.0,0.0,0.0
27.0,546,0.0,0.0,0.0,0.0,0.0
27.0,547,0.0,0.0,0.0,0.0,0.0
27.0,548,0.0,0.0,0.0,0.0,0.0
27.0,549,0.0,0.0,0.0,0.0,0.0
27.0,550,0.0,0.0,0.0,0.0,0.0
27.0,551,0.0,0.0,0.0,0.0,0.0
27.0,552,0.0,0.0,0.0,0.0,0.0
27.0,553,0.0,0.0,0.0,0.0,0.0
27.0,554,0.0,0.0,0.0,0.0,0.0
27.0,555,0.0,0.0,0.0,0.0,0.0
27.0,556,0.0,0.0,0.0,0.0,0.0
27.0,557,0.0,0.0,0.0,0.0,0.0
27.0,558,0.0,0.0,0.0,0.0,0.0
27.0,559,0.0,0.0,0.0,0.0,0.0
27.0,560,0.0,0.0,0.0,0.0,0.0
27.0,561,0.0,0.0,0.0,0.0,0.0
27.0,562,0.0,0.0,0.0,0.0,0.0
27.0,563,0.0,0.0,0.0,0.0,0.0
27.0,564,0.0,0.0,0.0,0.0,0.0
27.0,565,0.0,0.0,0.0,0.0,0.0
27.0,566,0.0,0.0,0.0,0.0,0.0
27.0,567,0.0,0.0,0.0,0.0,0.0
27.0,568,0.0,0.0,0.0,0.0,0.0
27.0,569,0.0,0.0,0.0,0.0,0.0
27.0,570,0.0,0.0,0.0,0.0,0.0
27.0,571,0.0,0.0,0.0,0.0,0.0
27.0,572,0.0,0.0,0.0,0.0,0.0
27.0,573,0.0,0.0,0.0,0.0,0.0
27.0,574,0.0,0.0,0.0,0.0,0.0
27.0,575,0.0,0.0,0.0,0.0,0.0
27.0,576,0.0,0.0,0.0,0.0,0.0
27.0,577,0.0,0.0,0.0,0.0,0.0
27.0,578,0.0,0.0,0.0,0.0,0.0
27.0,579,0.0,0.0,0.0,0.0,0.0
27.0,580,0.0,0.0,0.0,0.0,0.0
27.0,581,0.0,0.0,0.0,0.0,0.0
27.0,582,0.0,0.0,0.0,0.0,0.0
27.0,583,0.0,0.0,0.0,0.0,0.0
27.0,584,0.0,0.0,0.0,0.0,0.0
27.0,585,0.0,0.0,0.0,0.0,0.0
27.0,586,0.0,0.0,0.0,0.0,0.0
27.0,587,0.0,0.0,0.0,0.0,0.0
27.0,588,0.0,0.0,0.0,0.0,0.0
27.0,589,0.0,0.0,0.0,0.0,0.0
27.0,590,0.0,0.0,0.0,0.0,0.0
27.0,591,0.0,0.0,0.0,0.0,0.0
27.0,592,0.0,0.0,0.0,0.0,0.0
27.0,593,0.0,0.0,0.0,0.0,0.0
27.0,594,0.0,0.0,0.0,0.0,0.0
27.0,595,0.0,0.0,0.0,0.0,0.0
27.0,596,0.0,0.0,0.0,0.0,0.0
27.0,597,0.0,0.0,0.0,0.0,0.0
27.0,598,0.0,0.0,0.0,0.0,0.0
27.0,599,0.0,0.0,0.0,0.0,0.0
27.0,600,0.0,0.0,0.0,0.0,0.0
27.0,601,0.0,0.0,0.0,0.0,0.0
27.0,602,0.0,0.0,0.0,0.0,0.0
27.0,603,0.0,0.0,0.0,0.0,0.0
27.0,604,0.0,0.0,0.0,0.0,0.0
27.0,605,0.0,0.0,0.0,0.0,0.0
27.0,606,0.0,0.0,0.0,0.0,0.0
27.0,607,0.0,0.0,0.0,0.0,0.0
27.0,608,0.0,0.0,0.0,0.0,0.0
27.0,609,0.0,0.0,0.0,0.0,0.0
27.0,610,0.0,0.0,0.0,0.0,0.0
27.0,611,0.0,0.0,0.0,0.0,0.0
27.0,612,0.0,0.0,0.0,0.0,0.0
27.0,613,0.0,0.0,0.0,0.0,0.0
27.0,614,0.0,0.0,0.0,0.0,0.0
27.0,615,0.0,0.0,0.0,0.0,0.0
27.0,616,0.0,0.0,0.0,0.0,0.0
27.0,617,0.0,0.0,0.0,0.0,0.0
27.0,618,0.0,0.0,0.0,0.0,0.0
27.0,619,0.0,0.0,0.0,0.0,0.0
27.0,620,0.0,0.0,0.0,0.0,0.0
27.0,621,0.0,0.0,0.0,0.0,0.0
27.0,622,0.0,0.0,0.0,0.0,0.0
27.0,623,0.0,0.0,0.0,0.0,0.0
27.0,624,0.0,0.0,0.0,0.0,0.0
27.0,625,0.0,0.0,0.0,0.0,0.0
27.0,626,0.0,0.0,0.0,0.0,0.0
27.0,627,0.0,0.0,0.0,0.0,0.0
27.0,628,0.0,0.0,0.0,0.0,0.0
27.0,629,0.0,0.0,0.0,0.0,0.0
27.0,630,0.0,0.0,0.0,0.0,0.0
27.0,631,0.0,0.0,0.0,0.0,0.0
27.0,632,0.0,0.0,0.0,0.0,0.0
27.0,633,0.0,0.0,0.0,0.0,0.0
27.0,634,0.0,0.0,0.0,0.0,0.0
27.0,635,0.0,0.0,0.0,0.0,0.0
27.0,636,0.0,0.0,0.0,0.0,0.0
27.0,637,0.0,0.0,0.0,0.0,0.0
27.0,638,0.0,0.0,0.0,0.0,0.0
27.0,639,0.0,0.0,0.0,0.0,0.0
27.0,640,0.0,0.0,0.0,0.0,0.0
27.0,641,0.0,0.0,0.0,0.0,0.0
27.0,642,0.0,0.0,0.0,0.0,0.0
27.0,643,0.0,0.0,0.0,0.0,0.0
27.0,644,0.0,0.0,0.0,0.0,0.0
27.0,645,0.0,0.0,0.0,0.0,0.0
27.0,646,0.0,0.0,0.0,0.0,0.0
27.0,647,0.0,0.0,0.0,0.0,0.0
27.0,648,0.0,0.0,0.0,0.0,0.0
27.0,649,0.0,0.0,0.0,0.0,0.0
27.0,650,0.0,0.0,0.0,0.0,0.0
27.0,651,0.0,0.0,0.0,0.0,0.0
27.0,652,0.0,0.0,0.0,0.0,0.0
27.0,653,0.0,0.0,0.0,0.0,0.0
27.0,654,0.0,0.0,0.0,0.0,0.0
27.0,655,0.0,0.0,0.0,0.0,0.0
27.0,656,0.0,0.0,0.0,0.0,0.0
27.0,657,0.0,0.0,0.0,0.0,0.0
27.0,658,0.0,0.0,0.0,0.0,0.0
27.0,659,0.0,0.0,0.0,0.0,0.0
27.0,660,0.0,0.0,0.0,0.0,0.0
27.0,661,0.0,0.0,0.0,0.0,0.0
27.0,662,0.0,0.0,0.0,0.0,0.0
27.0,663,0.0,0.0,0.0,0.0,0.0
27.0,664,0.0,0.0,0.0,0.0,0.0
27.0,665,0.0,0.0,0.0,0.0,0.0
27.0,666,0.0,0.0,0.0,0.0,0.0
27.0,667,0.0,0.0,0.0,0.0,0.0
27.0,668,0.0,0.0,0.0,0.0,0.0
27.0,669,0.0,0.0,0.0,0.0,0.0
27.0,670,0.0,0.0,0.0,0.0,0.0
27.0,671,0.0,0.0,0.0,0.0,0.0
27.0,672,0.0,0.0,0.0,0.0,0.0
27.0,673,0.0,0.0,0.0,0.0,0.0
27.0,674,0.0,0.0,0.0,0.0,0.0
27.0,675,0.0,0.0,0.0,0.0,0.0
27.0,676,0.0,0.0,0.0,0.0,0.0
27.0,677,0.0,0.0,0.0,0.0,0.0
27.0,678,0.0,0.0,0.0,0.0,0.0
27.0,679,0.0,0.0,0.0,0.0,0.0
27.0,680,0.0,0.0,0.0,0.0,0.0
27.0,681,0.0,0.0,0.0,0.0,0.0
27.0,682,0.0,0.0,0.0,0.0,0.0
27.0,683,0.0,0.0,0.0,0.0,0.0
27.0,684,0.0,0.0,0.0,0.0,0.0
27.0,685,0.0,0.0,0.0,0.0,0.0
27.0,686,0.0,0.0,0.0,0.0,0.0
27.0,687,0.0,0.0,0.0,0.0,0.0
27.0,688,0.0,0.0,0.0,0.0,0.0
27.0,689,0.0,0.0,0.0,0.0,0.0
27.0,690,0.0,0.0,0.0,0.0,0.0
27.0,691,0.0,0.0,0.0,0.0,0.0
27.0,692,0.0,0.0,0.0,0.0,0.0
27.0,693,0.0,0.0,0.0,0.0,0.0
27.0,694,0.0,0.0,0.0,0.0,0.0
27.0,695,0.0,0.0,0.0,0.0,0.0
27.0,696,0.0,0.0,0.0,0.0,0.0
27.0,697,0.0,0.0,0.0,0.0,0.0
27.0,698,0.0,0.0,0.0,0.0,0.0
27.0,699,0.0,0.0,0.0,0.0,0.0
27.0,700,0.0,0.0,0.0,0.0,0.0
27.0,701,0.0,0.0,0.0,0.0,0.0
27.0,702,0.0,0.0,0.0,0.0,0.0
27.0,703,0.0,0.0,0.0,0.0,0.0
27.0,704,0.0,0.0,0.0,0.0,0.0
27.0,705,0.0,0.0,0.0,0.0,0.0
27.0,706,0.0,0.0,0.0,0.0,0.0
27.0,707,0.0,0.0,0.0,0.0,0.0
27.0,708,0.0,0.0,0.0,0.0,0.0
27.0,709,0.0,0.0,0.0,0.0,0.0
27.0,710,0.0,0.0,0.0,0.0,0.0
27.0,711,0.0,0.0,0.0,0.0,0.0
27.0,712,0.0,0.0,0.0,0.0,0.0
27.0,713,0.0,0.0,0.0,0.0,0.0
27.0,714,0.0,0.0,0.0,0.0,0.0
27.0,715,0.0,0.0,0.0,0.0,0.0
27.0,716,0.0,0.0,0.0,0.0,0.0
27.0,717,0.0,0.0,0.0,0.0,0.0
27.0,718,0.0,0.0,0.0,0.0,0.0
27.0,719,0.0,0.0,0.0,0.0,0.0
27.0,720,0.0,0.0,0.0,0.0,0.0
27.0,721,0.0,0.0,0.0,0.0,0.0
27.0,722,0.0,0.0,0.0,0.0,0.0
27.0,723,0.0,0.0,0.0,0.0,0.0
27.0,724,0.0,0.0,0.0,0.0,0.0
27.0,725,0.0,0.0,0.0,0.0,0.0
27.0,726,0.0,0.0,0.0,0.0,0.0
27.0,727,0.0,0.0,0.0,0.0,0.0
27.0,728,0.0,0.0,0.0,0.0,0.0
27.0,729,0.0,0.0,0.0,0.0,0.0
27.0,730,0.0,0.0,0.0,0.0,0.0
27.0,731,0.0,0.0,0.0,0.0,0.0
27.0,732,0.0,0.0,0.0,0.0,0.0
27.0,733,0.0,0.0,0.0,0.0,0.0
27.0,734,0.0,0.0,0.0,0.0,0.0
27.0,735,0.0,0.0,0.0,0.0,0.0
27.0,736,0.0,0.0,0.0,0.0,0.0
27.0,737,0.0,0.0,0.0,0.0,0.0
27.0,738,0.0,0.0,0.0,0.0,0.0
27.0,739,0.0,0.0,0.0,0.0,0.0
27.0,740,0.0,0.0,0.0,0.0,0.0
27.0,741,0.0,0.0,0.0,0.0,0.0
27.0,742,0.0,0.0,0.0,0.0,0.0
27.0,743,0.0,0.0,0.0,0.0,0.0
27.0,744,0.0,0.0,0.0,0.0,0.0
27.0,745,0.0,0.0,0.0,0.0,0.0
27.0,746,0.0,0.0,0.0,0.0,0.0
27.0,747,0.0,0.0,0.0,0.0,0.0
27.0,748,0.0,0.0,0.0,0.0,0.0
27.0,749,0.0,0.0,0.0,0.0,0.0
27.0,750,0.0,0.0,0.0,0.0,0.0
27.0,751,0.0,0.0,0.0,0.0,0.0
27.0,752,0.0,0.0,0.0,0.0,0.0
27.0,753,0.0,0.0,0.0,0.0,0.0
27.0,754,0.0,0.0,0.0,0.0,0.0
27.0,755,0.0,0.0,0.0,0.0,0.0
27.0,756,0.0,0.0,0.0,0.0,0.0
27.0,757,0.0,0.0,0.0,0.0,0.0
27.0,758,0.0,0.0,0.0,0.0,0.0
27.0,759,0.0,0.0,0.0,0.0,0.0
27.0,760,0.0,0.0,0.0,0.0,0.0
27.0,761,0.0,0.0,0.0,0.0,0.0
27.0,762,0.0,0.0,0.0,0.0,0.0
27.0,763,0.0,0.0,0.0,0.0,0.0
27.0,764,0.0,0.0,0.0,0.0,0.0
27.0,765,0.0,0.0,0.0,0.0,0.0
27.0,766,0.0,0.0,0.0,0.0,0.0
27.0,767,0.0,0.0,0.0,0.0,0.0
27.0,768,0.0,0.0,0.0,0.0,0.0
27.0,769,0.0,0.0,0.0,0.0,0.0
27.0,770,0.0,0.0,0.0,0.0,0.0
27.0,771,0.0,0.0,0.0,0.0,0.0
27.0,772,0.0,0.0,0.0,0.0,0.0
27.0,773,0.0,0.0,0.0,0.0,0.0
27.0,774,0.0,0.0,0.0,0.0,0.0
27.0,775,0.0,0.0,0.0,0.0,0.0
27.0,776,0.0,0.0,0.0,0.0,0.0
27.0,777,0.0,0.0,0.0,0.0,0.0
27.0,778,0.0,0.0,0.0,0.0,0.0
27.0,779,0.0,0.0,0.0,0.0,0.0
27.0,780,0.0,0.0,0.0,0.0,0.0
27.0,781,0.0,0.0,0.0,0.0,0.0
27.0,782,0.0,0.0,0.0,0.0,0.0
27.0,783,0.0,0.0,0.0,0.0,0.0
27.0,784,0.0,0.0,0.0,0.0,0.0
27.0,785,0.0,0.0,0.0,0.0,0.0
27.0,786,0.0,0.0,0.0,0.0,0.0
27.0,787,0.0,0.0,0.0,0.0,0.0
27.0,788,0.0,0.0,0.0,0.0,0.0
27.0,789,0.0,0.0,0.0,0.0,0.0
27.0,790,0.0,0.0,0.0,0.0,0.0
27.0,791,0.0,0.0,0.0,0.0,0.0
27.0,792,0.0,0.0,0.0,0.0,0.0
27.0,793,0.0,0.0,0.0,0.0,0.0
27.0,794,0.0,0.0,0.0,0.0,0.0
27.0,795,0.0,0.0,0.0,0.0,0.0
27.0,796,0.0,0.0,0.0,0.0,0.0
27.0,797,0.0,0.0,0.0,0.0,0.0
27.0,798,0.0,0.0,0.0,0.0,0.0
27.0,799,0.0,0.0,0.0,0.0,0.0
27.0,800,0.0,0.0,0.0,0.0,0.0
27.0,801,0.0,0.0,0.0,0.0,0.0
27.0,802,0.0,0.0,0.0,0.0,0.0
27.0,803,0.0,0.0,0.0,0.0,0.0
27.0,804,0.0,0.0,0.0,0.0,0.0
27.0,805,0.0,0.0,0.0,0.0,0.0
27.0,806,0.0,0.0,0.0,0.0,0.0
27.0,807,0.0,0.0,0.0,0.0,0.0
27.0,808,0.0,0.0,0.0,0.0,0.0
27.0,809,0.0,0.0,0.0,0.0,0.0
27.0,810,0.0,0.0,0.0,0.0,0.0
27.0,811,0.0,0.0,0.0,0.0,0.0
27.0,812,0.0,0.0,0.0,0.0,0.0
27.0,813,0.0,0.0,0.0,0.0,0.0
27.0,814,0.0,0.0,0.0,0.0,0.0
27.0,815,0.0,0.0,0.0,0.0,0.0
27.0,816,0.0,0.0,0.0,0.0,0.0
27.0,817,0.0,0.0,0.0,0.0,0.0
27.0,818,0.0,0.0,0.0,0.0,0.0
27.0,819,0.0,0.0,0.0,0.0,0.0
27.0,820,0.0,0.0,0.0,0.0,0.0
27.0,821,0.0,0.0,0.0,0.0,0.0
27.0,822,0.0,0.0,0.0,0.0,0.0
27.0,823,0.0,0.0,0.0,0.0,0.0
27.0,824,0.0,0.0,0.0,0.0,0.0
27.0,825,0.0,0.0,0.0,0.0,0.0
27.0,826,0.0,0.0,0.0,0.0,0.0
27.0,827,0.0,0.0,0.0,0.0,0.0
27.0,828,0.0,0.0,0.0,0.0,0.0
27.0,829,0.0,0.0,0.0,0.0,0.0
27.0,830,0.0,0.0,0.0,0.0,0.0
27.0,831,0.0,0.0,0.0,0.0,0.0
27.0,832,0.0,0.0,0.0,0.0,0.0
27.0,833,0.0,0.0,0.0,0.0,0.0
27.0,834,0.0,0.0,0.0,0.0,0.0
27.0,835,0.0,0.0,0.0,0.0,0.0
27.0,836,0.0,0.0,0.0,0.0,0.0
27.0,837,0.0,0.0,0.0,0.0,0.0
27.0,838,0.0,0.0,0.0,0.0,0.0
27.0,839,0.0,0.0,0.0,0.0,0.0
27.0,840,0.0,0.0,0.0,0.0,0.0
27.0,841,0.0,0.0,0.0,0.0,0.0
27.0,842,0.0,0.0,0.0,0.0,0.0
27.0,843,0.0,0.0,0.0,0.0,0.0
27.0,844,0.0,0.0,0.0,0.0,0.0
27.0,845,0.0,0.0,0.0,0.0,0.0
27.0,846,0.0,0.0,0.0,0.0,0.0
27.0,847,0.0,0.0,0.0,0.0,0.0
27.0,848,0.0,0.0,0.0,0.0,0.0
27.0,849,0.0,0.0,0.0,0.0,0.0
27.0,850,0.0,0.0,0.0,0.0,0.0
27.0,851,0.0,0.0,0.0,0.0,0.0
27.0,852,0.0,0.0,0.0,0.0,0.0
27.0,853,0.0,0.0,0.0,0.0,0.0
27.0,854,0.0,0.0,0.0,0.0,0.0
27.0,855,0.0,0.0,0.0,0.0,0.0
27.0,856,0.0,0.0,0.0,0.0,0.0
27.0,857,0.0,0.0,0.0,0.0,0.0
27.0,858,0.0,0.0,0.0,0.0,0.0
27.0,859,0.0,0.0,0.0,0.0,0.0
27.0,860,0.0,0.0,0.0,0.0,0.0
27.0,861,0.0,0.0,0.0,0.0,0.0
27.0,862,0.0,0.0,0.0,0.0,0.0
27.0,863,0.0,0.0,0.0,0.0,0.0
27.0,864,0.0,0.0,0.0,0.0,0.0
27.0,865,0.0,0.0,0.0,0.0,0.0
27.0,866,0.0,0.0,0.0,0.0,0.0
27.0,867,0.0,0.0,0.0,0.0,0.0
27.0,868,0.0,0.0,0.0,0.0,0.0
27.0,869,0.0,0.0,0.0,0.0,0.0
27.0,870,0.0,0.0,0.0,0.0,0.0
27.0,871,0.0,0.0,0.0,0.0,0.0
27.0,872,0.0,0.0,0.0,0.0,0.0
27.0,873,0.0,0.0,0.0,0.0,0.0
27.0,874,0.0,0.0,0.0,0.0,0.0
27.0,875,0.0,0.0,0.0,0.0,0.0
27.0,876,0.0,0.0,0.0,0.0,0.0
27.0,877,0.0,0.0,0.0,0.0,0.0
27.0,878,0.0,0.0,0.0,0.0,0.0
27.0,879,0.0,0.0,0.0,0.0,0.0
27.0,880,0.0,0.0,0.0,0.0,0.0
27.0,881,0.0,0.0,0.0,0.0,0.0
27.0,882,0.0,0.0,0.0,0.0,0.0
27.0,883,0.0,0.0,0.0,0.0,0.0
27.0,884,0.0,0.0,0.0,0.0,0.0
27.0,885,0.0,0.0,0.0,0.0,0.0
27.0,886,0.0,0.0,0.0,0.0,0.0
27.0,887,0.0,0.0,0.0,0.0,0.0
27.0,888,0.0,0.0,0.0,0.0,0.0
27.0,889,0.0,0.0,0.0,0.0,0.0
27.0,890,0.0,0.0,0.0,0.0,0.0
27.0,891,0.0,0.0,0.0,0.0,0.0
27.0,892,0.0,0.0,0.0,0.0,0.0
27.0,893,0.0,0.0,0.0,0.0,0.0
27.0,894,0.0,0.0,0.0,0.0,0.0
27.0,895,0.0,0.0,0.0,0.0,0.0
27.0,896,0.0,0.0,0.0,0.0,0.0
27.0,897,0.0,0.0,0.0,0.0,0.0
27.0,898,0.0,0.0,0.0,0.0,0.0
27.0,899,0.0,0.0,0.0,0.0,0.0
27.0,900,0.0,0.0,0.0,0.0,0.0
27.0,901,0.0,0.0,0.0,0.0,0.0
27.0,902,0.0,0.0,0.0,0.0,0.0
27.0,903,0.0,0.0,0.0,0.0,0.0
27.0,904,0.0,0.0,0.0,0.0,0.0
27.0,905,0.0,0.0,0.0,0.0,0.0
27.0,906,0.0,0.0,0.0,0.0,0.0
27.0,907,0.0,0.0,0.0,0.0,0.0
27.0,908,0.0,0.0,0.0,0.0,0.0
27.0,909,0.0,0.0,0.0,0.0,0.0
27.0,910,0.0,0.0,0.0,0.0,0.0
27.0,911,0.0,0.0,0.0,0.0,0.0
27.0,912,0.0,0.0,0.0,0.0,0.0
27.0,913,0.0,0.0,0.0,0.0,0.0
27.0,914,0.0,0.0,0.0,0.0,0.0
27.0,915,0.0,0.0,0.0,0.0,0.0
27.0,916,0.0,0.0,0.0,0.0,0.0
27.0,917,0.0,0.0,0.0,0.0,0.0
27.0,918,0.0,0.0,0.0,0.0,0.0
27.0,919,0.0,0.0,0.0,0.0,0.0
27.0,920,0.0,0.0,0.0,0.0,0.0
27.0,921,0.0,0.0,0.0,0.0,0.0
27.0,922,0.0,0.0,0.0,0.0,0.0
27.0,923,0.0,0.0,0.0,0.0,0.0
27.0,924,0.0,0.0,0.0,0.0,0.0
27.0,925,0.0,0.0,0.0,0.0,0.0
27.0,926,0.0,0.0,0.0,0.0,0.0
27.0,927,0.0,0.0,0.0,0.0,0.0
27.0,928,0.0,0.0,0.0,0.0,0.0
27.0,929,0.0,0.0,0.0,0.0,0.0
27.0,930,0.0,0.0,0.0,0.0,0.0
27.0,931,0.0,0.0,0.0,0.0,0.0
27.0,932,0.0,0.0,0.0,0.0,0.0
27.0,933,0.0,0.0,0.0,0.0,0.0
27.0,934,0.0,0.0,0.0,0.0,0.0
27.0,935,0.0,0.0,0.0,0.0,0.0
27.0,936,0.0,0.0,0.0,0.0,0.0
27.0,937,0.0,0.0,0.0,0.0,0.0
27.0,938,0.0,0.0,0.0,0.0,0.0
27.0,939,0.0,0.0,0.0,0.0,0.0
27.0,940,0.0,0.0,0.0,0.0,0.0
27.0,941,0.0,0.0,0.0,0.0,0.0
27.0,942,0.0,0.0,0.0,0.0,0.0
27.0,943,0.0,0.0,0.0,0.0,0.0
27.0,944,0.0,0.0,0.0,0.0,0.0
27.0,945,0.0,0.0,0.0,0.0,0.0
27.0,946,0.0,0.0,0.0,0.0,0.0
27.0,947,0.0,0.0,0.0,0.0,0.0
27.0,948,0.0,0.0,0.0,0.0,0.0
27.0,949,0.0,0.0,0.0,0.0,0.0
27.0,950,0.0,0.0,0.0,0.0,0.0
27.0,951,0.0,0.0,0.0,0.0,0.0
27.0,952,0.0,0.0,0.0,0.0,0.0
27.0,953,0.0,0.0,0.0,0.0,0.0
27.0,954,0.0,0.0,0.0,0.0,0.0
27.0,955,0.0,0.0,0.0,0.0,0.0
27.0,956,0.0,0.0,0.0,0.0,0.0
27.0,957,0.0,0.0,0.0,0.0,0.0
27.0,958,0.0,0.0,0.0,0.0,0.0
27.0,959,0.0,0.0,0.0,0.0,0.0
27.0,960,0.0,0.0,0.0,0.0,0.0
27.0,961,0.0,0.0,0.0,0.0,0.0
27.0,962,0.0,0.0,0.0,0.0,0.0
27.0,963,0.0,0.0,0.0,0.0,0.0
27.0,964,0.0,0.0,0.0,0.0,0.0
27.0,965,0.0,0.0,0.0,0.0,0.0
27.0,966,0.0,0.0,0.0,0.0,0.0
27.0,967,0.0,0.0,0.0,0.0,0.0
27.0,968,0.0,0.0,0.0,0.0,0.0
27.0,969,0.0,0.0,0.0,0.0,0.0
27.0,970,0.0,0.0,0.0,0.0,0.0
27.0,971,0.0,0.0,0.0,0.0,0.0
27.0,972,0.0,0.0,0.0,0.0,0.0
27.0,973,0.0,0.0,0.0,0.0,0.0
27.0,974,0.0,0.0,0.0,0.0,0.0
27.0,975,0.0,0.0,0.0,0.0,0.0
27.0,976,0.0,0.0,0.0,0.0,0.0
27.0,977,0.0,0.0,0.0,0.0,0.0
27.0,978,0.0,0.0,0.0,0.0,0.0
27.0,979,0.0,0.0,0.0,0.0,0.0
27.0,980,0.0,0.0,0.0,0.0,0.0
27.0,981,0.0,0.0,0.0,0.0,0.0
27.0,982,0.0,0.0,0.0,0.0,0.0
27.0,983,0.0,0.0,0.0,0.0,0.0
27.0,984,0.0,0.0,0.0,0.0,0.0
27.0,985,0.0,0.0,0.0,0.0,0.0
27.0,986,0.0,0.0,0.0,0.0,0.0
27.0,987,0.0,0.0,0.0,0.0,0.0
27.0,988,0.0,0.0,0.0,0.0,0.0
27.0,989,0.0,0.0,0.0,0.0,0.0
27.0,990,0.0,0.0,0.0,0.0,0.0
27.0,991,0.0,0.0,0.0,0.0,0.0
27.0,992,0.0,0.0,0.0,0.0,0.0
27.0,993,0.0,0.0,0.0,0.0,0.0
27.0,994,0.0,0.0,0.0,0.0,0.0
27.0,995,0.0,0.0,0.0,0.0,0.0
27.0,996,0.0,0.0,0.0,0.0,0.0
27.0,997,0.0,0.0,0.0,0.0,0.0
27.0,998,0.0,0.0,0.0,0.0,0.0
27.0,999,0.0,0.0,0.0,0.0,0.0
27.0,1000,0.0,0.0,0.0,0.0,0.0
28.0,1,1.3333333333333333,0.0,0.0,0.0,0.0
28.0,2,1.0,0.6666666666666666,1.3333333333333333,1.3333333333333333,4.0
28.0,3,0.0,0.0,0.0,0.0,0.0
28.0,4,1.0,0.0,0.0,0.0,0.0
28.0,5,0.0,0.0,0.0,0.0,0.0
28.0,6,0.0,0.0,0.0,0.0,0.0
28.0,7,1.0,1.0,1.0,1.0,4.666666666666667
28.0,8,0.0,0.0,0.0,0.0,0.0
28.0,9,1.0,1.0,1.0,1.6666666666666667,4.333333333333333
28.0,10,0.0,0.0,0.0,0.0,0.0
28.0,11,1.0,1.0,1.0,1.3333333333333333,4.333333333333333
28.0,12,1.0,1.0,1.3333333333333333,2.0,5.666666666666667
28.0,13,1.0,1.0,1.0,1.6666666666666667,4.333333333333333
28.0,14,1.0,1.0,1.3333333333333333,1.6666666666666667,5.0
28.0,15,1.0,0.0,0.0,0.0,0.0
28.0,16,1.0,0.6666666666666666,0.0,0.0,0.0
28.0,17,1.0,1.0,1.0,1.6666666666666667,5.333333333333333
28.0,18,1.0,0.6666666666666666,1.3333333333333333,2.0,5.0
28.0,19,0.0,0.0,0.0,0.0,0.0
28.0,20,0.0,0.0,0.0,0.0,0.0
28.0,21,0.0,0.0,0.0,0.0,0.0
28.0,22,1.0,1.0,1.0,1.6666666666666667,5.333333333333333
28.0,23,0.3333333333333333,0.6666666666666666,1.0,1.3333333333333333,5.333333333333333
28.0,24,1.0,0.6666666666666666,1.3333333333333333,1.3333333333333333,5.666666666666667
28.0,25,1.0,0.6666666666666666,0.0,0.0,0.0
28.0,26,1.0,1.0,1.0,2.0,6.0
28.0,27,0.0,0.0,0.0,0.0,0.0
28.0,28,1.0,0.6666666666666666,1.3333333333333333,1.0,5.0
28.0,29,0.0,0.0,0.0,0.0,0.0
28.0,30,1.0,0.6666666666666666,1.3333333333333333,1.3333333333333333,4.666666666666667
28.0,31,1.0,0.6666666666666666,1.0,1.3333333333333333,5.0
28.0,32,0.0,0.0,0.0,0.0,0.0
28.0,33,0.6666666666666666,0.0,0.0,0.0,0.0
28.0,34,1.0,0.0,0.0,0.0,0.0
28.0,35,1.0,0.6666666666666666,1.0,1.3333333333333333,5.0
28.0,36,0.3333333333333333,0.6666666666666666,1.3333333333333333,1.3333333333333333,5.333333333333333
28.0,37,0.0,0.0,0.0,0.0,0.0
28.0,38,1.0,0.6666666666666666,1.3333333333333333,1.6666666666666667,5.333333333333333
28.0,39,0.3333333333333333,1.0,1.3333333333333333,1.3333333333333333,4.666666666666667
28.0,40,0.6666666666666666,0.6666666666666666,1.3333333333333333,1.6666666666666667,4.666666666666667
28.0,41,0.0,0.0,0.0,0.0,0.0
28.0,42,1.0,1.0,1.0,1.0,5.0
28.0,43,1.0,1.0,1.0,0.0,0.0
28.0,44,1.0,1.0,1.0,1.0,4.666666666666667
28.0,45,1.0,0.6666666666666666,1.3333333333333333,1.3333333333333333,5.666666666666667
28.0,46,1.0,1.0,0.6666666666666666,1.3333333333333333,5.0
28.0,47,1.0,0.6666666666666666,1.3333333333333333,1.0,5.0
28.0,48,1.0,1.0,1.0,1.0,5.0
28.0,49,0.0,0.0,0.0,0.0,0.0
28.0,50,0.0,0.0,0.0,0.0,0.0
28.0,51,0.0,0.0,0.0,0.0,0.0
28.0,52,0.0,0.0,0.0,0.0,0.0
28.0,53,0.0,0.0,0.0,0.0,0.0
28.0,54,0.0,0.0,0.0,0.0,0.0
28.0,55,0.0,0.0,0.0,0.0,0.0
28.0,56,0.0,0.0,0.0,0.0,0.0
28.0,57,0.0,0.0,0.0,0.0,0.0
28.0,58,0.0,0.0,0.0,0.0,0.0
28.0,59,0.0,0.0,0.0,0.0,0.0
28.0,60,0.0,0.0,0.0,0.0,0.0
28.0,61,0.0,0.0,0.0,0.0,0.0
28.0,62,0.0,0.0,0.0,0.0,0.0
28.0,63,0.0,0.0,0.0,0.0,0.0
28.0,64,0.0,0.0,0.0,0.0,0.0
28.0,65,0.0,0.0,0.0,0.0,0.0
28.0,66,0.0,0.0,0.0,0.0,0.0
28.0,67,0.0,0.0,0.0,0.0,0.0
28.0,68,0.0,0.0,0.0,0.0,0.0
28.0,69,0.0,0.0,0.0,0.0,0.0
28.0,70,0.0,0.0,0.0,0.0,0.0
28.0,71,0.0,0.0,0.0,0.0,0.0
28.0,72,0.0,0.0,0.0,0.0,0.0
28.0,73,0.0,0.0,0.0,0.0,0.0
28.0,74,0.0,0.0,0.0,0.0,0.0
28.0,75,0.0,0.0,0.0,0.0,0.0
28.0,76,0.0,0.0,0.0,0.0,0.0
28.0,77,0.0,0.0,0.0,0.0,0.0
28.0,78,0.0,0.0,0.0,0.0,0.0
28.0,79,0.0,0.0,0.0,0.0,0.0
28.0,80,0.0,0.0,0.0,0.0,0.0
28.0,81,0.0,0.0,0.0,0.0,0.0
28.0,82,0.0,0.0,0.0,0.0,0.0
28.0,83,0.0,0.0,0.0,0.0,0.0
28.0,84,0.0,0.0,0.0,0.0,0.0
28.0,85,0.0,0.0,0.0,0.0,0.0
28.0,86,0.0,0.0,0.0,0.0,0.0
28.0,87,0.0,0.0,0.0,0.0,0.0
28.0,88,0.0,0.0,0.0,0.0,0.0
28.0,89,0.0,0.0,0.0,0.0,0.0
28.0,90,0.0,0.0,0.0,0.0,0.0
28.0,91,0.0,0.0,0.0,0.0,0.0
28.0,92,0.0,0.0,0.0,0.0,0.0
28.0,93,0.0,0.0,0.0,0.0,0.0
28.0,94,0.0,0.0,0.0,0.0,0.0
28.0,95,0.0,0.0,0.0,0.0,0.0
28.0,96,0.0,0.0,0.0,0.0,0.0
28.0,97,0.0,0.0,0.0,0.0,0.0
28.0,98,0.0,0.0,0.0,0.0,0.0
28.0,99,0.0,0.0,0.0,0.0,0.0
28.0,100,0.0,0.0,0.0,0.0,0.0
28.0,101,0.0,0.0,0.0,0.0,0.0
28.0,102,0.0,0.0,0.0,0.0,0.0
28.0,103,0.0,0.0,0.0,0.0,0.0
28.0,104,0.0,0.0,0.0,0.0,0.0
28.0,105,0.0,0.0,0.0,0.0,0.0
28.0,106,0.0,0.0,0.0,0.0,0.0
28.0,107,0.0,0.0,0.0,0.0,0.0
28.0,108,0.0,0.0,0.0,0.0,0.0
28.0,109,0.0,0.0,0.0,0.0,0.0
28.0,110,0.0,0.0,0.0,0.0,0.0
28.0,111,0.0,0.0,0.0,0.0,0.0
28.0,112,0.0,0.0,0.0,0.0,0.0
28.0,113,0.0,0.0,0.0,0.0,0.0
28.0,114,0.0,0.0,0.0,0.0,0.0
28.0,115,0.0,0.0,0.0,0.0,0.0
28.0,116,0.0,0.0,0.0,0.0,0.0
28.0,117,0.0,0.0,0.0,0.0,0.0
28.0,118,0.0,0.0,0.0,0.0,0.0
28.0,119,0.0,0.0,0.0,0.0,0.0
28.0,120,0.0,0.0,0.0,0.0,0.0
28.0,121,0.0,0.0,0.0,0.0,0.0
28.0,122,0.0,0.0,0.0,0.0,0.0
28.0,123,0.0,0.0,0.0,0.0,0.0
28.0,124,0.0,0.0,0.0,0.0,0.0
28.0,125,0.0,0.0,0.0,0.0,0.0
28.0,126,0.0,0.0,0.0,0.0,0.0
28.0,127,0.0,0.0,0.0,0.0,0.0
28.0,128,0.0,0.0,0.0,0.0,0.0
28.0,129,0.0,0.0,0.0,0.0,0.0
28.0,130,0.0,0.0,0.0,0.0,0.0
28.0,131,0.0,0.0,0.0,0.0,0.0
28.0,132,0.0,0.0,0.0,0.0,0.0
28.0,133,0.0,0.0,0.0,0.0,0.0
28.0,134,0.0,0.0,0.0,0.0,0.0
28.0,135,0.0,0.0,0.0,0.0,0.0
28.0,136,0.0,0.0,0.0,0.0,0.0
28.0,137,0.0,0.0,0.0,0.0,0.0
28.0,138,0.0,0.0,0.0,0.0,0.0
28.0,139,0.0,0.0,0.0,0.0,0.0
28.0,140,0.0,0.0,0.0,0.0,0.0
28.0,141,0.0,0.0,0.0,0.0,0.0
28.0,142,0.0,0.0,0.0,0.0,0.0
28.0,143,0.0,0.0,0.0,0.0,0.0
28.0,144,0.0,0.0,0.0,0.0,0.0
28.0,145,0.0,0.0,0.0,0.0,0.0
28.0,146,0.0,0.0,0.0,0.0,0.0
28.0,147,0.0,0.0,0.0,0.0,0.0
28.0,148,0.0,0.0,0.0,0.0,0.0
28.0,149,0.0,0.0,0.0,0.0,0.0
28.0,150,0.0,0.0,0.0,0.0,0.0
28.0,151,0.0,0.0,0.0,0.0,0.0
28.0,152,0.0,0.0,0.0,0.0,0.0
28.0,153,0.0,0.0,0.0,0.0,0.0
28.0,154,0.0,0.0,0.0,0.0,0.0
28.0,155,0.0,0.0,0.0,0.0,0.0
28.0,156,0.0,0.0,0.0,0.0,0.0
28.0,157,0.0,0.0,0.0,0.0,0.0
28.0,158,0.0,0.0,0.0,0.0,0.0
28.0,159,0.0,0.0,0.0,0.0,0.0
28.0,160,0.0,0.0,0.0,0.0,0.0
28.0,161,0.0,0.0,0.0,0.0,0.0
28.0,162,0.0,0.0,0.0,0.0,0.0
28.0,163,0.0,0.0,0.0,0.0,0.0
28.0,164,0.0,0.0,0.0,0.0,0.0
28.0,165,0.0,0.0,0.0,0.0,0.0
28.0,166,0.0,0.0,0.0,0.0,0.0
28.0,167,0.0,0.0,0.0,0.0,0.0
28.0,168,0.0,0.0,0.0,0.0,0.0
28.0,169,0.0,0.0,0.0,0.0,0.0
28.0,170,0.0,0.0,0.0,0.0,0.0
28.0,171,0.0,0.0,0.0,0.0,0.0
28.0,172,0.0,0.0,0.0,0.0,0.0
28.0,173,0.0,0.0,0.0,0.0,0.0
28.0,174,0.0,0.0,0.0,0.0,0.0
28.0,175,0.0,0.0,0.0,0.0,0.0
28.0,176,0.0,0.0,0.0,0.0,0.0
28.0,177,0.0,0.0,0.0,0.0,0.0
28.0,178,0.0,0.0,0.0,0.0,0.0
28.0,179,0.0,0.0,0.0,0.0,0.0
28.0,180,0.0,0.0,0.0,0.0,0.0
28.0,181,0.0,0.0,0.0,0.0,0.0
28.0,182,0.0,0.0,0.0,0.0,0.0
28.0,183,0.0,0.0,0.0,0.0,0.0
28.0,184,0.0,0.0,0.0,0.0,0.0
28.0,185,0.0,0.0,0.0,0.0,0.0
28.0,186,0.0,0.0,0.0,0.0,0.0
28.0,187,0.0,0.0,0.0,0.0,0.0
28.0,188,0.0,0.0,0.0,0.0,0.0
28.0,189,0.0,0.0,0.0,0.0,0.0
28.0,190,0.0,0.0,0.0,0.0,0.0
28.0,191,0.0,0.0,0.0,0.0,0.0
28.0,192,0.0,0.0,0.0,0.0,0.0
28.0,193,0.0,0.0,0.0,0.0,0.0
28.0,194,0.0,0.0,0.0,0.0,0.0
28.0,195,0.0,0.0,0.0,0.0,0.0
28.0,196,0.0,0.0,0.0,0.0,0.0
28.0,197,0.0,0.0,0.0,0.0,0.0
28.0,198,0.0,0.0,0.0,0.0,0.0
28.0,199,0.0,0.0,0.0,0.0,0.0
28.0,200,0.0,0.0,0.0,0.0,0.0
28.0,201,0.0,0.0,0.0,0.0,0.0
28.0,202,0.0,0.0,0.0,0.0,0.0
28.0,203,0.0,0.0,0.0,0.0,0.0
28.0,204,0.0,0.0,0.0,0.0,0.0
28.0,205,0.0,0.0,0.0,0.0,0.0
28.0,206,0.0,0.0,0.0,0.0,0.0
28.0,207,0.0,0.0,0.0,0.0,0.0
28.0,208,0.0,0.0,0.0,0.0,0.0
28.0,209,0.0,0.0,0.0,0.0,0.0
28.0,210,0.0,0.0,0.0,0.0,0.0
28.0,211,0.0,0.0,0.0,0.0,0.0
28.0,212,0.0,0.0,0.0,0.0,0.0
28.0,213,0.0,0.0,0.0,0.0,0.0
28.0,214,0.0,0.0,0.0,0.0,0.0
28.0,215,0.0,0.0,0.0,0.0,0.0
28.0,216,0.0,0.0,0.0,0.0,0.0
28.0,217,0.0,0.0,0.0,0.0,0.0
28.0,218,0.0,0.0,0.0,0.0,0.0
28.0,219,0.0,0.0,0.0,0.0,0.0
28.0,220,0.0,0.0,0.0,0.0,0.0
28.0,221,0.0,0.0,0.0,0.0,0.0
28.0,222,0.0,0.0,0.0,0.0,0.0
28.0,223,0.0,0.0,0.0,0.0,0.0
28.0,224,0.0,0.0,0.0,0.0,0.0
28.0,225,0.0,0.0,0.0,0.0,0.0
28.0,226,0.0,0.0,0.0,0.0,0.0
28.0,227,0.0,0.0,0.0,0.0,0.0
28.0,228,0.0,0.0,0.0,0.0,0.0
28.0,229,0.0,0.0,0.0,0.0,0.0
28.0,230,0.0,0.0,0.0,0.0,0.0
28.0,231,0.0,0.0,0.0,0.0,0.0
28.0,232,0.0,0.0,0.0,0.0,0.0
28.0,233,0.0,0.0,0.0,0.0,0.0
28.0,234,0.0,0.0,0.0,0.0,0.0
28.0,235,0.0,0.0,0.0,0.0,0.0
28.0,236,0.0,0.0,0.0,0.0,0.0
28.0,237,0.0,0.0,0.0,0.0,0.0
28.0,238,0.0,0.0,0.0,0.0,0.0
28.0,239,0.0,0.0,0.0,0.0,0.0
28.0,240,0.0,0.0,0.0,0.0,0.0
28.0,241,0.0,0.0,0.0,0.0,0.0
28.0,242,0.0,0.0,0.0,0.0,0.0
28.0,243,0.0,0.0,0.0,0.0,0.0
28.0,244,0.0,0.0,0.0,0.0,0.0
28.0,245,0.0,0.0,0.0,0.0,0.0
28.0,246,0.0,0.0,0.0,0.0,0.0
28.0,247,0.0,0.0,0.0,0.0,0.0
28.0,248,0.0,0.0,0.0,0.0,0.0
28.0,249,0.0,0.0,0.0,0.0,0.0
28.0,250,0.0,0.0,0.0,0.0,0.0
28.0,251,0.0,0.0,0.0,0.0,0.0
28.0,252,0.0,0.0,0.0,0.0,0.0
28.0,253,0.0,0.0,0.0,0.0,0.0
28.0,254,0.0,0.0,0.0,0.0,0.0
28.0,255,0.0,0.0,0.0,0.0,0.0
28.0,256,0.0,0.0,0.0,0.0,0.0
28.0,257,0.0,0.0,0.0,0.0,0.0
28.0,258,0.0,0.0,0.0,0.0,0.0
28.0,259,0.0,0.0,0.0,0.0,0.0
28.0,260,0.0,0.0,0.0,0.0,0.0
28.0,261,0.0,0.0,0.0,0.0,0.0
28.0,262,0.0,0.0,0.0,0.0,0.0
28.0,263,0.0,0.0,0.0,0.0,0.0
28.0,264,0.0,0.0,0.0,0.0,0.0
28.0,265,0.0,0.0,0.0,0.0,0.0
28.0,266,0.0,0.0,0.0,0.0,0.0
28.0,267,0.0,0.0,0.0,0.0,0.0
28.0,268,0.0,0.0,0.0,0.0,0.0
28.0,269,0.0,0.0,0.0,0.0,0.0
28.0,270,0.0,0.0,0.0,0.0,0.0
28.0,271,0.0,0.0,0.0,0.0,0.0
28.0,272,0.0,0.0,0.0,0.0,0.0
28.0,273,0.0,0.0,0.0,0.0,0.0
28.0,274,0.0,0.0,0.0,0.0,0.0
28.0,275,0.0,0.0,0.0,0.0,0.0
28.0,276,0.0,0.0,0.0,0.0,0.0
28.0,277,0.0,0.0,0.0,0.0,0.0
28.0,278,0.0,0.0,0.0,0.0,0.0
28.0,279,0.0,0.0,0.0,0.0,0.0
28.0,280,0.0,0.0,0.0,0.0,0.0
28.0,281,0.0,0.0,0.0,0.0,0.0
28.0,282,0.0,0.0,0.0,0.0,0.0
28.0,283,0.0,0.0,0.0,0.0,0.0
28.0,284,0.0,0.0,0.0,0.0,0.0
28.0,285,0.0,0.0,0.0,0.0,0.0
28.0,286,0.0,0.0,0.0,0.0,0.0
28.0,287,0.0,0.0,0.0,0.0,0.0
28.0,288,0.0,0.0,0.0,0.0,0.0
28.0,289,0.0,0.0,0.0,0.0,0.0
28.0,290,0.0,0.0,0.0,0.0,0.0
28.0,291,0.0,0.0,0.0,0.0,0.0
28.0,292,0.0,0.0,0.0,0.0,0.0
28.0,293,0.0,0.0,0.0,0.0,0.0
28.0,294,0.0,0.0,0.0,0.0,0.0
28.0,295,0.0,0.0,0.0,0.0,0.0
28.0,296,0.0,0.0,0.0,0.0,0.0
28.0,297,0.0,0.0,0.0,0.0,0.0
28.0,298,0.0,0.0,0.0,0.0,0.0
28.0,299,0.0,0.0,0.0,0.0,0.0
28.0,300,0.0,0.0,0.0,0.0,0.0
28.0,301,0.0,0.0,0.0,0.0,0.0
28.0,302,0.0,0.0,0.0,0.0,0.0
28.0,303,0.0,0.0,0.0,0.0,0.0
28.0,304,0.0,0.0,0.0,0.0,0.0
28.0,305,0.0,0.0,0.0,0.0,0.0
28.0,306,0.0,0.0,0.0,0.0,0.0
28.0,307,0.0,0.0,0.0,0.0,0.0
28.0,308,0.0,0.0,0.0,0.0,0.0
28.0,309,0.0,0.0,0.0,0.0,0.0
28.0,310,0.0,0.0,0.0,0.0,0.0
28.0,311,0.0,0.0,0.0,0.0,0.0
28.0,312,0.0,0.0,0.0,0.0,0.0
28.0,313,0.0,0.0,0.0,0.0,0.0
28.0,314,0.0,0.0,0.0,0.0,0.0
28.0,315,0.0,0.0,0.0,0.0,0.0
28.0,316,0.0,0.0,0.0,0.0,0.0
28.0,317,0.0,0.0,0.0,0.0,0.0
28.0,318,0.0,0.0,0.0,0.0,0.0
28.0,319,0.0,0.0,0.0,0.0,0.0
28.0,320,0.0,0.0,0.0,0.0,0.0
28.0,321,0.0,0.0,0.0,0.0,0.0
28.0,322,0.0,0.0,0.0,0.0,0.0
28.0,323,0.0,0.0,0.0,0.0,0.0
28.0,324,0.0,0.0,0.0,0.0,0.0
28.0,325,0.0,0.0,0.0,0.0,0.0
28.0,326,0.0,0.0,0.0,0.0,0.0
28.0,327,0.0,0.0,0.0,0.0,0.0
28.0,328,0.0,0.0,0.0,0.0,0.0
28.0,329,0.0,0.0,0.0,0.0,0.0
28.0,330,0.0,0.0,0.0,0.0,0.0
28.0,331,0.0,0.0,0.0,0.0,0.0
28.0,332,0.0,0.0,0.0,0.0,0.0
28.0,333,0.0,0.0,0.0,0.0,0.0
28.0,334,0.0,0.0,0.0,0.0,0.0
28.0,335,0.0,0.0,0.0,0.0,0.0
28.0,336,0.0,0.0,0.0,0.0,0.0
28.0,337,0.0,0.0,0.0,0.0,0.0
28.0,338,0.0,0.0,0.0,0.0,0.0
28.0,339,0.0,0.0,0.0,0.0,0.0
28.0,340,0.0,0.0,0.0,0.0,0.0
28.0,341,0.0,0.0,0.0,0.0,0.0
28.0,342,0.0,0.0,0.0,0.0,0.0
28.0,343,0.0,0.0,0.0,0.0,0.0
28.0,344,0.0,0.0,0.0,0.0,0.0
28.0,345,0.0,0.0,0.0,0.0,0.0
28.0,346,0.0,0.0,0.0,0.0,0.0
28.0,347,0.0,0.0,0.0,0.0,0.0
28.0,348,0.0,0.0,0.0,0.0,0.0
28.0,349,0.0,0.0,0.0,0.0,0.0
28.0,350,0.0,0.0,0.0,0.0,0.0
28.0,351,0.0,0.0,0.0,0.0,0.0
28.0,352,0.0,0.0,0.0,0.0,0.0
28.0,353,0.0,0.0,0.0,0.0,0.0
28.0,354,0.0,0.0,0.0,0.0,0.0
28.0,355,0.0,0.0,0.0,0.0,0.0
28.0,356,0.0,0.0,0.0,0.0,0.0
28.0,357,0.0,0.0,0.0,0.0,0.0
28.0,358,0.0,0.0,0.0,0.0,0.0
28.0,359,0.0,0.0,0.0,0.0,0.0
28.0,360,0.0,0.0,0.0,0.0,0.0
28.0,361,0.0,0.0,0.0,0.0,0.0
28.0,362,0.0,0.0,0.0,0.0,0.0
28.0,363,0.0,0.0,0.0,0.0,0.0
28.0,364,0.0,0.0,0.0,0.0,0.0
28.0,365,0.0,0.0,0.0,0.0,0.0
28.0,366,0.0,0.0,0.0,0.0,0.0
28.0,367,0.0,0.0,0.0,0.0,0.0
28.0,368,0.0,0.0,0.0,0.0,0.0
28.0,369,0.0,0.0,0.0,0.0,0.0
28.0,370,0.0,0.0,0.0,0.0,0.0
28.0,371,0.0,0.0,0.0,0.0,0.0
28.0,372,0.0,0.0,0.0,0.0,0.0
28.0,373,0.0,0.0,0.0,0.0,0.0
28.0,374,0.0,0.0,0.0,0.0,0.0
28.0,375,0.0,0.0,0.0,0.0,0.0
28.0,376,0.0,0.0,0.0,0.0,0.0
28.0,377,0.0,0.0,0.0,0.0,0.0
28.0,378,0.0,0.0,0.0,0.0,0.0
28.0,379,0.0,0.0,0.0,0.0,0.0
28.0,380,0.0,0.0,0.0,0.0,0.0
28.0,381,0.0,0.0,0.0,0.0,0.0
28.0,382,0.0,0.0,0.0,0.0,0.0
28.0,383,0.0,0.0,0.0,0.0,0.0
28.0,384,0.0,0.0,0.0,0.0,0.0
28.0,385,0.0,0.0,0.0,0.0,0.0
28.0,386,0.0,0.0,0.0,0.0,0.0
28.0,387,0.0,0.0,0.0,0.0,0.0
28.0,388,0.0,0.0,0.0,0.0,0.0
28.0,389,0.0,0.0,0.0,0.0,0.0
28.0,390,0.0,0.0,0.0,0.0,0.0
28.0,391,0.0,0.0,0.0,0.0,0.0
28.0,392,0.0,0.0,0.0,0.0,0.0
28.0,393,0.0,0.0,0.0,0.0,0.0
28.0,394,0.0,0.0,0.0,0.0,0.0
28.0,395,0.0,0.0,0.0,0.0,0.0
28.0,396,0.0,0.0,0.0,0.0,0.0
28.0,397,0.0,0.0,0.0,0.0,0.0
28.0,398,0.0,0.0,0.0,0.0,0.0
28.0,399,0.0,0.0,0.0,0.0,0.0
28.0,400,0.0,0.0,0.0,0.0,0.0
28.0,401,0.0,0.0,0.0,0.0,0.0
28.0,402,0.0,0.0,0.0,0.0,0.0
28.0,403,0.0,0.0,0.0,0.0,0.0
28.0,404,0.0,0.0,0.0,0.0,0.0
28.0,405,0.0,0.0,0.0,0.0,0.0
28.0,406,0.0,0.0,0.0,0.0,0.0
28.0,407,0.0,0.0,0.0,0.0,0.0
28.0,408,0.0,0.0,0.0,0.0,0.0
28.0,409,0.0,0.0,0.0,0.0,0.0
28.0,410,0.0,0.0,0.0,0.0,0.0
28.0,411,0.0,0.0,0.0,0.0,0.0
28.0,412,0.0,0.0,0.0,0.0,0.0
28.0,413,0.0,0.0,0.0,0.0,0.0
28.0,414,0.0,0.0,0.0,0.0,0.0
28.0,415,0.0,0.0,0.0,0.0,0.0
28.0,416,0.0,0.0,0.0,0.0,0.0
28.0,417,0.0,0.0,0.0,0.0,0.0
28.0,418,0.0,0.0,0.0,0.0,0.0
28.0,419,0.0,0.0,0.0,0.0,0.0
28.0,420,0.0,0.0,0.0,0.0,0.0
28.0,421,0.0,0.0,0.0,0.0,0.0
28.0,422,0.0,0.0,0.0,0.0,0.0
28.0,423,0.0,0.0,0.0,0.0,0.0
28.0,424,0.0,0.0,0.0,0.0,0.0
28.0,425,0.0,0.0,0.0,0.0,0.0
28.0,426,0.0,0.0,0.0,0.0,0.0
28.0,427,0.0,0.0,0.0,0.0,0.0
28.0,428,0.0,0.0,0.0,0.0,0.0
28.0,429,0.0,0.0,0.0,0.0,0.0
28.0,430,0.0,0.0,0.0,0.0,0.0
28.0,431,0.0,0.0,0.0,0.0,0.0
28.0,432,0.0,0.0,0.0,0.0,0.0
28.0,433,0.0,0.0,0.0,0.0,0.0
28.0,434,0.0,0.0,0.0,0.0,0.0
28.0,435,0.0,0.0,0.0,0.0,0.0
28.0,436,0.0,0.0,0.0,0.0,0.0
28.0,437,0.0,0.0,0.0,0.0,0.0
28.0,438,0.0,0.0,0.0,0.0,0.0
28.0,439,0.0,0.0,0.0,0.0,0.0
28.0,440,0.0,0.0,0.0,0.0,0.0
28.0,441,0.0,0.0,0.0,0.0,0.0
28.0,442,0.0,0.0,0.0,0.0,0.0
28.0,443,0.0,0.0,0.0,0.0,0.0
28.0,444,0.0,0.0,0.0,0.0,0.0
28.0,445,0.0,0.0,0.0,0.0,0.0
28.0,446,0.0,0.0,0.0,0.0,0.0
28.0,447,0.0,0.0,0.0,0.0,0.0
28.0,448,0.0,0.0,0.0,0.0,0.0
28.0,449,0.0,0.0,0.0,0.0,0.0
28.0,450,0.0,0.0,0.0,0.0,0.0
28.0,451,0.0,0.0,0.0,0.0,0.0
28.0,452,0.0,0.0,0.0,0.0,0.0
28.0,453,0.0,0.0,0.0,0.0,0.0
28.0,454,0.0,0.0,0.0,0.0,0.0
28.0,455,0.0,0.0,0.0,0.0,0.0
28.0,456,0.0,0.0,0.0,0.0,0.0
28.0,457,0.0,0.0,0.0,0.0,0.0
28.0,458,0.0,0.0,0.0,0.0,0.0
28.0,459,0.0,0.0,0.0,0.0,0.0
28.0,460,0.0,0.0,0.0,0.0,0.0
28.0,461,0.0,0.0,0.0,0.0,0.0
28.0,462,0.0,0.0,0.0,0.0,0.0
28.0,463,0.0,0.0,0.0,0.0,0.0
28.0,464,0.0,0.0,0.0,0.0,0.0
28.0,465,0.0,0.0,0.0,0.0,0.0
28.0,466,0.0,0.0,0.0,0.0,0.0
28.0,467,0.0,0.0,0.0,0.0,0.0
28.0,468,0.0,0.0,0.0,0.0,0.0
28.0,469,0.0,0.0,0.0,0.0,0.0
28.0,470,0.0,0.0,0.0,0.0,0.0
28.0,471,0.0,0.0,0.0,0.0,0.0
28.0,472,0.0,0.0,0.0,0.0,0.0
28.0,473,0.0,0.0,0.0,0.0,0.0
28.0,474,0.0,0.0,0.0,0.0,0.0
28.0,475,0.0,0.0,0.0,0.0,0.0
28.0,476,0.0,0.0,0.0,0.0,0.0
28.0,477,0.0,0.0,0.0,0.0,0.0
28.0,478,0.0,0.0,0.0,0.0,0.0
28.0,479,0.0,0.0,0.0,0.0,0.0
28.0,480,0.0,0.0,0.0,0.0,0.0
28.0,481,0.0,0.0,0.0,0.0,0.0
28.0,482,0.0,0.0,0.0,0.0,0.0
28.0,483,0.0,0.0,0.0,0.0,0.0
28.0,484,0.0,0.0,0.0,0.0,0.0
28.0,485,0.0,0.0,0.0,0.0,0.0
28.0,486,0.0,0.0,0.0,0.0,0.0
28.0,487,0.0,0.0,0.0,0.0,0.0
28.0,488,0.0,0.0,0.0,0.0,0.0
28.0,489,0.0,0.0,0.0,0.0,0.0
28.0,490,0.0,0.0,0.0,0.0,0.0
28.0,491,0.0,0.0,0.0,0.0,0.0
28.0,492,0.0,0.0,0.0,0.0,0.0
28.0,493,0.0,0.0,0.0,0.0,0.0
28.0,494,0.0,0.0,0.0,0.0,0.0
28.0,495,0.0,0.0,0.0,0.0,0.0
28.0,496,0.0,0.0,0.0,0.0,0.0
28.0,497,0.0,0.0,0.0,0.0,0.0
28.0,498,0.0,0.0,0.0,0.0,0.0
28.0,499,0.0,0.0,0.0,0.0,0.0
28.0,500,0.0,0.0,0.0,0.0,0.0
28.0,501,0.0,0.0,0.0,0.0,0.0
28.0,502,0.0,0.0,0.0,0.0,0.0
28.0,503,0.0,0.0,0.0,0.0,0.0
28.0,504,0.0,0.0,0.0,0.0,0.0
28.0,505,0.0,0.0,0.0,0.0,0.0
28.0,506,0.0,0.0,0.0,0.0,0.0
28.0,507,0.0,0.0,0.0,0.0,0.0
28.0,508,0.0,0.0,0.0,0.0,0.0
28.0,509,0.0,0.0,0.0,0.0,0.0
28.0,510,0.0,0.0,0.0,0.0,0.0
28.0,511,0.0,0.0,0.0,0.0,0.0
28.0,512,0.0,0.0,0.0,0.0,0.0
28.0,513,0.0,0.0,0.0,0.0,0.0
28.0,514,0.0,0.0,0.0,0.0,0.0
28.0,515,0.0,0.0,0.0,0.0,0.0
28.0,516,0.0,0.0,0.0,0.0,0.0
28.0,517,0.0,0.0,0.0,0.0,0.0
28.0,518,0.0,0.0,0.0,0.0,0.0
28.0,519,0.0,0.0,0.0,0.0,0.0
28.0,520,0.0,0.0,0.0,0.0,0.0
28.0,521,0.0,0.0,0.0,0.0,0.0
28.0,522,0.0,0.0,0.0,0.0,0.0
28.0,523,0.0,0.0,0.0,0.0,0.0
28.0,524,0.0,0.0,0.0,0.0,0.0
28.0,525,0.0,0.0,0.0,0.0,0.0
28.0,526,0.0,0.0,0.0,0.0,0.0
28.0,527,0.0,0.0,0.0,0.0,0.0
28.0,528,0.0,0.0,0.0,0.0,0.0
28.0,529,0.0,0.0,0.0,0.0,0.0
28.0,530,0.0,0.0,0.0,0.0,0.0
28.0,531,0.0,0.0,0.0,0.0,0.0
28.0,532,0.0,0.0,0.0,0.0,0.0
28.0,533,0.0,0.0,0.0,0.0,0.0
28.0,534,0.0,0.0,0.0,0.0,0.0
28.0,535,0.0,0.0,0.0,0.0,0.0
28.0,536,0.0,0.0,0.0,0.0,0.0
28.0,537,0.0,0.0,0.0,0.0,0.0
28.0,538,0.0,0.0,0.0,0.0,0.0
28.0,539,0.0,0.0,0.0,0.0,0.0
28.0,540,0.0,0.0,0.0,0.0,0.0
28.0,541,0.0,0.0,0.0,0.0,0.0
28.0,542,0.0,0.0,0.0,0.0,0.0
28.0,543,0.0,0.0,0.0,0.0,0.0
28.0,544,0.0,0.0,0.0,0.0,0.0
28.0,545,0.0,0.0,0.0,0.0,0.0
28.0,546,0.0,0.0,0.0,0.0,0.0
28.0,547,0.0,0.0,0.0,0.0,0.0
28.0,548,0.0,0.0,0.0,0.0,0.0
28.0,549,0.0,0.0,0.0,0.0,0.0
28.0,550,0.0,0.0,0.0,0.0,0.0
28.0,551,0.0,0.0,0.0,0.0,0.0
28.0,552,0.0,0.0,0.0,0.0,0.0
28.0,553,0.0,0.0,0.0,0.0,0.0
28.0,554,0.0,0.0,0.0,0.0,0.0
28.0,555,0.0,0.0,0.0,0.0,0.0
28.0,556,0.0,0.0,0.0,0.0,0.0
28.0,557,0.0,0.0,0.0,0.0,0.0
28.0,558,0.0,0.0,0.0,0.0,0.0
28.0,559,0.0,0.0,0.0,0.0,0.0
28.0,560,0.0,0.0,0.0,0.0,0.0
28.0,561,0.0,0.0,0.0,0.0,0.0
28.0,562,0.0,0.0,0.0,0.0,0.0
28.0,563,0.0,0.0,0.0,0.0,0.0
28.0,564,0.0,0.0,0.0,0.0,0.0
28.0,565,0.0,0.0,0.0,0.0,0.0
28.0,566,0.0,0.0,0.0,0.0,0.0
28.0,567,0.0,0.0,0.0,0.0,0.0
28.0,568,0.0,0.0,0.0,0.0,0.0
28.0,569,0.0,0.0,0.0,0.0,0.0
28.0,570,0.0,0.0,0.0,0.0,0.0
28.0,571,0.0,0.0,0.0,0.0,0.0
28.0,572,0.0,0.0,0.0,0.0,0.0
28.0,573,0.0,0.0,0.0,0.0,0.0
28.0,574,0.0,0.0,0.0,0.0,0.0
28.0,575,0.0,0.0,0.0,0.0,0.0
28.0,576,0.0,0.0,0.0,0.0,0.0
28.0,577,0.0,0.0,0.0,0.0,0.0
28.0,578,0.0,0.0,0.0,0.0,0.0
28.0,579,0.0,0.0,0.0,0.0,0.0
28.0,580,0.0,0.0,0.0,0.0,0.0
28.0,581,0.0,0.0,0.0,0.0,0.0
28.0,582,0.0,0.0,0.0,0.0,0.0
28.0,583,0.0,0.0,0.0,0.0,0.0
28.0,584,0.0,0.0,0.0,0.0,0.0
28.0,585,0.0,0.0,0.0,0.0,0.0
28.0,586,0.0,0.0,0.0,0.0,0.0
28.0,587,0.0,0.0,0.0,0.0,0.0
28.0,588,0.0,0.0,0.0,0.0,0.0
28.0,589,0.0,0.0,0.0,0.0,0.0
28.0,590,0.0,0.0,0.0,0.0,0.0
28.0,591,0.0,0.0,0.0,0.0,0.0
28.0,592,0.0,0.0,0.0,0.0,0.0
28.0,593,0.0,0.0,0.0,0.0,0.0
28.0,594,0.0,0.0,0.0,0.0,0.0
28.0,595,0.0,0.0,0.0,0.0,0.0
28.0,596,0.0,0.0,0.0,0.0,0.0
28.0,597,0.0,0.0,0.0,0.0,0.0
28.0,598,0.0,0.0,0.0,0.0,0.0
28.0,599,0.0,0.0,0.0,0.0,0.0
28.0,600,0.0,0.0,0.0,0.0,0.0
28.0,601,0.0,0.0,0.0,0.0,0.0
28.0,602,0.0,0.0,0.0,0.0,0.0
28.0,603,0.0,0.0,0.0,0.0,0.0
28.0,604,0.0,0.0,0.0,0.0,0.0
28.0,605,0.0,0.0,0.0,0.0,0.0
28.0,606,0.0,0.0,0.0,0.0,0.0
28.0,607,0.0,0.0,0.0,0.0,0.0
28.0,608,0.0,0.0,0.0,0.0,0.0
28.0,609,0.0,0.0,0.0,0.0,0.0
28.0,610,0.0,0.0,0.0,0.0,0.0
28.0,611,0.0,0.0,0.0,0.0,0.0
28.0,612,0.0,0.0,0.0,0.0,0.0
28.0,613,0.0,0.0,0.0,0.0,0.0
28.0,614,0.0,0.0,0.0,0.0,0.0
28.0,615,0.0,0.0,0.0,0.0,0.0
28.0,616,0.0,0.0,0.0,0.0,0.0
28.0,617,0.0,0.0,0.0,0.0,0.0
28.0,618,0.0,0.0,0.0,0.0,0.0
28.0,619,0.0,0.0,0.0,0.0,0.0
28.0,620,0.0,0.0,0.0,0.0,0.0
28.0,621,0.0,0.0,0.0,0.0,0.0
28.0,622,0.0,0.0,0.0,0.0,0.0
28.0,623,0.0,0.0,0.0,0.0,0.0
28.0,624,0.0,0.0,0.0,0.0,0.0
28.0,625,0.0,0.0,0.0,0.0,0.0
28.0,626,0.0,0.0,0.0,0.0,0.0
28.0,627,0.0,0.0,0.0,0.0,0.0
28.0,628,0.0,0.0,0.0,0.0,0.0
28.0,629,0.0,0.0,0.0,0.0,0.0
28.0,630,0.0,0.0,0.0,0.0,0.0
28.0,631,0.0,0.0,0.0,0.0,0.0
28.0,632,0.0,0.0,0.0,0.0,0.0
28.0,633,0.0,0.0,0.0,0.0,0.0
28.0,634,0.0,0.0,0.0,0.0,0.0
28.0,635,0.0,0.0,0.0,0.0,0.0
28.0,636,0.0,0.0,0.0,0.0,0.0
28.0,637,0.0,0.0,0.0,0.0,0.0
28.0,638,0.0,0.0,0.0,0.0,0.0
28.0,639,0.0,0.0,0.0,0.0,0.0
28.0,640,0.0,0.0,0.0,0.0,0.0
28.0,641,0.0,0.0,0.0,0.0,0.0
28.0,642,0.0,0.0,0.0,0.0,0.0
28.0,643,0.0,0.0,0.0,0.0,0.0
28.0,644,0.0,0.0,0.0,0.0,0.0
28.0,645,0.0,0.0,0.0,0.0,0.0
28.0,646,0.0,0.0,0.0,0.0,0.0
28.0,647,0.0,0.0,0.0,0.0,0.0
28.0,648,0.0,0.0,0.0,0.0,0.0
28.0,649,0.0,0.0,0.0,0.0,0.0
28.0,650,0.0,0.0,0.0,0.0,0.0
28.0,651,0.0,0.0,0.0,0.0,0.0
28.0,652,0.0,0.0,0.0,0.0,0.0
28.0,653,0.0,0.0,0.0,0.0,0.0
28.0,654,0.0,0.0,0.0,0.0,0.0
28.0,655,0.0,0.0,0.0,0.0,0.0
28.0,656,0.0,0.0,0.0,0.0,0.0
28.0,657,0.0,0.0,0.0,0.0,0.0
28.0,658,0.0,0.0,0.0,0.0,0.0
28.0,659,0.0,0.0,0.0,0.0,0.0
28.0,660,0.0,0.0,0.0,0.0,0.0
28.0,661,0.0,0.0,0.0,0.0,0.0
28.0,662,0.0,0.0,0.0,0.0,0.0
28.0,663,0.0,0.0,0.0,0.0,0.0
28.0,664,0.0,0.0,0.0,0.0,0.0
28.0,665,0.0,0.0,0.0,0.0,0.0
28.0,666,0.0,0.0,0.0,0.0,0.0
28.0,667,0.0,0.0,0.0,0.0,0.0
28.0,668,0.0,0.0,0.0,0.0,0.0
28.0,669,0.0,0.0,0.0,0.0,0.0
28.0,670,0.0,0.0,0.0,0.0,0.0
28.0,671,0.0,0.0,0.0,0.0,0.0
28.0,672,0.0,0.0,0.0,0.0,0.0
28.0,673,0.0,0.0,0.0,0.0,0.0
28.0,674,0.0,0.0,0.0,0.0,0.0
28.0,675,0.0,0.0,0.0,0.0,0.0
28.0,676,0.0,0.0,0.0,0.0,0.0
28.0,677,0.0,0.0,0.0,0.0,0.0
28.0,678,0.0,0.0,0.0,0.0,0.0
28.0,679,0.0,0.0,0.0,0.0,0.0
28.0,680,0.0,0.0,0.0,0.0,0.0
28.0,681,0.0,0.0,0.0,0.0,0.0
28.0,682,0.0,0.0,0.0,0.0,0.0
28.0,683,0.0,0.0,0.0,0.0,0.0
28.0,684,0.0,0.0,0.0,0.0,0.0
28.0,685,0.0,0.0,0.0,0.0,0.0
28.0,686,0.0,0.0,0.0,0.0,0.0
28.0,687,0.0,0.0,0.0,0.0,0.0
28.0,688,0.0,0.0,0.0,0.0,0.0
28.0,689,0.0,0.0,0.0,0.0,0.0
28.0,690,0.0,0.0,0.0,0.0,0.0
28.0,691,0.0,0.0,0.0,0.0,0.0
28.0,692,0.0,0.0,0.0,0.0,0.0
28.0,693,0.0,0.0,0.0,0.0,0.0
28.0,694,0.0,0.0,0.0,0.0,0.0
28.0,695,0.0,0.0,0.0,0.0,0.0
28.0,696,0.0,0.0,0.0,0.0,0.0
28.0,697,0.0,0.0,0.0,0.0,0.0
28.0,698,0.0,0.0,0.0,0.0,0.0
28.0,699,0.0,0.0,0.0,0.0,0.0
28.0,700,0.0,0.0,0.0,0.0,0.0
28.0,701,0.0,0.0,0.0,0.0,0.0
28.0,702,0.0,0.0,0.0,0.0,0.0
28.0,703,0.0,0.0,0.0,0.0,0.0
28.0,704,0.0,0.0,0.0,0.0,0.0
28.0,705,0.0,0.0,0.0,0.0,0.0
28.0,706,0.0,0.0,0.0,0.0,0.0
28.0,707,0.0,0.0,0.0,0.0,0.0
28.0,708,0.0,0.0,0.0,0.0,0.0
28.0,709,0.0,0.0,0.0,0.0,0.0
28.0,710,0.0,0.0,0.0,0.0,0.0
28.0,711,0.0,0.0,0.0,0.0,0.0
28.0,712,0.0,0.0,0.0,0.0,0.0
28.0,713,0.0,0.0,0.0,0.0,0.0
28.0,714,0.0,0.0,0.0,0.0,0.0
28.0,715,0.0,0.0,0.0,0.0,0.0
28.0,716,0.0,0.0,0.0,0.0,0.0
28.0,717,0.0,0.0,0.0,0.0,0.0
28.0,718,0.0,0.0,0.0,0.0,0.0
28.0,719,0.0,0.0,0.0,0.0,0.0
28.0,720,0.0,0.0,0.0,0.0,0.0
28.0,721,0.0,0.0,0.0,0.0,0.0
28.0,722,0.0,0.0,0.0,0.0,0.0
28.0,723,0.0,0.0,0.0,0.0,0.0
28.0,724,0.0,0.0,0.0,0.0,0.0
28.0,725,0.0,0.0,0.0,0.0,0.0
28.0,726,0.0,0.0,0.0,0.0,0.0
28.0,727,0.0,0.0,0.0,0.0,0.0
28.0,728,0.0,0.0,0.0,0.0,0.0
28.0,729,0.0,0.0,0.0,0.0,0.0
28.0,730,0.0,0.0,0.0,0.0,0.0
28.0,731,0.0,0.0,0.0,0.0,0.0
28.0,732,0.0,0.0,0.0,0.0,0.0
28.0,733,0.0,0.0,0.0,0.0,0.0
28.0,734,0.0,0.0,0.0,0.0,0.0
28.0,735,0.0,0.0,0.0,0.0,0.0
28.0,736,0.0,0.0,0.0,0.0,0.0
28.0,737,0.0,0.0,0.0,0.0,0.0
28.0,738,0.0,0.0,0.0,0.0,0.0
28.0,739,0.0,0.0,0.0,0.0,0.0
28.0,740,0.0,0.0,0.0,0.0,0.0
28.0,741,0.0,0.0,0.0,0.0,0.0
28.0,742,0.0,0.0,0.0,0.0,0.0
28.0,743,0.0,0.0,0.0,0.0,0.0
28.0,744,0.0,0.0,0.0,0.0,0.0
28.0,745,0.0,0.0,0.0,0.0,0.0
28.0,746,0.0,0.0,0.0,0.0,0.0
28.0,747,0.0,0.0,0.0,0.0,0.0
28.0,748,0.0,0.0,0.0,0.0,0.0
28.0,749,0.0,0.0,0.0,0.0,0.0
28.0,750,0.0,0.0,0.0,0.0,0.0
28.0,751,0.0,0.0,0.0,0.0,0.0
28.0,752,0.0,0.0,0.0,0.0,0.0
28.0,753,0.0,0.0,0.0,0.0,0.0
28.0,754,0.0,0.0,0.0,0.0,0.0
28.0,755,0.0,0.0,0.0,0.0,0.0
28.0,756,0.0,0.0,0.0,0.0,0.0
28.0,757,0.0,0.0,0.0,0.0,0.0
28.0,758,0.0,0.0,0.0,0.0,0.0
28.0,759,0.0,0.0,0.0,0.0,0.0
28.0,760,0.0,0.0,0.0,0.0,0.0
28.0,761,0.0,0.0,0.0,0.0,0.0
28.0,762,0.0,0.0,0.0,0.0,0.0
28.0,763,0.0,0.0,0.0,0.0,0.0
28.0,764,0.0,0.0,0.0,0.0,0.0
28.0,765,0.0,0.0,0.0,0.0,0.0
28.0,766,0.0,0.0,0.0,0.0,0.0
28.0,767,0.0,0.0,0.0,0.0,0.0
28.0,768,0.0,0.0,0.0,0.0,0.0
28.0,769,0.0,0.0,0.0,0.0,0.0
28.0,770,0.0,0.0,0.0,0.0,0.0
28.0,771,0.0,0.0,0.0,0.0,0.0
28.0,772,0.0,0.0,0.0,0.0,0.0
28.0,773,0.0,0.0,0.0,0.0,0.0
28.0,774,0.0,0.0,0.0,0.0,0.0
28.0,775,0.0,0.0,0.0,0.0,0.0
28.0,776,0.0,0.0,0.0,0.0,0.0
28.0,777,0.0,0.0,0.0,0.0,0.0
28.0,778,0.0,0.0,0.0,0.0,0.0
28.0,779,0.0,0.0,0.0,0.0,0.0
28.0,780,0.0,0.0,0.0,0.0,0.0
28.0,781,0.0,0.0,0.0,0.0,0.0
28.0,782,0.0,0.0,0.0,0.0,0.0
28.0,783,0.0,0.0,0.0,0.0,0.0
28.0,784,0.0,0.0,0.0,0.0,0.0
28.0,785,0.0,0.0,0.0,0.0,0.0
28.0,786,0.0,0.0,0.0,0.0,0.0
28.0,787,0.0,0.0,0.0,0.0,0.0
28.0,788,0.0,0.0,0.0,0.0,0.0
28.0,789,0.0,0.0,0.0,0.0,0.0
28.0,790,0.0,0.0,0.0,0.0,0.0
28.0,791,0.0,0.0,0.0,0.0,0.0
28.0,792,0.0,0.0,0.0,0.0,0.0
28.0,793,0.0,0.0,0.0,0.0,0.0
28.0,794,0.0,0.0,0.0,0.0,0.0
28.0,795,0.0,0.0,0.0,0.0,0.0
28.0,796,0.0,0.0,0.0,0.0,0.0
28.0,797,0.0,0.0,0.0,0.0,0.0
28.0,798,0.0,0.0,0.0,0.0,0.0
28.0,799,0.0,0.0,0.0,0.0,0.0
28.0,800,0.0,0.0,0.0,0.0,0.0
28.0,801,0.0,0.0,0.0,0.0,0.0
28.0,802,0.0,0.0,0.0,0.0,0.0
28.0,803,0.0,0.0,0.0,0.0,0.0
28.0,804,0.0,0.0,0.0,0.0,0.0
28.0,805,0.0,0.0,0.0,0.0,0.0
28.0,806,0.0,0.0,0.0,0.0,0.0
28.0,807,0.0,0.0,0.0,0.0,0.0
28.0,808,0.0,0.0,0.0,0.0,0.0
28.0,809,0.0,0.0,0.0,0.0,0.0
28.0,810,0.0,0.0,0.0,0.0,0.0
28.0,811,0.0,0.0,0.0,0.0,0.0
28.0,812,0.0,0.0,0.0,0.0,0.0
28.0,813,0.0,0.0,0.0,0.0,0.0
28.0,814,0.0,0.0,0.0,0.0,0.0
28.0,815,0.0,0.0,0.0,0.0,0.0
28.0,816,0.0,0.0,0.0,0.0,0.0
28.0,817,0.0,0.0,0.0,0.0,0.0
28.0,818,0.0,0.0,0.0,0.0,0.0
28.0,819,0.0,0.0,0.0,0.0,0.0
28.0,820,0.0,0.0,0.0,0.0,0.0
28.0,821,0.0,0.0,0.0,0.0,0.0
28.0,822,0.0,0.0,0.0,0.0,0.0
28.0,823,0.0,0.0,0.0,0.0,0.0
28.0,824,0.0,0.0,0.0,0.0,0.0
28.0,825,0.0,0.0,0.0,0.0,0.0
28.0,826,0.0,0.0,0.0,0.0,0.0
28.0,827,0.0,0.0,0.0,0.0,0.0
28.0,828,0.0,0.0,0.0,0.0,0.0
28.0,829,0.0,0.0,0.0,0.0,0.0
28.0,830,0.0,0.0,0.0,0.0,0.0
28.0,831,0.0,0.0,0.0,0.0,0.0
28.0,832,0.0,0.0,0.0,0.0,0.0
28.0,833,0.0,0.0,0.0,0.0,0.0
28.0,834,0.0,0.0,0.0,0.0,0.0
28.0,835,0.0,0.0,0.0,0.0,0.0
28.0,836,0.0,0.0,0.0,0.0,0.0
28.0,837,0.0,0.0,0.0,0.0,0.0
28.0,838,0.0,0.0,0.0,0.0,0.0
28.0,839,0.0,0.0,0.0,0.0,0.0
28.0,840,0.0,0.0,0.0,0.0,0.0
28.0,841,0.0,0.0,0.0,0.0,0.0
28.0,842,0.0,0.0,0.0,0.0,0.0
28.0,843,0.0,0.0,0.0,0.0,0.0
28.0,844,0.0,0.0,0.0,0.0,0.0
28.0,845,0.0,0.0,0.0,0.0,0.0
28.0,846,0.0,0.0,0.0,0.0,0.0
28.0,847,0.0,0.0,0.0,0.0,0.0
28.0,848,0.0,0.0,0.0,0.0,0.0
28.0,849,0.0,0.0,0.0,0.0,0.0
28.0,850,0.0,0.0,0.0,0.0,0.0
28.0,851,0.0,0.0,0.0,0.0,0.0
28.0,852,0.0,0.0,0.0,0.0,0.0
28.0,853,0.0,0.0,0.0,0.0,0.0
28.0,854,0.0,0.0,0.0,0.0,0.0
28.0,855,0.0,0.0,0.0,0.0,0.0
28.0,856,0.0,0.0,0.0,0.0,0.0
28.0,857,0.0,0.0,0.0,0.0,0.0
28.0,858,0.0,0.0,0.0,0.0,0.0
28.0,859,0.0,0.0,0.0,0.0,0.0
28.0,860,0.0,0.0,0.0,0.0,0.0
28.0,861,0.0,0.0,0.0,0.0,0.0
28.0,862,0.0,0.0,0.0,0.0,0.0
28.0,863,0.0,0.0,0.0,0.0,0.0
28.0,864,0.0,0.0,0.0,0.0,0.0
28.0,865,0.0,0.0,0.0,0.0,0.0
28.0,866,0.0,0.0,0.0,0.0,0.0
28.0,867,0.0,0.0,0.0,0.0,0.0
28.0,868,0.0,0.0,0.0,0.0,0.0
28.0,869,0.0,0.0,0.0,0.0,0.0
28.0,870,0.0,0.0,0.0,0.0,0.0
28.0,871,0.0,0.0,0.0,0.0,0.0
28.0,872,0.0,0.0,0.0,0.0,0.0
28.0,873,0.0,0.0,0.0,0.0,0.0
28.0,874,0.0,0.0,0.0,0.0,0.0
28.0,875,0.0,0.0,0.0,0.0,0.0
28.0,876,0.0,0.0,0.0,0.0,0.0
28.0,877,0.0,0.0,0.0,0.0,0.0
28.0,878,0.0,0.0,0.0,0.0,0.0
28.0,879,0.0,0.0,0.0,0.0,0.0
28.0,880,0.0,0.0,0.0,0.0,0.0
28.0,881,0.0,0.0,0.0,0.0,0.0
28.0,882,0.0,0.0,0.0,0.0,0.0
28.0,883,0.0,0.0,0.0,0.0,0.0
28.0,884,0.0,0.0,0.0,0.0,0.0
28.0,885,0.0,0.0,0.0,0.0,0.0
28.0,886,0.0,0.0,0.0,0.0,0.0
28.0,887,0.0,0.0,0.0,0.0,0.0
28.0,888,0.0,0.0,0.0,0.0,0.0
28.0,889,0.0,0.0,0.0,0.0,0.0
28.0,890,0.0,0.0,0.0,0.0,0.0
28.0,891,0.0,0.0,0.0,0.0,0.0
28.0,892,0.0,0.0,0.0,0.0,0.0
28.0,893,0.0,0.0,0.0,0.0,0.0
28.0,894,0.0,0.0,0.0,0.0,0.0
28.0,895,0.0,0.0,0.0,0.0,0.0
28.0,896,0.0,0.0,0.0,0.0,0.0
28.0,897,0.0,0.0,0.0,0.0,0.0
28.0,898,0.0,0.0,0.0,0.0,0.0
28.0,899,0.0,0.0,0.0,0.0,0.0
28.0,900,0.0,0.0,0.0,0.0,0.0
28.0,901,0.0,0.0,0.0,0.0,0.0
28.0,902,0.0,0.0,0.0,0.0,0.0
28.0,903,0.0,0.0,0.0,0.0,0.0
28.0,904,0.0,0.0,0.0,0.0,0.0
28.0,905,0.0,0.0,0.0,0.0,0.0
28.0,906,0.0,0.0,0.0,0.0,0.0
28.0,907,0.0,0.0,0.0,0.0,0.0
28.0,908,0.0,0.0,0.0,0.0,0.0
28.0,909,0.0,0.0,0.0,0.0,0.0
28.0,910,0.0,0.0,0.0,0.0,0.0
28.0,911,0.0,0.0,0.0,0.0,0.0
28.0,912,0.0,0.0,0.0,0.0,0.0
28.0,913,0.0,0.0,0.0,0.0,0.0
28.0,914,0.0,0.0,0.0,0.0,0.0
28.0,915,0.0,0.0,0.0,0.0,0.0
28.0,916,0.0,0.0,0.0,0.0,0.0
28.0,917,0.0,0.0,0.0,0.0,0.0
28.0,918,0.0,0.0,0.0,0.0,0.0
28.0,919,0.0,0.0,0.0,0.0,0.0
28.0,920,0.0,0.0,0.0,0.0,0.0
28.0,921,0.0,0.0,0.0,0.0,0.0
28.0,922,0.0,0.0,0.0,0.0,0.0
28.0,923,0.0,0.0,0.0,0.0,0.0
28.0,924,0.0,0.0,0.0,0.0,0.0
28.0,925,0.0,0.0,0.0,0.0,0.0
28.0,926,0.0,0.0,0.0,0.0,0.0
28.0,927,0.0,0.0,0.0,0.0,0.0
28.0,928,0.0,0.0,0.0,0.0,0.0
28.0,929,0.0,0.0,0.0,0.0,0.0
28.0,930,0.0,0.0,0.0,0.0,0.0
28.0,931,0.0,0.0,0.0,0.0,0.0
28.0,932,0.0,0.0,0.0,0.0,0.0
28.0,933,0.0,0.0,0.0,0.0,0.0
28.0,934,0.0,0.0,0.0,0.0,0.0
28.0,935,0.0,0.0,0.0,0.0,0.0
28.0,936,0.0,0.0,0.0,0.0,0.0
28.0,937,0.0,0.0,0.0,0.0,0.0
28.0,938,0.0,0.0,0.0,0.0,0.0
28.0,939,0.0,0.0,0.0,0.0,0.0
28.0,940,0.0,0.0,0.0,0.0,0.0
28.0,941,0.0,0.0,0.0,0.0,0.0
28.0,942,0.0,0.0,0.0,0.0,0.0
28.0,943,0.0,0.0,0.0,0.0,0.0
28.0,944,0.0,0.0,0.0,0.0,0.0
28.0,945,0.0,0.0,0.0,0.0,0.0
28.0,946,0.0,0.0,0.0,0.0,0.0
28.0,947,0.0,0.0,0.0,0.0,0.0
28.0,948,0.0,0.0,0.0,0.0,0.0
28.0,949,0.0,0.0,0.0,0.0,0.0
28.0,950,0.0,0.0,0.0,0.0,0.0
28.0,951,0.0,0.0,0.0,0.0,0.0
28.0,952,0.0,0.0,0.0,0.0,0.0
28.0,953,0.0,0.0,0.0,0.0,0.0
28.0,954,0.0,0.0,0.0,0.0,0.0
28.0,955,0.0,0.0,0.0,0.0,0.0
28.0,956,0.0,0.0,0.0,0.0,0.0
28.0,957,0.0,0.0,0.0,0.0,0.0
28.0,958,0.0,0.0,0.0,0.0,0.0
28.0,959,0.0,0.0,0.0,0.0,0.0
28.0,960,0.0,0.0,0.0,0.0,0.0
28.0,961,0.0,0.0,0.0,0.0,0.0
28.0,962,0.0,0.0,0.0,0.0,0.0
28.0,963,0.0,0.0,0.0,0.0,0.0
28.0,964,0.0,0.0,0.0,0.0,0.0
28.0,965,0.0,0.0,0.0,0.0,0.0
28.0,966,0.0,0.0,0.0,0.0,0.0
28.0,967,0.0,0.0,0.0,0.0,0.0
28.0,968,0.0,0.0,0.0,0.0,0.0
28.0,969,0.0,0.0,0.0,0.0,0.0
28.0,970,0.0,0.0,0.0,0.0,0.0
28.0,971,0.0,0.0,0.0,0.0,0.0
28.0,972,0.0,0.0,0.0,0.0,0.0
28.0,973,0.0,0.0,0.0,0.0,0.0
28.0,974,0.0,0.0,0.0,0.0,0.0
28.0,975,0.0,0.0,0.0,0.0,0.0
28.0,976,0.0,0.0,0.0,0.0,0.0
28.0,977,0.0,0.0,0.0,0.0,0.0
28.0,978,0.0,0.0,0.0,0.0,0.0
28.0,979,0.0,0.0,0.0,0.0,0.0
28.0,980,0.0,0.0,0.0,0.0,0.0
28.0,981,0.0,0.0,0.0,0.0,0.0
28.0,982,0.0,0.0,0.0,0.0,0.0
28.0,983,0.0,0.0,0.0,0.0,0.0
28.0,984,0.0,0.0,0.0,0.0,0.0
28.0,985,0.0,0.0,0.0,0.0,0.0
28.0,986,0.0,0.0,0.0,0.0,0.0
28.0,987,0.0,0.0,0.0,0.0,0.0
28.0,988,0.0,0.0,0.0,0.0,0.0
28.0,989,0.0,0.0,0.0,0.0,0.0
28.0,990,0.0,0.0,0.0,0.0,0.0
28.0,991,0.0,0.0,0.0,0.0,0.0
28.0,992,0.0,0.0,0.0,0.0,0.0
28.0,993,0.0,0.0,0.0,0.0,0.0
28.0,994,0.0,0.0,0.0,0.0,0.0
28.0,995,0.0,0.0,0.0,0.0,0.0
28.0,996,0.0,0.0,0.0,0.0,0.0
28.0,997,0.0,0.0,0.0,0.0,0.0
28.0,998,0.0,0.0,0.0,0.0,0.0
28.0,999,0.0,0.0,0.0,0.0,0.0
28.0,1000,0.0,0.0,0.0,0.0,0.0
29.0,1,1.3333333333333333,1.6666666666666667,0.0,0.0,0.0
29.0,2,0.0,0.0,0.0,0.0,0.0
29.0,3,1.0,1.1666666666666667,1.6666666666666667,2.3333333333333335,4.333333333333333
29.0,4,1.0,1.1666666666666667,1.6666666666666667,2.1666666666666665,4.333333333333333
29.0,5,0.8333333333333334,1.1666666666666667,1.5,2.5,4.333333333333333
29.0,6,1.5,0.0,0.0,0.0,0.0
29.0,7,0.0,0.0,0.0,0.0,0.0
29.0,8,0.0,0.0,0.0,0.0,0.0
29.0,9,1.1666666666666667,1.0,0.0,0.0,0.0
29.0,10,1.1666666666666667,0.0,0.0,0.0,0.0
29.0,11,1.1666666666666667,0.0,0.0,0.0,0.0
29.0,12,1.0,1.1666666666666667,1.5,1.8333333333333333,5.0
29.0,13,0.8333333333333334,1.1666666666666667,1.5,2.1666666666666665,4.666666666666667
29.0,14,1.1666666666666667,0.8333333333333334,1.0,0.0,0.0
29.0,15,1.0,0.8333333333333334,0.0,0.0,0.0
29.0,16,1.0,1.0,1.3333333333333333,1.6666666666666667,5.333333333333333
29.0,17,0.8333333333333334,0.0,0.0,0.0,0.0
29.0,18,1.0,1.0,1.8333333333333333,1.3333333333333333,5.166666666666667
29.0,19,0.0,0.0,0.0,0.0,0.0
29.0,20,0.0,0.0,0.0,0.0,0.0
29.0,21,0.0,0.0,0.0,0.0,0.0
29.0,22,1.0,1.0,1.3333333333333333,1.6666666666666667,5.5
29.0,23,0.8333333333333334,0.0,0.0,0.0,0.0
29.0,24,0.6666666666666666,0.8333333333333334,0.0,0.0,0.0
29.0,25,0.8333333333333334,1.1666666666666667,1.1666666666666667,1.6666666666666667,5.5
29.0,26,0.0,0.0,0.0,0.0,0.0
29.0,27,0.0,0.0,0.0,0.0,0.0
29.0,28,0.0,0.0,0.0,0.0,0.0
29.0,29,1.3333333333333333,1.0,1.1666666666666667,1.8333333333333333,5.0
29.0,30,0.0,0.0,0.0,0.0,0.0
29.0,31,0.0,0.0,0.0,0.0,0.0
29.0,32,0.0,0.0,0.0,0.0,0.0
29.0,33,1.6666666666666667,0.0,0.0,0.0,0.0
29.0,34,1.3333333333333333,0.8333333333333334,1.1666666666666667,1.8333333333333333,0.0
29.0,35,0.0,0.0,0.0,0.0,0.0
29.0,36,0.8333333333333334,1.0,0.0,0.0,0.0
29.0,37,1.0,0.0,0.0,0.0,0.0
29.0,38,1.0,0.8333333333333334,1.0,0.0,0.0
29.0,39,0.8333333333333334,1.1666666666666667,1.3333333333333333,1.6666666666666667,5.5
29.0,40,0.8333333333333334,1.0,1.5,1.8333333333333333,5.333333333333333
29.0,41,1.0,0.8333333333333334,0.0,0.0,0.0
29.0,42,0.0,0.0,0.0,0.0,0.0
29.0,43,1.1666666666666667,0.8333333333333334,1.0,1.3333333333333333,6.0
29.0,44,0.0,0.0,0.0,0.0,0.0
29.0,45,1.0,0.8333333333333334,1.3333333333333333,1.8333333333333333,5.5
29.0,46,1.1666666666666667,0.0,0.0,0.0,0.0
29.0,47,1.0,0.8333333333333334,1.1666666666666667,0.0,0.0
29.0,48,0.8333333333333334,1.1666666666666667,1.3333333333333333,1.6666666666666667,5.333333333333333
29.0,49,0.0,0.0,0.0,0.0,0.0
29.0,50,0.8333333333333334,1.0,0.0,0.0,0.0
29.0,51,0.0,0.0,0.0,0.0,0.0
29.0,52,0.0,0.0,0.0,0.0,0.0
29.0,53,0.0,0.0,0.0,0.0,0.0
29.0,54,0.0,0.0,0.0,0.0,0.0
29.0,55,0.0,0.0,0.0,0.0,0.0
29.0,56,0.0,0.0,0.0,0.0,0.0
29.0,57,0.0,0.0,0.0,0.0,0.0
29.0,58,0.0,0.0,0.0,0.0,0.0
29.0,59,0.0,0.0,0.0,0.0,0.0
29.0,60,0.0,0.0,0.0,0.0,0.0
29.0,61,0.0,0.0,0.0,0.0,0.0
29.0,62,0.0,0.0,0.0,0.0,0.0
29.0,63,0.0,0.0,0.0,0.0,0.0
29.0,64,0.0,0.0,0.0,0.0,0.0
29.0,65,0.0,0.0,0.0,0.0,0.0
29.0,66,0.0,0.0,0.0,0.0,0.0
29.0,67,0.0,0.0,0.0,0.0,0.0
29.0,68,0.0,0.0,0.0,0.0,0.0
29.0,69,0.0,0.0,0.0,0.0,0.0
29.0,70,0.0,0.0,0.0,0.0,0.0
29.0,71,0.0,0.0,0.0,0.0,0.0
29.0,72,0.0,0.0,0.0,0.0,0.0
29.0,73,0.0,0.0,0.0,0.0,0.0
29.0,74,0.0,0.0,0.0,0.0,0.0
29.0,75,0.0,0.0,0.0,0.0,0.0
29.0,76,0.0,0.0,0.0,0.0,0.0
29.0,77,0.0,0.0,0.0,0.0,0.0
29.0,78,0.0,0.0,0.0,0.0,0.0
29.0,79,0.0,0.0,0.0,0.0,0.0
29.0,80,0.0,0.0,0.0,0.0,0.0
29.0,81,0.0,0.0,0.0,0.0,0.0
29.0,82,0.0,0.0,0.0,0.0,0.0
29.0,83,0.0,0.0,0.0,0.0,0.0
29.0,84,0.0,0.0,0.0,0.0,0.0
29.0,85,0.0,0.0,0.0,0.0,0.0
29.0,86,0.0,0.0,0.0,0.0,0.0
29.0,87,0.0,0.0,0.0,0.0,0.0
29.0,88,0.0,0.0,0.0,0.0,0.0
29.0,89,0.0,0.0,0.0,0.0,0.0
29.0,90,0.0,0.0,0.0,0.0,0.0
29.0,91,0.0,0.0,0.0,0.0,0.0
29.0,92,0.0,0.0,0.0,0.0,0.0
29.0,93,0.0,0.0,0.0,0.0,0.0
29.0,94,0.0,0.0,0.0,0.0,0.0
29.0,95,0.0,0.0,0.0,0.0,0.0
29.0,96,0.0,0.0,0.0,0.0,0.0
29.0,97,0.0,0.0,0.0,0.0,0.0
29.0,98,0.0,0.0,0.0,0.0,0.0
29.0,99,0.0,0.0,0.0,0.0,0.0
29.0,100,0.0,0.0,0.0,0.0,0.0
29.0,101,0.0,0.0,0.0,0.0,0.0
29.0,102,0.0,0.0,0.0,0.0,0.0
29.0,103,0.0,0.0,0.0,0.0,0.0
29.0,104,0.0,0.0,0.0,0.0,0.0
29.0,105,0.0,0.0,0.0,0.0,0.0
29.0,106,0.0,0.0,0.0,0.0,0.0
29.0,107,0.0,0.0,0.0,0.0,0.0
29.0,108,0.0,0.0,0.0,0.0,0.0
29.0,109,0.0,0.0,0.0,0.0,0.0
29.0,110,0.0,0.0,0.0,0.0,0.0
29.0,111,0.0,0.0,0.0,0.0,0.0
29.0,112,0.0,0.0,0.0,0.0,0.0
29.0,113,0.0,0.0,0.0,0.0,0.0
29.0,114,0.0,0.0,0.0,0.0,0.0
29.0,115,0.0,0.0,0.0,0.0,0.0
29.0,116,0.0,0.0,0.0,0.0,0.0
29.0,117,0.0,0.0,0.0,0.0,0.0
29.0,118,0.0,0.0,0.0,0.0,0.0
29.0,119,0.0,0.0,0.0,0.0,0.0
29.0,120,0.0,0.0,0.0,0.0,0.0
29.0,121,0.0,0.0,0.0,0.0,0.0
29.0,122,0.0,0.0,0.0,0.0,0.0
29.0,123,0.0,0.0,0.0,0.0,0.0
29.0,124,0.0,0.0,0.0,0.0,0.0
29.0,125,0.0,0.0,0.0,0.0,0.0
29.0,126,0.0,0.0,0.0,0.0,0.0
29.0,127,0.0,0.0,0.0,0.0,0.0
29.0,128,0.0,0.0,0.0,0.0,0.0
29.0,129,0.0,0.0,0.0,0.0,0.0
29.0,130,0.0,0.0,0.0,0.0,0.0
29.0,131,0.0,0.0,0.0,0.0,0.0
29.0,132,0.0,0.0,0.0,0.0,0.0
29.0,133,0.0,0.0,0.0,0.0,0.0
29.0,134,0.0,0.0,0.0,0.0,0.0
29.0,135,0.0,0.0,0.0,0.0,0.0
29.0,136,0.0,0.0,0.0,0.0,0.0
29.0,137,0.0,0.0,0.0,0.0,0.0
29.0,138,0.0,0.0,0.0,0.0,0.0
29.0,139,0.0,0.0,0.0,0.0,0.0
29.0,140,0.0,0.0,0.0,0.0,0.0
29.0,141,0.0,0.0,0.0,0.0,0.0
29.0,142,0.0,0.0,0.0,0.0,0.0
29.0,143,0.0,0.0,0.0,0.0,0.0
29.0,144,0.0,0.0,0.0,0.0,0.0
29.0,145,0.0,0.0,0.0,0.0,0.0
29.0,146,0.0,0.0,0.0,0.0,0.0
29.0,147,0.0,0.0,0.0,0.0,0.0
29.0,148,0.0,0.0,0.0,0.0,0.0
29.0,149,0.0,0.0,0.0,0.0,0.0
29.0,150,0.0,0.0,0.0,0.0,0.0
29.0,151,0.0,0.0,0.0,0.0,0.0
29.0,152,0.0,0.0,0.0,0.0,0.0
29.0,153,0.0,0.0,0.0,0.0,0.0
29.0,154,0.0,0.0,0.0,0.0,0.0
29.0,155,0.0,0.0,0.0,0.0,0.0
29.0,156,0.0,0.0,0.0,0.0,0.0
29.0,157,0.0,0.0,0.0,0.0,0.0
29.0,158,0.0,0.0,0.0,0.0,0.0
29.0,159,0.0,0.0,0.0,0.0,0.0
29.0,160,0.0,0.0,0.0,0.0,0.0
29.0,161,0.0,0.0,0.0,0.0,0.0
29.0,162,0.0,0.0,0.0,0.0,0.0
29.0,163,0.0,0.0,0.0,0.0,0.0
29.0,164,0.0,0.0,0.0,0.0,0.0
29.0,165,0.0,0.0,0.0,0.0,0.0
29.0,166,0.0,0.0,0.0,0.0,0.0
29.0,167,0.0,0.0,0.0,0.0,0.0
29.0,168,0.0,0.0,0.0,0.0,0.0
29.0,169,0.0,0.0,0.0,0.0,0.0
29.0,170,0.0,0.0,0.0,0.0,0.0
29.0,171,0.0,0.0,0.0,0.0,0.0
29.0,172,0.0,0.0,0.0,0.0,0.0
29.0,173,0.0,0.0,0.0,0.0,0.0
29.0,174,0.0,0.0,0.0,0.0,0.0
29.0,175,0.0,0.0,0.0,0.0,0.0
29.0,176,0.0,0.0,0.0,0.0,0.0
29.0,177,0.0,0.0,0.0,0.0,0.0
29.0,178,0.0,0.0,0.0,0.0,0.0
29.0,179,0.0,0.0,0.0,0.0,0.0
29.0,180,0.0,0.0,0.0,0.0,0.0
29.0,181,0.0,0.0,0.0,0.0,0.0
29.0,182,0.0,0.0,0.0,0.0,0.0
29.0,183,0.0,0.0,0.0,0.0,0.0
29.0,184,0.0,0.0,0.0,0.0,0.0
29.0,185,0.0,0.0,0.0,0.0,0.0
29.0,186,0.0,0.0,0.0,0.0,0.0
29.0,187,0.0,0.0,0.0,0.0,0.0
29.0,188,0.0,0.0,0.0,0.0,0.0
29.0,189,0.0,0.0,0.0,0.0,0.0
29.0,190,0.0,0.0,0.0,0.0,0.0
29.0,191,0.0,0.0,0.0,0.0,0.0
29.0,192,0.0,0.0,0.0,0.0,0.0
29.0,193,0.0,0.0,0.0,0.0,0.0
29.0,194,0.0,0.0,0.0,0.0,0.0
29.0,195,0.0,0.0,0.0,0.0,0.0
29.0,196,0.0,0.0,0.0,0.0,0.0
29.0,197,0.0,0.0,0.0,0.0,0.0
29.0,198,0.0,0.0,0.0,0.0,0.0
29.0,199,0.0,0.0,0.0,0.0,0.0
29.0,200,0.0,0.0,0.0,0.0,0.0
29.0,201,0.0,0.0,0.0,0.0,0.0
29.0,202,0.0,0.0,0.0,0.0,0.0
29.0,203,0.0,0.0,0.0,0.0,0.0
29.0,204,0.0,0.0,0.0,0.0,0.0
29.0,205,0.0,0.0,0.0,0.0,0.0
29.0,206,0.0,0.0,0.0,0.0,0.0
29.0,207,0.0,0.0,0.0,0.0,0.0
29.0,208,0.0,0.0,0.0,0.0,0.0
29.0,209,0.0,0.0,0.0,0.0,0.0
29.0,210,0.0,0.0,0.0,0.0,0.0
29.0,211,0.0,0.0,0.0,0.0,0.0
29.0,212,0.0,0.0,0.0,0.0,0.0
29.0,213,0.0,0.0,0.0,0.0,0.0
29.0,214,0.0,0.0,0.0,0.0,0.0
29.0,215,0.0,0.0,0.0,0.0,0.0
29.0,216,0.0,0.0,0.0,0.0,0.0
29.0,217,0.0,0.0,0.0,0.0,0.0
29.0,218,0.0,0.0,0.0,0.0,0.0
29.0,219,0.0,0.0,0.0,0.0,0.0
29.0,220,0.0,0.0,0.0,0.0,0.0
29.0,221,0.0,0.0,0.0,0.0,0.0
29.0,222,0.0,0.0,0.0,0.0,0.0
29.0,223,0.0,0.0,0.0,0.0,0.0
29.0,224,0.0,0.0,0.0,0.0,0.0
29.0,225,0.0,0.0,0.0,0.0,0.0
29.0,226,0.0,0.0,0.0,0.0,0.0
29.0,227,0.0,0.0,0.0,0.0,0.0
29.0,228,0.0,0.0,0.0,0.0,0.0
29.0,229,0.0,0.0,0.0,0.0,0.0
29.0,230,0.0,0.0,0.0,0.0,0.0
29.0,231,0.0,0.0,0.0,0.0,0.0
29.0,232,0.0,0.0,0.0,0.0,0.0
29.0,233,0.0,0.0,0.0,0.0,0.0
29.0,234,0.0,0.0,0.0,0.0,0.0
29.0,235,0.0,0.0,0.0,0.0,0.0
29.0,236,0.0,0.0,0.0,0.0,0.0
29.0,237,0.0,0.0,0.0,0.0,0.0
29.0,238,0.0,0.0,0.0,0.0,0.0
29.0,239,0.0,0.0,0.0,0.0,0.0
29.0,240,0.0,0.0,0.0,0.0,0.0
29.0,241,0.0,0.0,0.0,0.0,0.0
29.0,242,0.0,0.0,0.0,0.0,0.0
29.0,243,0.0,0.0,0.0,0.0,0.0
29.0,244,0.0,0.0,0.0,0.0,0.0
29.0,245,0.0,0.0,0.0,0.0,0.0
29.0,246,0.0,0.0,0.0,0.0,0.0
29.0,247,0.0,0.0,0.0,0.0,0.0
29.0,248,0.0,0.0,0.0,0.0,0.0
29.0,249,0.0,0.0,0.0,0.0,0.0
29.0,250,0.0,0.0,0.0,0.0,0.0
29.0,251,0.0,0.0,0.0,0.0,0.0
29.0,252,0.0,0.0,0.0,0.0,0.0
29.0,253,0.0,0.0,0.0,0.0,0.0
29.0,254,0.0,0.0,0.0,0.0,0.0
29.0,255,0.0,0.0,0.0,0.0,0.0
29.0,256,0.0,0.0,0.0,0.0,0.0
29.0,257,0.0,0.0,0.0,0.0,0.0
29.0,258,0.0,0.0,0.0,0.0,0.0
29.0,259,0.0,0.0,0.0,0.0,0.0
29.0,260,0.0,0.0,0.0,0.0,0.0
29.0,261,0.0,0.0,0.0,0.0,0.0
29.0,262,0.0,0.0,0.0,0.0,0.0
29.0,263,0.0,0.0,0.0,0.0,0.0
29.0,264,0.0,0.0,0.0,0.0,0.0
29.0,265,0.0,0.0,0.0,0.0,0.0
29.0,266,0.0,0.0,0.0,0.0,0.0
29.0,267,0.0,0.0,0.0,0.0,0.0
29.0,268,0.0,0.0,0.0,0.0,0.0
29.0,269,0.0,0.0,0.0,0.0,0.0
29.0,270,0.0,0.0,0.0,0.0,0.0
29.0,271,0.0,0.0,0.0,0.0,0.0
29.0,272,0.0,0.0,0.0,0.0,0.0
29.0,273,0.0,0.0,0.0,0.0,0.0
29.0,274,0.0,0.0,0.0,0.0,0.0
29.0,275,0.0,0.0,0.0,0.0,0.0
29.0,276,0.0,0.0,0.0,0.0,0.0
29.0,277,0.0,0.0,0.0,0.0,0.0
29.0,278,0.0,0.0,0.0,0.0,0.0
29.0,279,0.0,0.0,0.0,0.0,0.0
29.0,280,0.0,0.0,0.0,0.0,0.0
29.0,281,0.0,0.0,0.0,0.0,0.0
29.0,282,0.0,0.0,0.0,0.0,0.0
29.0,283,0.0,0.0,0.0,0.0,0.0
29.0,284,0.0,0.0,0.0,0.0,0.0
29.0,285,0.0,0.0,0.0,0.0,0.0
29.0,286,0.0,0.0,0.0,0.0,0.0
29.0,287,0.0,0.0,0.0,0.0,0.0
29.0,288,0.0,0.0,0.0,0.0,0.0
29.0,289,0.0,0.0,0.0,0.0,0.0
29.0,290,0.0,0.0,0.0,0.0,0.0
29.0,291,0.0,0.0,0.0,0.0,0.0
29.0,292,0.0,0.0,0.0,0.0,0.0
29.0,293,0.0,0.0,0.0,0.0,0.0
29.0,294,0.0,0.0,0.0,0.0,0.0
29.0,295,0.0,0.0,0.0,0.0,0.0
29.0,296,0.0,0.0,0.0,0.0,0.0
29.0,297,0.0,0.0,0.0,0.0,0.0
29.0,298,0.0,0.0,0.0,0.0,0.0
29.0,299,0.0,0.0,0.0,0.0,0.0
29.0,300,0.0,0.0,0.0,0.0,0.0
29.0,301,0.0,0.0,0.0,0.0,0.0
29.0,302,0.0,0.0,0.0,0.0,0.0
29.0,303,0.0,0.0,0.0,0.0,0.0
29.0,304,0.0,0.0,0.0,0.0,0.0
29.0,305,0.0,0.0,0.0,0.0,0.0
29.0,306,0.0,0.0,0.0,0.0,0.0
29.0,307,0.0,0.0,0.0,0.0,0.0
29.0,308,0.0,0.0,0.0,0.0,0.0
29.0,309,0.0,0.0,0.0,0.0,0.0
29.0,310,0.0,0.0,0.0,0.0,0.0
29.0,311,0.0,0.0,0.0,0.0,0.0
29.0,312,0.0,0.0,0.0,0.0,0.0
29.0,313,0.0,0.0,0.0,0.0,0.0
29.0,314,0.0,0.0,0.0,0.0,0.0
29.0,315,0.0,0.0,0.0,0.0,0.0
29.0,316,0.0,0.0,0.0,0.0,0.0
29.0,317,0.0,0.0,0.0,0.0,0.0
29.0,318,0.0,0.0,0.0,0.0,0.0
29.0,319,0.0,0.0,0.0,0.0,0.0
29.0,320,0.0,0.0,0.0,0.0,0.0
29.0,321,0.0,0.0,0.0,0.0,0.0
29.0,322,0.0,0.0,0.0,0.0,0.0
29.0,323,0.0,0.0,0.0,0.0,0.0
29.0,324,0.0,0.0,0.0,0.0,0.0
29.0,325,0.0,0.0,0.0,0.0,0.0
29.0,326,0.0,0.0,0.0,0.0,0.0
29.0,327,0.0,0.0,0.0,0.0,0.0
29.0,328,0.0,0.0,0.0,0.0,0.0
29.0,329,0.0,0.0,0.0,0.0,0.0
29.0,330,0.0,0.0,0.0,0.0,0.0
29.0,331,0.0,0.0,0.0,0.0,0.0
29.0,332,0.0,0.0,0.0,0.0,0.0
29.0,333,0.0,0.0,0.0,0.0,0.0
29.0,334,0.0,0.0,0.0,0.0,0.0
29.0,335,0.0,0.0,0.0,0.0,0.0
29.0,336,0.0,0.0,0.0,0.0,0.0
29.0,337,0.0,0.0,0.0,0.0,0.0
29.0,338,0.0,0.0,0.0,0.0,0.0
29.0,339,0.0,0.0,0.0,0.0,0.0
29.0,340,0.0,0.0,0.0,0.0,0.0
29.0,341,0.0,0.0,0.0,0.0,0.0
29.0,342,0.0,0.0,0.0,0.0,0.0
29.0,343,0.0,0.0,0.0,0.0,0.0
29.0,344,0.0,0.0,0.0,0.0,0.0
29.0,345,0.0,0.0,0.0,0.0,0.0
29.0,346,0.0,0.0,0.0,0.0,0.0
29.0,347,0.0,0.0,0.0,0.0,0.0
29.0,348,0.0,0.0,0.0,0.0,0.0
29.0,349,0.0,0.0,0.0,0.0,0.0
29.0,350,0.0,0.0,0.0,0.0,0.0
29.0,351,0.0,0.0,0.0,0.0,0.0
29.0,352,0.0,0.0,0.0,0.0,0.0
29.0,353,0.0,0.0,0.0,0.0,0.0
29.0,354,0.0,0.0,0.0,0.0,0.0
29.0,355,0.0,0.0,0.0,0.0,0.0
29.0,356,0.0,0.0,0.0,0.0,0.0
29.0,357,0.0,0.0,0.0,0.0,0.0
29.0,358,0.0,0.0,0.0,0.0,0.0
29.0,359,0.0,0.0,0.0,0.0,0.0
29.0,360,0.0,0.0,0.0,0.0,0.0
29.0,361,0.0,0.0,0.0,0.0,0.0
29.0,362,0.0,0.0,0.0,0.0,0.0
29.0,363,0.0,0.0,0.0,0.0,0.0
29.0,364,0.0,0.0,0.0,0.0,0.0
29.0,365,0.0,0.0,0.0,0.0,0.0
29.0,366,0.0,0.0,0.0,0.0,0.0
29.0,367,0.0,0.0,0.0,0.0,0.0
29.0,368,0.0,0.0,0.0,0.0,0.0
29.0,369,0.0,0.0,0.0,0.0,0.0
29.0,370,0.0,0.0,0.0,0.0,0.0
29.0,371,0.0,0.0,0.0,0.0,0.0
29.0,372,0.0,0.0,0.0,0.0,0.0
29.0,373,0.0,0.0,0.0,0.0,0.0
29.0,374,0.0,0.0,0.0,0.0,0.0
29.0,375,0.0,0.0,0.0,0.0,0.0
29.0,376,0.0,0.0,0.0,0.0,0.0
29.0,377,0.0,0.0,0.0,0.0,0.0
29.0,378,0.0,0.0,0.0,0.0,0.0
29.0,379,0.0,0.0,0.0,0.0,0.0
29.0,380,0.0,0.0,0.0,0.0,0.0
29.0,381,0.0,0.0,0.0,0.0,0.0
29.0,382,0.0,0.0,0.0,0.0,0.0
29.0,383,0.0,0.0,0.0,0.0,0.0
29.0,384,0.0,0.0,0.0,0.0,0.0
29.0,385,0.0,0.0,0.0,0.0,0.0
29.0,386,0.0,0.0,0.0,0.0,0.0
29.0,387,0.0,0.0,0.0,0.0,0.0
29.0,388,0.0,0.0,0.0,0.0,0.0
29.0,389,0.0,0.0,0.0,0.0,0.0
29.0,390,0.0,0.0,0.0,0.0,0.0
29.0,391,0.0,0.0,0.0,0.0,0.0
29.0,392,0.0,0.0,0.0,0.0,0.0
29.0,393,0.0,0.0,0.0,0.0,0.0
29.0,394,0.0,0.0,0.0,0.0,0.0
29.0,395,0.0,0.0,0.0,0.0,0.0
29.0,396,0.0,0.0,0.0,0.0,0.0
29.0,397,0.0,0.0,0.0,0.0,0.0
29.0,398,0.0,0.0,0.0,0.0,0.0
29.0,399,0.0,0.0,0.0,0.0,0.0
29.0,400,0.0,0.0,0.0,0.0,0.0
29.0,401,0.0,0.0,0.0,0.0,0.0
29.0,402,0.0,0.0,0.0,0.0,0.0
29.0,403,0.0,0.0,0.0,0.0,0.0
29.0,404,0.0,0.0,0.0,0.0,0.0
29.0,405,0.0,0.0,0.0,0.0,0.0
29.0,406,0.0,0.0,0.0,0.0,0.0
29.0,407,0.0,0.0,0.0,0.0,0.0
29.0,408,0.0,0.0,0.0,0.0,0.0
29.0,409,0.0,0.0,0.0,0.0,0.0
29.0,410,0.0,0.0,0.0,0.0,0.0
29.0,411,0.0,0.0,0.0,0.0,0.0
29.0,412,0.0,0.0,0.0,0.0,0.0
29.0,413,0.0,0.0,0.0,0.0,0.0
29.0,414,0.0,0.0,0.0,0.0,0.0
29.0,415,0.0,0.0,0.0,0.0,0.0
29.0,416,0.0,0.0,0.0,0.0,0.0
29.0,417,0.0,0.0,0.0,0.0,0.0
29.0,418,0.0,0.0,0.0,0.0,0.0
29.0,419,0.0,0.0,0.0,0.0,0.0
29.0,420,0.0,0.0,0.0,0.0,0.0
29.0,421,0.0,0.0,0.0,0.0,0.0
29.0,422,0.0,0.0,0.0,0.0,0.0
29.0,423,0.0,0.0,0.0,0.0,0.0
29.0,424,0.0,0.0,0.0,0.0,0.0
29.0,425,0.0,0.0,0.0,0.0,0.0
29.0,426,0.0,0.0,0.0,0.0,0.0
29.0,427,0.0,0.0,0.0,0.0,0.0
29.0,428,0.0,0.0,0.0,0.0,0.0
29.0,429,0.0,0.0,0.0,0.0,0.0
29.0,430,0.0,0.0,0.0,0.0,0.0
29.0,431,0.0,0.0,0.0,0.0,0.0
29.0,432,0.0,0.0,0.0,0.0,0.0
29.0,433,0.0,0.0,0.0,0.0,0.0
29.0,434,0.0,0.0,0.0,0.0,0.0
29.0,435,0.0,0.0,0.0,0.0,0.0
29.0,436,0.0,0.0,0.0,0.0,0.0
29.0,437,0.0,0.0,0.0,0.0,0.0
29.0,438,0.0,0.0,0.0,0.0,0.0
29.0,439,0.0,0.0,0.0,0.0,0.0
29.0,440,0.0,0.0,0.0,0.0,0.0
29.0,441,0.0,0.0,0.0,0.0,0.0
29.0,442,0.0,0.0,0.0,0.0,0.0
29.0,443,0.0,0.0,0.0,0.0,0.0
29.0,444,0.0,0.0,0.0,0.0,0.0
29.0,445,0.0,0.0,0.0,0.0,0.0
29.0,446,0.0,0.0,0.0,0.0,0.0
29.0,447,0.0,0.0,0.0,0.0,0.0
29.0,448,0.0,0.0,0.0,0.0,0.0
29.0,449,0.0,0.0,0.0,0.0,0.0
29.0,450,0.0,0.0,0.0,0.0,0.0
29.0,451,0.0,0.0,0.0,0.0,0.0
29.0,452,0.0,0.0,0.0,0.0,0.0
29.0,453,0.0,0.0,0.0,0.0,0.0
29.0,454,0.0,0.0,0.0,0.0,0.0
29.0,455,0.0,0.0,0.0,0.0,0.0
29.0,456,0.0,0.0,0.0,0.0,0.0
29.0,457,0.0,0.0,0.0,0.0,0.0
29.0,458,0.0,0.0,0.0,0.0,0.0
29.0,459,0.0,0.0,0.0,0.0,0.0
29.0,460,0.0,0.0,0.0,0.0,0.0
29.0,461,0.0,0.0,0.0,0.0,0.0
29.0,462,0.0,0.0,0.0,0.0,0.0
29.0,463,0.0,0.0,0.0,0.0,0.0
29.0,464,0.0,0.0,0.0,0.0,0.0
29.0,465,0.0,0.0,0.0,0.0,0.0
29.0,466,0.0,0.0,0.0,0.0,0.0
29.0,467,0.0,0.0,0.0,0.0,0.0
29.0,468,0.0,0.0,0.0,0.0,0.0
29.0,469,0.0,0.0,0.0,0.0,0.0
29.0,470,0.0,0.0,0.0,0.0,0.0
29.0,471,0.0,0.0,0.0,0.0,0.0
29.0,472,0.0,0.0,0.0,0.0,0.0
29.0,473,0.0,0.0,0.0,0.0,0.0
29.0,474,0.0,0.0,0.0,0.0,0.0
29.0,475,0.0,0.0,0.0,0.0,0.0
29.0,476,0.0,0.0,0.0,0.0,0.0
29.0,477,0.0,0.0,0.0,0.0,0.0
29.0,478,0.0,0.0,0.0,0.0,0.0
29.0,479,0.0,0.0,0.0,0.0,0.0
29.0,480,0.0,0.0,0.0,0.0,0.0
29.0,481,0.0,0.0,0.0,0.0,0.0
29.0,482,0.0,0.0,0.0,0.0,0.0
29.0,483,0.0,0.0,0.0,0.0,0.0
29.0,484,0.0,0.0,0.0,0.0,0.0
29.0,485,0.0,0.0,0.0,0.0,0.0
29.0,486,0.0,0.0,0.0,0.0,0.0
29.0,487,0.0,0.0,0.0,0.0,0.0
29.0,488,0.0,0.0,0.0,0.0,0.0
29.0,489,0.0,0.0,0.0,0.0,0.0
29.0,490,0.0,0.0,0.0,0.0,0.0
29.0,491,0.0,0.0,0.0,0.0,0.0
29.0,492,0.0,0.0,0.0,0.0,0.0
29.0,493,0.0,0.0,0.0,0.0,0.0
29.0,494,0.0,0.0,0.0,0.0,0.0
29.0,495,0.0,0.0,0.0,0.0,0.0
29.0,496,0.0,0.0,0.0,0.0,0.0
29.0,497,0.0,0.0,0.0,0.0,0.0
29.0,498,0.0,0.0,0.0,0.0,0.0
29.0,499,0.0,0.0,0.0,0.0,0.0
29.0,500,0.0,0.0,0.0,0.0,0.0
29.0,501,0.0,0.0,0.0,0.0,0.0
29.0,502,0.0,0.0,0.0,0.0,0.0
29.0,503,0.0,0.0,0.0,0.0,0.0
29.0,504,0.0,0.0,0.0,0.0,0.0
29.0,505,0.0,0.0,0.0,0.0,0.0
29.0,506,0.0,0.0,0.0,0.0,0.0
29.0,507,0.0,0.0,0.0,0.0,0.0
29.0,508,0.0,0.0,0.0,0.0,0.0
29.0,509,0.0,0.0,0.0,0.0,0.0
29.0,510,0.0,0.0,0.0,0.0,0.0
29.0,511,0.0,0.0,0.0,0.0,0.0
29.0,512,0.0,0.0,0.0,0.0,0.0
29.0,513,0.0,0.0,0.0,0.0,0.0
29.0,514,0.0,0.0,0.0,0.0,0.0
29.0,515,0.0,0.0,0.0,0.0,0.0
29.0,516,0.0,0.0,0.0,0.0,0.0
29.0,517,0.0,0.0,0.0,0.0,0.0
29.0,518,0.0,0.0,0.0,0.0,0.0
29.0,519,0.0,0.0,0.0,0.0,0.0
29.0,520,0.0,0.0,0.0,0.0,0.0
29.0,521,0.0,0.0,0.0,0.0,0.0
29.0,522,0.0,0.0,0.0,0.0,0.0
29.0,523,0.0,0.0,0.0,0.0,0.0
29.0,524,0.0,0.0,0.0,0.0,0.0
29.0,525,0.0,0.0,0.0,0.0,0.0
29.0,526,0.0,0.0,0.0,0.0,0.0
29.0,527,0.0,0.0,0.0,0.0,0.0
29.0,528,0.0,0.0,0.0,0.0,0.0
29.0,529,0.0,0.0,0.0,0.0,0.0
29.0,530,0.0,0.0,0.0,0.0,0.0
29.0,531,0.0,0.0,0.0,0.0,0.0
29.0,532,0.0,0.0,0.0,0.0,0.0
29.0,533,0.0,0.0,0.0,0.0,0.0
29.0,534,0.0,0.0,0.0,0.0,0.0
29.0,535,0.0,0.0,0.0,0.0,0.0
29.0,536,0.0,0.0,0.0,0.0,0.0
29.0,537,0.0,0.0,0.0,0.0,0.0
29.0,538,0.0,0.0,0.0,0.0,0.0
29.0,539,0.0,0.0,0.0,0.0,0.0
29.0,540,0.0,0.0,0.0,0.0,0.0
29.0,541,0.0,0.0,0.0,0.0,0.0
29.0,542,0.0,0.0,0.0,0.0,0.0
29.0,543,0.0,0.0,0.0,0.0,0.0
29.0,544,0.0,0.0,0.0,0.0,0.0
29.0,545,0.0,0.0,0.0,0.0,0.0
29.0,546,0.0,0.0,0.0,0.0,0.0
29.0,547,0.0,0.0,0.0,0.0,0.0
29.0,548,0.0,0.0,0.0,0.0,0.0
29.0,549,0.0,0.0,0.0,0.0,0.0
29.0,550,0.0,0.0,0.0,0.0,0.0
29.0,551,0.0,0.0,0.0,0.0,0.0
29.0,552,0.0,0.0,0.0,0.0,0.0
29.0,553,0.0,0.0,0.0,0.0,0.0
29.0,554,0.0,0.0,0.0,0.0,0.0
29.0,555,0.0,0.0,0.0,0.0,0.0
29.0,556,0.0,0.0,0.0,0.0,0.0
29.0,557,0.0,0.0,0.0,0.0,0.0
29.0,558,0.0,0.0,0.0,0.0,0.0
29.0,559,0.0,0.0,0.0,0.0,0.0
29.0,560,0.0,0.0,0.0,0.0,0.0
29.0,561,0.0,0.0,0.0,0.0,0.0
29.0,562,0.0,0.0,0.0,0.0,0.0
29.0,563,0.0,0.0,0.0,0.0,0.0
29.0,564,0.0,0.0,0.0,0.0,0.0
29.0,565,0.0,0.0,0.0,0.0,0.0
29.0,566,0.0,0.0,0.0,0.0,0.0
29.0,567,0.0,0.0,0.0,0.0,0.0
29.0,568,0.0,0.0,0.0,0.0,0.0
29.0,569,0.0,0.0,0.0,0.0,0.0
29.0,570,0.0,0.0,0.0,0.0,0.0
29.0,571,0.0,0.0,0.0,0.0,0.0
29.0,572,0.0,0.0,0.0,0.0,0.0
29.0,573,0.0,0.0,0.0,0.0,0.0
29.0,574,0.0,0.0,0.0,0.0,0.0
29.0,575,0.0,0.0,0.0,0.0,0.0
29.0,576,0.0,0.0,0.0,0.0,0.0
29.0,577,0.0,0.0,0.0,0.0,0.0
29.0,578,0.0,0.0,0.0,0.0,0.0
29.0,579,0.0,0.0,0.0,0.0,0.0
29.0,580,0.0,0.0,0.0,0.0,0.0
29.0,581,0.0,0.0,0.0,0.0,0.0
29.0,582,0.0,0.0,0.0,0.0,0.0
29.0,583,0.0,0.0,0.0,0.0,0.0
29.0,584,0.0,0.0,0.0,0.0,0.0
29.0,585,0.0,0.0,0.0,0.0,0.0
29.0,586,0.0,0.0,0.0,0.0,0.0
29.0,587,0.0,0.0,0.0,0.0,0.0
29.0,588,0.0,0.0,0.0,0.0,0.0
29.0,589,0.0,0.0,0.0,0.0,0.0
29.0,590,0.0,0.0,0.0,0.0,0.0
29.0,591,0.0,0.0,0.0,0.0,0.0
29.0,592,0.0,0.0,0.0,0.0,0.0
29.0,593,0.0,0.0,0.0,0.0,0.0
29.0,594,0.0,0.0,0.0,0.0,0.0
29.0,595,0.0,0.0,0.0,0.0,0.0
29.0,596,0.0,0.0,0.0,0.0,0.0
29.0,597,0.0,0.0,0.0,0.0,0.0
29.0,598,0.0,0.0,0.0,0.0,0.0
29.0,599,0.0,0.0,0.0,0.0,0.0
29.0,600,0.0,0.0,0.0,0.0,0.0
29.0,601,0.0,0.0,0.0,0.0,0.0
29.0,602,0.0,0.0,0.0,0.0,0.0
29.0,603,0.0,0.0,0.0,0.0,0.0
29.0,604,0.0,0.0,0.0,0.0,0.0
29.0,605,0.0,0.0,0.0,0.0,0.0
29.0,606,0.0,0.0,0.0,0.0,0.0
29.0,607,0.0,0.0,0.0,0.0,0.0
29.0,608,0.0,0.0,0.0,0.0,0.0
29.0,609,0.0,0.0,0.0,0.0,0.0
29.0,610,0.0,0.0,0.0,0.0,0.0
29.0,611,0.0,0.0,0.0,0.0,0.0
29.0,612,0.0,0.0,0.0,0.0,0.0
29.0,613,0.0,0.0,0.0,0.0,0.0
29.0,614,0.0,0.0,0.0,0.0,0.0
29.0,615,0.0,0.0,0.0,0.0,0.0
29.0,616,0.0,0.0,0.0,0.0,0.0
29.0,617,0.0,0.0,0.0,0.0,0.0
29.0,618,0.0,0.0,0.0,0.0,0.0
29.0,619,0.0,0.0,0.0,0.0,0.0
29.0,620,0.0,0.0,0.0,0.0,0.0
29.0,621,0.0,0.0,0.0,0.0,0.0
29.0,622,0.0,0.0,0.0,0.0,0.0
29.0,623,0.0,0.0,0.0,0.0,0.0
29.0,624,0.0,0.0,0.0,0.0,0.0
29.0,625,0.0,0.0,0.0,0.0,0.0
29.0,626,0.0,0.0,0.0,0.0,0.0
29.0,627,0.0,0.0,0.0,0.0,0.0
29.0,628,0.0,0.0,0.0,0.0,0.0
29.0,629,0.0,0.0,0.0,0.0,0.0
29.0,630,0.0,0.0,0.0,0.0,0.0
29.0,631,0.0,0.0,0.0,0.0,0.0
29.0,632,0.0,0.0,0.0,0.0,0.0
29.0,633,0.0,0.0,0.0,0.0,0.0
29.0,634,0.0,0.0,0.0,0.0,0.0
29.0,635,0.0,0.0,0.0,0.0,0.0
29.0,636,0.0,0.0,0.0,0.0,0.0
29.0,637,0.0,0.0,0.0,0.0,0.0
29.0,638,0.0,0.0,0.0,0.0,0.0
29.0,639,0.0,0.0,0.0,0.0,0.0
29.0,640,0.0,0.0,0.0,0.0,0.0
29.0,641,0.0,0.0,0.0,0.0,0.0
29.0,642,0.0,0.0,0.0,0.0,0.0
29.0,643,0.0,0.0,0.0,0.0,0.0
29.0,644,0.0,0.0,0.0,0.0,0.0
29.0,645,0.0,0.0,0.0,0.0,0.0
29.0,646,0.0,0.0,0.0,0.0,0.0
29.0,647,0.0,0.0,0.0,0.0,0.0
29.0,648,0.0,0.0,0.0,0.0,0.0
29.0,649,0.0,0.0,0.0,0.0,0.0
29.0,650,0.0,0.0,0.0,0.0,0.0
29.0,651,0.0,0.0,0.0,0.0,0.0
29.0,652,0.0,0.0,0.0,0.0,0.0
29.0,653,0.0,0.0,0.0,0.0,0.0
29.0,654,0.0,0.0,0.0,0.0,0.0
29.0,655,0.0,0.0,0.0,0.0,0.0
29.0,656,0.0,0.0,0.0,0.0,0.0
29.0,657,0.0,0.0,0.0,0.0,0.0
29.0,658,0.0,0.0,0.0,0.0,0.0
29.0,659,0.0,0.0,0.0,0.0,0.0
29.0,660,0.0,0.0,0.0,0.0,0.0
29.0,661,0.0,0.0,0.0,0.0,0.0
29.0,662,0.0,0.0,0.0,0.0,0.0
29.0,663,0.0,0.0,0.0,0.0,0.0
29.0,664,0.0,0.0,0.0,0.0,0.0
29.0,665,0.0,0.0,0.0,0.0,0.0
29.0,666,0.0,0.0,0.0,0.0,0.0
29.0,667,0.0,0.0,0.0,0.0,0.0
29.0,668,0.0,0.0,0.0,0.0,0.0
29.0,669,0.0,0.0,0.0,0.0,0.0
29.0,670,0.0,0.0,0.0,0.0,0.0
29.0,671,0.0,0.0,0.0,0.0,0.0
29.0,672,0.0,0.0,0.0,0.0,0.0
29.0,673,0.0,0.0,0.0,0.0,0.0
29.0,674,0.0,0.0,0.0,0.0,0.0
29.0,675,0.0,0.0,0.0,0.0,0.0
29.0,676,0.0,0.0,0.0,0.0,0.0
29.0,677,0.0,0.0,0.0,0.0,0.0
29.0,678,0.0,0.0,0.0,0.0,0.0
29.0,679,0.0,0.0,0.0,0.0,0.0
29.0,680,0.0,0.0,0.0,0.0,0.0
29.0,681,0.0,0.0,0.0,0.0,0.0
29.0,682,0.0,0.0,0.0,0.0,0.0
29.0,683,0.0,0.0,0.0,0.0,0.0
29.0,684,0.0,0.0,0.0,0.0,0.0
29.0,685,0.0,0.0,0.0,0.0,0.0
29.0,686,0.0,0.0,0.0,0.0,0.0
29.0,687,0.0,0.0,0.0,0.0,0.0
29.0,688,0.0,0.0,0.0,0.0,0.0
29.0,689,0.0,0.0,0.0,0.0,0.0
29.0,690,0.0,0.0,0.0,0.0,0.0
29.0,691,0.0,0.0,0.0,0.0,0.0
29.0,692,0.0,0.0,0.0,0.0,0.0
29.0,693,0.0,0.0,0.0,0.0,0.0
29.0,694,0.0,0.0,0.0,0.0,0.0
29.0,695,0.0,0.0,0.0,0.0,0.0
29.0,696,0.0,0.0,0.0,0.0,0.0
29.0,697,0.0,0.0,0.0,0.0,0.0
29.0,698,0.0,0.0,0.0,0.0,0.0
29.0,699,0.0,0.0,0.0,0.0,0.0
29.0,700,0.0,0.0,0.0,0.0,0.0
29.0,701,0.0,0.0,0.0,0.0,0.0
29.0,702,0.0,0.0,0.0,0.0,0.0
29.0,703,0.0,0.0,0.0,0.0,0.0
29.0,704,0.0,0.0,0.0,0.0,0.0
29.0,705,0.0,0.0,0.0,0.0,0.0
29.0,706,0.0,0.0,0.0,0.0,0.0
29.0,707,0.0,0.0,0.0,0.0,0.0
29.0,708,0.0,0.0,0.0,0.0,0.0
29.0,709,0.0,0.0,0.0,0.0,0.0
29.0,710,0.0,0.0,0.0,0.0,0.0
29.0,711,0.0,0.0,0.0,0.0,0.0
29.0,712,0.0,0.0,0.0,0.0,0.0
29.0,713,0.0,0.0,0.0,0.0,0.0
29.0,714,0.0,0.0,0.0,0.0,0.0
29.0,715,0.0,0.0,0.0,0.0,0.0
29.0,716,0.0,0.0,0.0,0.0,0.0
29.0,717,0.0,0.0,0.0,0.0,0.0
29.0,718,0.0,0.0,0.0,0.0,0.0
29.0,719,0.0,0.0,0.0,0.0,0.0
29.0,720,0.0,0.0,0.0,0.0,0.0
29.0,721,0.0,0.0,0.0,0.0,0.0
29.0,722,0.0,0.0,0.0,0.0,0.0
29.0,723,0.0,0.0,0.0,0.0,0.0
29.0,724,0.0,0.0,0.0,0.0,0.0
29.0,725,0.0,0.0,0.0,0.0,0.0
29.0,726,0.0,0.0,0.0,0.0,0.0
29.0,727,0.0,0.0,0.0,0.0,0.0
29.0,728,0.0,0.0,0.0,0.0,0.0
29.0,729,0.0,0.0,0.0,0.0,0.0
29.0,730,0.0,0.0,0.0,0.0,0.0
29.0,731,0.0,0.0,0.0,0.0,0.0
29.0,732,0.0,0.0,0.0,0.0,0.0
29.0,733,0.0,0.0,0.0,0.0,0.0
29.0,734,0.0,0.0,0.0,0.0,0.0
29.0,735,0.0,0.0,0.0,0.0,0.0
29.0,736,0.0,0.0,0.0,0.0,0.0
29.0,737,0.0,0.0,0.0,0.0,0.0
29.0,738,0.0,0.0,0.0,0.0,0.0
29.0,739,0.0,0.0,0.0,0.0,0.0
29.0,740,0.0,0.0,0.0,0.0,0.0
29.0,741,0.0,0.0,0.0,0.0,0.0
29.0,742,0.0,0.0,0.0,0.0,0.0
29.0,743,0.0,0.0,0.0,0.0,0.0
29.0,744,0.0,0.0,0.0,0.0,0.0
29.0,745,0.0,0.0,0.0,0.0,0.0
29.0,746,0.0,0.0,0.0,0.0,0.0
29.0,747,0.0,0.0,0.0,0.0,0.0
29.0,748,0.0,0.0,0.0,0.0,0.0
29.0,749,0.0,0.0,0.0,0.0,0.0
29.0,750,0.0,0.0,0.0,0.0,0.0
29.0,751,0.0,0.0,0.0,0.0,0.0
29.0,752,0.0,0.0,0.0,0.0,0.0
29.0,753,0.0,0.0,0.0,0.0,0.0
29.0,754,0.0,0.0,0.0,0.0,0.0
29.0,755,0.0,0.0,0.0,0.0,0.0
29.0,756,0.0,0.0,0.0,0.0,0.0
29.0,757,0.0,0.0,0.0,0.0,0.0
29.0,758,0.0,0.0,0.0,0.0,0.0
29.0,759,0.0,0.0,0.0,0.0,0.0
29.0,760,0.0,0.0,0.0,0.0,0.0
29.0,761,0.0,0.0,0.0,0.0,0.0
29.0,762,0.0,0.0,0.0,0.0,0.0
29.0,763,0.0,0.0,0.0,0.0,0.0
29.0,764,0.0,0.0,0.0,0.0,0.0
29.0,765,0.0,0.0,0.0,0.0,0.0
29.0,766,0.0,0.0,0.0,0.0,0.0
29.0,767,0.0,0.0,0.0,0.0,0.0
29.0,768,0.0,0.0,0.0,0.0,0.0
29.0,769,0.0,0.0,0.0,0.0,0.0
29.0,770,0.0,0.0,0.0,0.0,0.0
29.0,771,0.0,0.0,0.0,0.0,0.0
29.0,772,0.0,0.0,0.0,0.0,0.0
29.0,773,0.0,0.0,0.0,0.0,0.0
29.0,774,0.0,0.0,0.0,0.0,0.0
29.0,775,0.0,0.0,0.0,0.0,0.0
29.0,776,0.0,0.0,0.0,0.0,0.0
29.0,777,0.0,0.0,0.0,0.0,0.0
29.0,778,0.0,0.0,0.0,0.0,0.0
29.0,779,0.0,0.0,0.0,0.0,0.0
29.0,780,0.0,0.0,0.0,0.0,0.0
29.0,781,0.0,0.0,0.0,0.0,0.0
29.0,782,0.0,0.0,0.0,0.0,0.0
29.0,783,0.0,0.0,0.0,0.0,0.0
29.0,784,0.0,0.0,0.0,0.0,0.0
29.0,785,0.0,0.0,0.0,0.0,0.0
29.0,786,0.0,0.0,0.0,0.0,0.0
29.0,787,0.0,0.0,0.0,0.0,0.0
29.0,788,0.0,0.0,0.0,0.0,0.0
29.0,789,0.0,0.0,0.0,0.0,0.0
29.0,790,0.0,0.0,0.0,0.0,0.0
29.0,791,0.0,0.0,0.0,0.0,0.0
29.0,792,0.0,0.0,0.0,0.0,0.0
29.0,793,0.0,0.0,0.0,0.0,0.0
29.0,794,0.0,0.0,0.0,0.0,0.0
29.0,795,0.0,0.0,0.0,0.0,0.0
29.0,796,0.0,0.0,0.0,0.0,0.0
29.0,797,0.0,0.0,0.0,0.0,0.0
29.0,798,0.0,0.0,0.0,0.0,0.0
29.0,799,0.0,0.0,0.0,0.0,0.0
29.0,800,0.0,0.0,0.0,0.0,0.0
29.0,801,0.0,0.0,0.0,0.0,0.0
29.0,802,0.0,0.0,0.0,0.0,0.0
29.0,803,0.0,0.0,0.0,0.0,0.0
29.0,804,0.0,0.0,0.0,0.0,0.0
29.0,805,0.0,0.0,0.0,0.0,0.0
29.0,806,0.0,0.0,0.0,0.0,0.0
29.0,807,0.0,0.0,0.0,0.0,0.0
29.0,808,0.0,0.0,0.0,0.0,0.0
29.0,809,0.0,0.0,0.0,0.0,0.0
29.0,810,0.0,0.0,0.0,0.0,0.0
29.0,811,0.0,0.0,0.0,0.0,0.0
29.0,812,0.0,0.0,0.0,0.0,0.0
29.0,813,0.0,0.0,0.0,0.0,0.0
29.0,814,0.0,0.0,0.0,0.0,0.0
29.0,815,0.0,0.0,0.0,0.0,0.0
29.0,816,0.0,0.0,0.0,0.0,0.0
29.0,817,0.0,0.0,0.0,0.0,0.0
29.0,818,0.0,0.0,0.0,0.0,0.0
29.0,819,0.0,0.0,0.0,0.0,0.0
29.0,820,0.0,0.0,0.0,0.0,0.0
29.0,821,0.0,0.0,0.0,0.0,0.0
29.0,822,0.0,0.0,0.0,0.0,0.0
29.0,823,0.0,0.0,0.0,0.0,0.0
29.0,824,0.0,0.0,0.0,0.0,0.0
29.0,825,0.0,0.0,0.0,0.0,0.0
29.0,826,0.0,0.0,0.0,0.0,0.0
29.0,827,0.0,0.0,0.0,0.0,0.0
29.0,828,0.0,0.0,0.0,0.0,0.0
29.0,829,0.0,0.0,0.0,0.0,0.0
29.0,830,0.0,0.0,0.0,0.0,0.0
29.0,831,0.0,0.0,0.0,0.0,0.0
29.0,832,0.0,0.0,0.0,0.0,0.0
29.0,833,0.0,0.0,0.0,0.0,0.0
29.0,834,0.0,0.0,0.0,0.0,0.0
29.0,835,0.0,0.0,0.0,0.0,0.0
29.0,836,0.0,0.0,0.0,0.0,0.0
29.0,837,0.0,0.0,0.0,0.0,0.0
29.0,838,0.0,0.0,0.0,0.0,0.0
29.0,839,0.0,0.0,0.0,0.0,0.0
29.0,840,0.0,0.0,0.0,0.0,0.0
29.0,841,0.0,0.0,0.0,0.0,0.0
29.0,842,0.0,0.0,0.0,0.0,0.0
29.0,843,0.0,0.0,0.0,0.0,0.0
29.0,844,0.0,0.0,0.0,0.0,0.0
29.0,845,0.0,0.0,0.0,0.0,0.0
29.0,846,0.0,0.0,0.0,0.0,0.0
29.0,847,0.0,0.0,0.0,0.0,0.0
29.0,848,0.0,0.0,0.0,0.0,0.0
29.0,849,0.0,0.0,0.0,0.0,0.0
29.0,850,0.0,0.0,0.0,0.0,0.0
29.0,851,0.0,0.0,0.0,0.0,0.0
29.0,852,0.0,0.0,0.0,0.0,0.0
29.0,853,0.0,0.0,0.0,0.0,0.0
29.0,854,0.0,0.0,0.0,0.0,0.0
29.0,855,0.0,0.0,0.0,0.0,0.0
29.0,856,0.0,0.0,0.0,0.0,0.0
29.0,857,0.0,0.0,0.0,0.0,0.0
29.0,858,0.0,0.0,0.0,0.0,0.0
29.0,859,0.0,0.0,0.0,0.0,0.0
29.0,860,0.0,0.0,0.0,0.0,0.0
29.0,861,0.0,0.0,0.0,0.0,0.0
29.0,862,0.0,0.0,0.0,0.0,0.0
29.0,863,0.0,0.0,0.0,0.0,0.0
29.0,864,0.0,0.0,0.0,0.0,0.0
29.0,865,0.0,0.0,0.0,0.0,0.0
29.0,866,0.0,0.0,0.0,0.0,0.0
29.0,867,0.0,0.0,0.0,0.0,0.0
29.0,868,0.0,0.0,0.0,0.0,0.0
29.0,869,0.0,0.0,0.0,0.0,0.0
29.0,870,0.0,0.0,0.0,0.0,0.0
29.0,871,0.0,0.0,0.0,0.0,0.0
29.0,872,0.0,0.0,0.0,0.0,0.0
29.0,873,0.0,0.0,0.0,0.0,0.0
29.0,874,0.0,0.0,0.0,0.0,0.0
29.0,875,0.0,0.0,0.0,0.0,0.0
29.0,876,0.0,0.0,0.0,0.0,0.0
29.0,877,0.0,0.0,0.0,0.0,0.0
29.0,878,0.0,0.0,0.0,0.0,0.0
29.0,879,0.0,0.0,0.0,0.0,0.0
29.0,880,0.0,0.0,0.0,0.0,0.0
29.0,881,0.0,0.0,0.0,0.0,0.0
29.0,882,0.0,0.0,0.0,0.0,0.0
29.0,883,0.0,0.0,0.0,0.0,0.0
29.0,884,0.0,0.0,0.0,0.0,0.0
29.0,885,0.0,0.0,0.0,0.0,0.0
29.0,886,0.0,0.0,0.0,0.0,0.0
29.0,887,0.0,0.0,0.0,0.0,0.0
29.0,888,0.0,0.0,0.0,0.0,0.0
29.0,889,0.0,0.0,0.0,0.0,0.0
29.0,890,0.0,0.0,0.0,0.0,0.0
29.0,891,0.0,0.0,0.0,0.0,0.0
29.0,892,0.0,0.0,0.0,0.0,0.0
29.0,893,0.0,0.0,0.0,0.0,0.0
29.0,894,0.0,0.0,0.0,0.0,0.0
29.0,895,0.0,0.0,0.0,0.0,0.0
29.0,896,0.0,0.0,0.0,0.0,0.0
29.0,897,0.0,0.0,0.0,0.0,0.0
29.0,898,0.0,0.0,0.0,0.0,0.0
29.0,899,0.0,0.0,0.0,0.0,0.0
29.0,900,0.0,0.0,0.0,0.0,0.0
29.0,901,0.0,0.0,0.0,0.0,0.0
29.0,902,0.0,0.0,0.0,0.0,0.0
29.0,903,0.0,0.0,0.0,0.0,0.0
29.0,904,0.0,0.0,0.0,0.0,0.0
29.0,905,0.0,0.0,0.0,0.0,0.0
29.0,906,0.0,0.0,0.0,0.0,0.0
29.0,907,0.0,0.0,0.0,0.0,0.0
29.0,908,0.0,0.0,0.0,0.0,0.0
29.0,909,0.0,0.0,0.0,0.0,0.0
29.0,910,0.0,0.0,0.0,0.0,0.0
29.0,911,0.0,0.0,0.0,0.0,0.0
29.0,912,0.0,0.0,0.0,0.0,0.0
29.0,913,0.0,0.0,0.0,0.0,0.0
29.0,914,0.0,0.0,0.0,0.0,0.0
29.0,915,0.0,0.0,0.0,0.0,0.0
29.0,916,0.0,0.0,0.0,0.0,0.0
29.0,917,0.0,0.0,0.0,0.0,0.0
29.0,918,0.0,0.0,0.0,0.0,0.0
29.0,919,0.0,0.0,0.0,0.0,0.0
29.0,920,0.0,0.0,0.0,0.0,0.0
29.0,921,0.0,0.0,0.0,0.0,0.0
29.0,922,0.0,0.0,0.0,0.0,0.0
29.0,923,0.0,0.0,0.0,0.0,0.0
29.0,924,0.0,0.0,0.0,0.0,0.0
29.0,925,0.0,0.0,0.0,0.0,0.0
29.0,926,0.0,0.0,0.0,0.0,0.0
29.0,927,0.0,0.0,0.0,0.0,0.0
29.0,928,0.0,0.0,0.0,0.0,0.0
29.0,929,0.0,0.0,0.0,0.0,0.0
29.0,930,0.0,0.0,0.0,0.0,0.0
29.0,931,0.0,0.0,0.0,0.0,0.0
29.0,932,0.0,0.0,0.0,0.0,0.0
29.0,933,0.0,0.0,0.0,0.0,0.0
29.0,934,0.0,0.0,0.0,0.0,0.0
29.0,935,0.0,0.0,0.0,0.0,0.0
29.0,936,0.0,0.0,0.0,0.0,0.0
29.0,937,0.0,0.0,0.0,0.0,0.0
29.0,938,0.0,0.0,0.0,0.0,0.0
29.0,939,0.0,0.0,0.0,0.0,0.0
29.0,940,0.0,0.0,0.0,0.0,0.0
29.0,941,0.0,0.0,0.0,0.0,0.0
29.0,942,0.0,0.0,0.0,0.0,0.0
29.0,943,0.0,0.0,0.0,0.0,0.0
29.0,944,0.0,0.0,0.0,0.0,0.0
29.0,945,0.0,0.0,0.0,0.0,0.0
29.0,946,0.0,0.0,0.0,0.0,0.0
29.0,947,0.0,0.0,0.0,0.0,0.0
29.0,948,0.0,0.0,0.0,0.0,0.0
29.0,949,0.0,0.0,0.0,0.0,0.0
29.0,950,0.0,0.0,0.0,0.0,0.0
29.0,951,0.0,0.0,0.0,0.0,0.0
29.0,952,0.0,0.0,0.0,0.0,0.0
29.0,953,0.0,0.0,0.0,0.0,0.0
29.0,954,0.0,0.0,0.0,0.0,0.0
29.0,955,0.0,0.0,0.0,0.0,0.0
29.0,956,0.0,0.0,0.0,0.0,0.0
29.0,957,0.0,0.0,0.0,0.0,0.0
29.0,958,0.0,0.0,0.0,0.0,0.0
29.0,959,0.0,0.0,0.0,0.0,0.0
29.0,960,0.0,0.0,0.0,0.0,0.0
29.0,961,0.0,0.0,0.0,0.0,0.0
29.0,962,0.0,0.0,0.0,0.0,0.0
29.0,963,0.0,0.0,0.0,0.0,0.0
29.0,964,0.0,0.0,0.0,0.0,0.0
29.0,965,0.0,0.0,0.0,0.0,0.0
29.0,966,0.0,0.0,0.0,0.0,0.0
29.0,967,0.0,0.0,0.0,0.0,0.0
29.0,968,0.0,0.0,0.0,0.0,0.0
29.0,969,0.0,0.0,0.0,0.0,0.0
29.0,970,0.0,0.0,0.0,0.0,0.0
29.0,971,0.0,0.0,0.0,0.0,0.0
29.0,972,0.0,0.0,0.0,0.0,0.0
29.0,973,0.0,0.0,0.0,0.0,0.0
29.0,974,0.0,0.0,0.0,0.0,0.0
29.0,975,0.0,0.0,0.0,0.0,0.0
29.0,976,0.0,0.0,0.0,0.0,0.0
29.0,977,0.0,0.0,0.0,0.0,0.0
29.0,978,0.0,0.0,0.0,0.0,0.0
29.0,979,0.0,0.0,0.0,0.0,0.0
29.0,980,0.0,0.0,0.0,0.0,0.0
29.0,981,0.0,0.0,0.0,0.0,0.0
29.0,982,0.0,0.0,0.0,0.0,0.0
29.0,983,0.0,0.0,0.0,0.0,0.0
29.0,984,0.0,0.0,0.0,0.0,0.0
29.0,985,0.0,0.0,0.0,0.0,0.0
29.0,986,0.0,0.0,0.0,0.0,0.0
29.0,987,0.0,0.0,0.0,0.0,0.0
29.0,988,0.0,0.0,0.0,0.0,0.0
29.0,989,0.0,0.0,0.0,0.0,0.0
29.0,990,0.0,0.0,0.0,0.0,0.0
29.0,991,0.0,0.0,0.0,0.0,0.0
29.0,992,0.0,0.0,0.0,0.0,0.0
29.0,993,0.0,0.0,0.0,0.0,0.0
29.0,994,0.0,0.0,0.0,0.0,0.0
29.0,995,0.0,0.0,0.0,0.0,0.0
29.0,996,0.0,0.0,0.0,0.0,0.0
29.0,997,0.0,0.0,0.0,0.0,0.0
29.0,998,0.0,0.0,0.0,0.0,0.0
29.0,999,0.0,0.0,0.0,0.0,0.0
29.0,1000,0.0,0.0,0.0,0.0,0.0
31.0,1,1.6666666666666667,1.8333333333333333,1.5833333333333333,2.1666666666666665,0.0
31.0,2,0.0,0.0,0.0,0.0,0.0
31.0,3,0.0,0.0,0.0,0.0,0.0
31.0,4,1.5,0.0,0.0,0.0,0.0
31.0,5,0.0,0.0,0.0,0.0,0.0
31.0,6,1.6666666666666667,0.0,0.0,0.0,0.0
31.0,7,0.0,0.0,0.0,0.0,0.0
31.0,8,0.0,0.0,0.0,0.0,0.0
31.0,9,0.0,0.0,0.0,0.0,0.0
31.0,10,1.25,0.0,0.0,0.0,0.0
31.0,11,1.4166666666666667,1.4166666666666667,1.75,0.0,0.0
31.0,12,1.1666666666666667,0.0,0.0,0.0,0.0
31.0,13,0.0,0.0,0.0,0.0,0.0
31.0,14,1.25,1.25,1.8333333333333333,0.0,0.0
31.0,15,1.5,0.0,0.0,0.0,0.0
31.0,16,1.1666666666666667,1.25,1.25,0.0,0.0
31.0,17,1.0833333333333333,0.0,0.0,0.0,0.0
31.0,18,0.0,0.0,0.0,0.0,0.0
31.0,19,1.1666666666666667,1.0833333333333333,1.5833333333333333,2.25,0.0
31.0,20,1.0833333333333333,0.0,0.0,0.0,0.0
31.0,21,1.0833333333333333,0.9166666666666666,0.0,0.0,0.0
31.0,22,1.1666666666666667,0.6666666666666666,0.0,0.0,0.0
31.0,23,1.0,0.0,0.0,0.0,0.0
31.0,24,1.0833333333333333,0.0,0.0,0.0,0.0
31.0,25,0.0,0.0,0.0,0.0,0.0
31.0,26,0.0,0.0,0.0,0.0,0.0
31.0,27,1.0,1.1666666666666667,0.0,0.0,0.0
31.0,28,0.0,0.0,0.0,0.0,0.0
31.0,29,1.3333333333333333,1.4166666666666667,2.1666666666666665,0.0,0.0
31.0,30,0.0,0.0,0.0,0.0,0.0
31.0,31,0.0,0.0,0.0,0.0,0.0
31.0,32,0.0,0.0,0.0,0.0,0.0
31.0,33,0.0,0.0,0.0,0.0,0.0
31.0,34,0.0,0.0,0.0,0.0,0.0
31.0,35,0.0,0.0,0.0,0.0,0.0
31.0,36,0.0,0.0,0.0,0.0,0.0
31.0,37,0.0,0.0,0.0,0.0,0.0
31.0,38,0.0,0.0,0.0,0.0,0.0
31.0,39,0.0,0.0,0.0,0.0,0.0
31.0,40,0.0,0.0,0.0,0.0,0.0
31.0,41,1.0833333333333333,0.0,0.0,0.0,0.0
31.0,42,1.0,1.3333333333333333,0.0,0.0,0.0
31.0,43,0.0,0.0,0.0,0.0,0.0
31.0,44,0.8333333333333334,1.25,0.0,0.0,0.0
31.0,45,0.0,0.0,0.0,0.0,0.0
31.0,46,0.0,0.0,0.0,0.0,0.0
31.0,47,1.3333333333333333,1.6666666666666667,1.6666666666666667,2.4166666666666665,0.0
31.0,48,0.0,0.0,0.0,0.0,0.0
31.0,49,0.0,0.0,0.0,0.0,0.0
31.0,50,0.0,0.0,0.0,0.0,0.0
31.0,51,0.0,0.0,0.0,0.0,0.0
31.0,52,0.0,0.0,0.0,0.0,0.0
31.0,53,0.0,0.0,0.0,0.0,0.0
31.0,54,0.0,0.0,0.0,0.0,0.0
31.0,55,0.0,0.0,0.0,0.0,0.0
31.0,56,0.0,0.0,0.0,0.0,0.0
31.0,57,0.0,0.0,0.0,0.0,0.0
31.0,58,0.0,0.0,0.0,0.0,0.0
31.0,59,0.0,0.0,0.0,0.0,0.0
31.0,60,0.0,0.0,0.0,0.0,0.0
31.0,61,0.0,0.0,0.0,0.0,0.0
31.0,62,0.0,0.0,0.0,0.0,0.0
31.0,63,0.0,0.0,0.0,0.0,0.0
31.0,64,0.0,0.0,0.0,0.0,0.0
31.0,65,0.0,0.0,0.0,0.0,0.0
31.0,66,0.0,0.0,0.0,0.0,0.0
31.0,67,0.0,0.0,0.0,0.0,0.0
31.0,68,0.0,0.0,0.0,0.0,0.0
31.0,69,0.0,0.0,0.0,0.0,0.0
31.0,70,0.0,0.0,0.0,0.0,0.0
31.0,71,0.0,0.0,0.0,0.0,0.0
31.0,72,0.0,0.0,0.0,0.0,0.0
31.0,73,0.0,0.0,0.0,0.0,0.0
31.0,74,0.0,0.0,0.0,0.0,0.0
31.0,75,0.0,0.0,0.0,0.0,0.0
31.0,76,0.0,0.0,0.0,0.0,0.0
31.0,77,0.0,0.0,0.0,0.0,0.0
31.0,78,0.0,0.0,0.0,0.0,0.0
31.0,79,0.0,0.0,0.0,0.0,0.0
31.0,80,0.0,0.0,0.0,0.0,0.0
31.0,81,0.0,0.0,0.0,0.0,0.0
31.0,82,0.0,0.0,0.0,0.0,0.0
31.0,83,0.0,0.0,0.0,0.0,0.0
31.0,84,0.0,0.0,0.0,0.0,0.0
31.0,85,0.0,0.0,0.0,0.0,0.0
31.0,86,0.0,0.0,0.0,0.0,0.0
31.0,87,0.0,0.0,0.0,0.0,0.0
31.0,88,0.0,0.0,0.0,0.0,0.0
31.0,89,0.0,0.0,0.0,0.0,0.0
31.0,90,0.0,0.0,0.0,0.0,0.0
31.0,91,0.0,0.0,0.0,0.0,0.0
31.0,92,0.0,0.0,0.0,0.0,0.0
31.0,93,0.0,0.0,0.0,0.0,0.0
31.0,94,0.0,0.0,0.0,0.0,0.0
31.0,95,0.0,0.0,0.0,0.0,0.0
31.0,96,0.0,0.0,0.0,0.0,0.0
31.0,97,0.0,0.0,0.0,0.0,0.0
31.0,98,0.0,0.0,0.0,0.0,0.0
31.0,99,0.0,0.0,0.0,0.0,0.0
31.0,100,0.0,0.0,0.0,0.0,0.0
31.0,101,0.0,0.0,0.0,0.0,0.0
31.0,102,0.0,0.0,0.0,0.0,0.0
31.0,103,0.0,0.0,0.0,0.0,0.0
31.0,104,0.0,0.0,0.0,0.0,0.0
31.0,105,0.0,0.0,0.0,0.0,0.0
31.0,106,0.0,0.0,0.0,0.0,0.0
31.0,107,0.0,0.0,0.0,0.0,0.0
31.0,108,0.0,0.0,0.0,0.0,0.0
31.0,109,0.0,0.0,0.0,0.0,0.0
31.0,110,0.0,0.0,0.0,0.0,0.0
31.0,111,0.0,0.0,0.0,0.0,0.0
31.0,112,0.0,0.0,0.0,0.0,0.0
31.0,113,0.0,0.0,0.0,0.0,0.0
31.0,114,0.0,0.0,0.0,0.0,0.0
31.0,115,0.0,0.0,0.0,0.0,0.0
31.0,116,0.0,0.0,0.0,0.0,0.0
31.0,117,0.0,0.0,0.0,0.0,0.0
31.0,118,0.0,0.0,0.0,0.0,0.0
31.0,119,0.0,0.0,0.0,0.0,0.0
31.0,120,0.0,0.0,0.0,0.0,0.0
31.0,121,0.0,0.0,0.0,0.0,0.0
31.0,122,0.0,0.0,0.0,0.0,0.0
31.0,123,0.0,0.0,0.0,0.0,0.0
31.0,124,0.0,0.0,0.0,0.0,0.0
31.0,125,0.0,0.0,0.0,0.0,0.0
31.0,126,0.0,0.0,0.0,0.0,0.0
31.0,127,0.0,0.0,0.0,0.0,0.0
31.0,128,0.0,0.0,0.0,0.0,0.0
31.0,129,0.0,0.0,0.0,0.0,0.0
31.0,130,0.0,0.0,0.0,0.0,0.0
31.0,131,0.0,0.0,0.0,0.0,0.0
31.0,132,0.0,0.0,0.0,0.0,0.0
31.0,133,0.0,0.0,0.0,0.0,0.0
31.0,134,0.0,0.0,0.0,0.0,0.0
31.0,135,0.0,0.0,0.0,0.0,0.0
31.0,136,0.0,0.0,0.0,0.0,0.0
31.0,137,0.0,0.0,0.0,0.0,0.0
31.0,138,0.0,0.0,0.0,0.0,0.0
31.0,139,0.0,0.0,0.0,0.0,0.0
31.0,140,0.0,0.0,0.0,0.0,0.0
31.0,141,0.0,0.0,0.0,0.0,0.0
31.0,142,0.0,0.0,0.0,0.0,0.0
31.0,143,0.0,0.0,0.0,0.0,0.0
31.0,144,0.0,0.0,0.0,0.0,0.0
31.0,145,0.0,0.0,0.0,0.0,0.0
31.0,146,0.0,0.0,0.0,0.0,0.0
31.0,147,0.0,0.0,0.0,0.0,0.0
31.0,148,0.0,0.0,0.0,0.0,0.0
31.0,149,0.0,0.0,0.0,0.0,0.0
31.0,150,0.0,0.0,0.0,0.0,0.0
31.0,151,0.0,0.0,0.0,0.0,0.0
31.0,152,0.0,0.0,0.0,0.0,0.0
31.0,153,0.0,0.0,0.0,0.0,0.0
31.0,154,0.0,0.0,0.0,0.0,0.0
31.0,155,0.0,0.0,0.0,0.0,0.0
31.0,156,0.0,0.0,0.0,0.0,0.0
31.0,157,0.0,0.0,0.0,0.0,0.0
31.0,158,0.0,0.0,0.0,0.0,0.0
31.0,159,0.0,0.0,0.0,0.0,0.0
31.0,160,0.0,0.0,0.0,0.0,0.0
31.0,161,0.0,0.0,0.0,0.0,0.0
31.0,162,0.0,0.0,0.0,0.0,0.0
31.0,163,0.0,0.0,0.0,0.0,0.0
31.0,164,0.0,0.0,0.0,0.0,0.0
31.0,165,0.0,0.0,0.0,0.0,0.0
31.0,166,0.0,0.0,0.0,0.0,0.0
31.0,167,0.0,0.0,0.0,0.0,0.0
31.0,168,0.0,0.0,0.0,0.0,0.0
31.0,169,0.0,0.0,0.0,0.0,0.0
31.0,170,0.0,0.0,0.0,0.0,0.0
31.0,171,0.0,0.0,0.0,0.0,0.0
31.0,172,0.0,0.0,0.0,0.0,0.0
31.0,173,0.0,0.0,0.0,0.0,0.0
31.0,174,0.0,0.0,0.0,0.0,0.0
31.0,175,0.0,0.0,0.0,0.0,0.0
31.0,176,0.0,0.0,0.0,0.0,0.0
31.0,177,0.0,0.0,0.0,0.0,0.0
31.0,178,0.0,0.0,0.0,0.0,0.0
31.0,179,0.0,0.0,0.0,0.0,0.0
31.0,180,0.0,0.0,0.0,0.0,0.0
31.0,181,0.0,0.0,0.0,0.0,0.0
31.0,182,0.0,0.0,0.0,0.0,0.0
31.0,183,0.0,0.0,0.0,0.0,0.0
31.0,184,0.0,0.0,0.0,0.0,0.0
31.0,185,0.0,0.0,0.0,0.0,0.0
31.0,186,0.0,0.0,0.0,0.0,0.0
31.0,187,0.0,0.0,0.0,0.0,0.0
31.0,188,0.0,0.0,0.0,0.0,0.0
31.0,189,0.0,0.0,0.0,0.0,0.0
31.0,190,0.0,0.0,0.0,0.0,0.0
31.0,191,0.0,0.0,0.0,0.0,0.0
31.0,192,0.0,0.0,0.0,0.0,0.0
31.0,193,0.0,0.0,0.0,0.0,0.0
31.0,194,0.0,0.0,0.0,0.0,0.0
31.0,195,0.0,0.0,0.0,0.0,0.0
31.0,196,0.0,0.0,0.0,0.0,0.0
31.0,197,0.0,0.0,0.0,0.0,0.0
31.0,198,0.0,0.0,0.0,0.0,0.0
31.0,199,0.0,0.0,0.0,0.0,0.0
31.0,200,0.0,0.0,0.0,0.0,0.0
31.0,201,0.0,0.0,0.0,0.0,0.0
31.0,202,0.0,0.0,0.0,0.0,0.0
31.0,203,0.0,0.0,0.0,0.0,0.0
31.0,204,0.0,0.0,0.0,0.0,0.0
31.0,205,0.0,0.0,0.0,0.0,0.0
31.0,206,0.0,0.0,0.0,0.0,0.0
31.0,207,0.0,0.0,0.0,0.0,0.0
31.0,208,0.0,0.0,0.0,0.0,0.0
31.0,209,0.0,0.0,0.0,0.0,0.0
31.0,210,0.0,0.0,0.0,0.0,0.0
31.0,211,0.0,0.0,0.0,0.0,0.0
31.0,212,0.0,0.0,0.0,0.0,0.0
31.0,213,0.0,0.0,0.0,0.0,0.0
31.0,214,0.0,0.0,0.0,0.0,0.0
31.0,215,0.0,0.0,0.0,0.0,0.0
31.0,216,0.0,0.0,0.0,0.0,0.0
31.0,217,0.0,0.0,0.0,0.0,0.0
31.0,218,0.0,0.0,0.0,0.0,0.0
31.0,219,0.0,0.0,0.0,0.0,0.0
31.0,220,0.0,0.0,0.0,0.0,0.0
31.0,221,0.0,0.0,0.0,0.0,0.0
31.0,222,0.0,0.0,0.0,0.0,0.0
31.0,223,0.0,0.0,0.0,0.0,0.0
31.0,224,0.0,0.0,0.0,0.0,0.0
31.0,225,0.0,0.0,0.0,0.0,0.0
31.0,226,0.0,0.0,0.0,0.0,0.0
31.0,227,0.0,0.0,0.0,0.0,0.0
31.0,228,0.0,0.0,0.0,0.0,0.0
31.0,229,0.0,0.0,0.0,0.0,0.0
31.0,230,0.0,0.0,0.0,0.0,0.0
31.0,231,0.0,0.0,0.0,0.0,0.0
31.0,232,0.0,0.0,0.0,0.0,0.0
31.0,233,0.0,0.0,0.0,0.0,0.0
31.0,234,0.0,0.0,0.0,0.0,0.0
31.0,235,0.0,0.0,0.0,0.0,0.0
31.0,236,0.0,0.0,0.0,0.0,0.0
31.0,237,0.0,0.0,0.0,0.0,0.0
31.0,238,0.0,0.0,0.0,0.0,0.0
31.0,239,0.0,0.0,0.0,0.0,0.0
31.0,240,0.0,0.0,0.0,0.0,0.0
31.0,241,0.0,0.0,0.0,0.0,0.0
31.0,242,0.0,0.0,0.0,0.0,0.0
31.0,243,0.0,0.0,0.0,0.0,0.0
31.0,244,0.0,0.0,0.0,0.0,0.0
31.0,245,0.0,0.0,0.0,0.0,0.0
31.0,246,0.0,0.0,0.0,0.0,0.0
31.0,247,0.0,0.0,0.0,0.0,0.0
31.0,248,0.0,0.0,0.0,0.0,0.0
31.0,249,0.0,0.0,0.0,0.0,0.0
31.0,250,0.0,0.0,0.0,0.0,0.0
31.0,251,0.0,0.0,0.0,0.0,0.0
31.0,252,0.0,0.0,0.0,0.0,0.0
31.0,253,0.0,0.0,0.0,0.0,0.0
31.0,254,0.0,0.0,0.0,0.0,0.0
31.0,255,0.0,0.0,0.0,0.0,0.0
31.0,256,0.0,0.0,0.0,0.0,0.0
31.0,257,0.0,0.0,0.0,0.0,0.0
31.0,258,0.0,0.0,0.0,0.0,0.0
31.0,259,0.0,0.0,0.0,0.0,0.0
31.0,260,0.0,0.0,0.0,0.0,0.0
31.0,261,0.0,0.0,0.0,0.0,0.0
31.0,262,0.0,0.0,0.0,0.0,0.0
31.0,263,0.0,0.0,0.0,0.0,0.0
31.0,264,0.0,0.0,0.0,0.0,0.0
31.0,265,0.0,0.0,0.0,0.0,0.0
31.0,266,0.0,0.0,0.0,0.0,0.0
31.0,267,0.0,0.0,0.0,0.0,0.0
31.0,268,0.0,0.0,0.0,0.0,0.0
31.0,269,0.0,0.0,0.0,0.0,0.0
31.0,270,0.0,0.0,0.0,0.0,0.0
31.0,271,0.0,0.0,0.0,0.0,0.0
31.0,272,0.0,0.0,0.0,0.0,0.0
31.0,273,0.0,0.0,0.0,0.0,0.0
31.0,274,0.0,0.0,0.0,0.0,0.0
31.0,275,0.0,0.0,0.0,0.0,0.0
31.0,276,0.0,0.0,0.0,0.0,0.0
31.0,277,0.0,0.0,0.0,0.0,0.0
31.0,278,0.0,0.0,0.0,0.0,0.0
31.0,279,0.0,0.0,0.0,0.0,0.0
31.0,280,0.0,0.0,0.0,0.0,0.0
31.0,281,0.0,0.0,0.0,0.0,0.0
31.0,282,0.0,0.0,0.0,0.0,0.0
31.0,283,0.0,0.0,0.0,0.0,0.0
31.0,284,0.0,0.0,0.0,0.0,0.0
31.0,285,0.0,0.0,0.0,0.0,0.0
31.0,286,0.0,0.0,0.0,0.0,0.0
31.0,287,0.0,0.0,0.0,0.0,0.0
31.0,288,0.0,0.0,0.0,0.0,0.0
31.0,289,0.0,0.0,0.0,0.0,0.0
31.0,290,0.0,0.0,0.0,0.0,0.0
31.0,291,0.0,0.0,0.0,0.0,0.0
31.0,292,0.0,0.0,0.0,0.0,0.0
31.0,293,0.0,0.0,0.0,0.0,0.0
31.0,294,0.0,0.0,0.0,0.0,0.0
31.0,295,0.0,0.0,0.0,0.0,0.0
31.0,296,0.0,0.0,0.0,0.0,0.0
31.0,297,0.0,0.0,0.0,0.0,0.0
31.0,298,0.0,0.0,0.0,0.0,0.0
31.0,299,0.0,0.0,0.0,0.0,0.0
31.0,300,0.0,0.0,0.0,0.0,0.0
31.0,301,0.0,0.0,0.0,0.0,0.0
31.0,302,0.0,0.0,0.0,0.0,0.0
31.0,303,0.0,0.0,0.0,0.0,0.0
31.0,304,0.0,0.0,0.0,0.0,0.0
31.0,305,0.0,0.0,0.0,0.0,0.0
31.0,306,0.0,0.0,0.0,0.0,0.0
31.0,307,0.0,0.0,0.0,0.0,0.0
31.0,308,0.0,0.0,0.0,0.0,0.0
31.0,309,0.0,0.0,0.0,0.0,0.0
31.0,310,0.0,0.0,0.0,0.0,0.0
31.0,311,0.0,0.0,0.0,0.0,0.0
31.0,312,0.0,0.0,0.0,0.0,0.0
31.0,313,0.0,0.0,0.0,0.0,0.0
31.0,314,0.0,0.0,0.0,0.0,0.0
31.0,315,0.0,0.0,0.0,0.0,0.0
31.0,316,0.0,0.0,0.0,0.0,0.0
31.0,317,0.0,0.0,0.0,0.0,0.0
31.0,318,0.0,0.0,0.0,0.0,0.0
31.0,319,0.0,0.0,0.0,0.0,0.0
31.0,320,0.0,0.0,0.0,0.0,0.0
31.0,321,0.0,0.0,0.0,0.0,0.0
31.0,322,0.0,0.0,0.0,0.0,0.0
31.0,323,0.0,0.0,0.0,0.0,0.0
31.0,324,0.0,0.0,0.0,0.0,0.0
31.0,325,0.0,0.0,0.0,0.0,0.0
31.0,326,0.0,0.0,0.0,0.0,0.0
31.0,327,0.0,0.0,0.0,0.0,0.0
31.0,328,0.0,0.0,0.0,0.0,0.0
31.0,329,0.0,0.0,0.0,0.0,0.0
31.0,330,0.0,0.0,0.0,0.0,0.0
31.0,331,0.0,0.0,0.0,0.0,0.0
31.0,332,0.0,0.0,0.0,0.0,0.0
31.0,333,0.0,0.0,0.0,0.0,0.0
31.0,334,0.0,0.0,0.0,0.0,0.0
31.0,335,0.0,0.0,0.0,0.0,0.0
31.0,336,0.0,0.0,0.0,0.0,0.0
31.0,337,0.0,0.0,0.0,0.0,0.0
31.0,338,0.0,0.0,0.0,0.0,0.0
31.0,339,0.0,0.0,0.0,0.0,0.0
31.0,340,0.0,0.0,0.0,0.0,0.0
31.0,341,0.0,0.0,0.0,0.0,0.0
31.0,342,0.0,0.0,0.0,0.0,0.0
31.0,343,0.0,0.0,0.0,0.0,0.0
31.0,344,0.0,0.0,0.0,0.0,0.0
31.0,345,0.0,0.0,0.0,0.0,0.0
31.0,346,0.0,0.0,0.0,0.0,0.0
31.0,347,0.0,0.0,0.0,0.0,0.0
31.0,348,0.0,0.0,0.0,0.0,0.0
31.0,349,0.0,0.0,0.0,0.0,0.0
31.0,350,0.0,0.0,0.0,0.0,0.0
31.0,351,0.0,0.0,0.0,0.0,0.0
31.0,352,0.0,0.0,0.0,0.0,0.0
31.0,353,0.0,0.0,0.0,0.0,0.0
31.0,354,0.0,0.0,0.0,0.0,0.0
31.0,355,0.0,0.0,0.0,0.0,0.0
31.0,356,0.0,0.0,0.0,0.0,0.0
31.0,357,0.0,0.0,0.0,0.0,0.0
31.0,358,0.0,0.0,0.0,0.0,0.0
31.0,359,0.0,0.0,0.0,0.0,0.0
31.0,360,0.0,0.0,0.0,0.0,0.0
31.0,361,0.0,0.0,0.0,0.0,0.0
31.0,362,0.0,0.0,0.0,0.0,0.0
31.0,363,0.0,0.0,0.0,0.0,0.0
31.0,364,0.0,0.0,0.0,0.0,0.0
31.0,365,0.0,0.0,0.0,0.0,0.0
31.0,366,0.0,0.0,0.0,0.0,0.0
31.0,367,0.0,0.0,0.0,0.0,0.0
31.0,368,0.0,0.0,0.0,0.0,0.0
31.0,369,0.0,0.0,0.0,0.0,0.0
31.0,370,0.0,0.0,0.0,0.0,0.0
31.0,371,0.0,0.0,0.0,0.0,0.0
31.0,372,0.0,0.0,0.0,0.0,0.0
31.0,373,0.0,0.0,0.0,0.0,0.0
31.0,374,0.0,0.0,0.0,0.0,0.0
31.0,375,0.0,0.0,0.0,0.0,0.0
31.0,376,0.0,0.0,0.0,0.0,0.0
31.0,377,0.0,0.0,0.0,0.0,0.0
31.0,378,0.0,0.0,0.0,0.0,0.0
31.0,379,0.0,0.0,0.0,0.0,0.0
31.0,380,0.0,0.0,0.0,0.0,0.0
31.0,381,0.0,0.0,0.0,0.0,0.0
31.0,382,0.0,0.0,0.0,0.0,0.0
31.0,383,0.0,0.0,0.0,0.0,0.0
31.0,384,0.0,0.0,0.0,0.0,0.0
31.0,385,0.0,0.0,0.0,0.0,0.0
31.0,386,0.0,0.0,0.0,0.0,0.0
31.0,387,0.0,0.0,0.0,0.0,0.0
31.0,388,0.0,0.0,0.0,0.0,0.0
31.0,389,0.0,0.0,0.0,0.0,0.0
31.0,390,0.0,0.0,0.0,0.0,0.0
31.0,391,0.0,0.0,0.0,0.0,0.0
31.0,392,0.0,0.0,0.0,0.0,0.0
31.0,393,0.0,0.0,0.0,0.0,0.0
31.0,394,0.0,0.0,0.0,0.0,0.0
31.0,395,0.0,0.0,0.0,0.0,0.0
31.0,396,0.0,0.0,0.0,0.0,0.0
31.0,397,0.0,0.0,0.0,0.0,0.0
31.0,398,0.0,0.0,0.0,0.0,0.0
31.0,399,0.0,0.0,0.0,0.0,0.0
31.0,400,0.0,0.0,0.0,0.0,0.0
31.0,401,0.0,0.0,0.0,0.0,0.0
31.0,402,0.0,0.0,0.0,0.0,0.0
31.0,403,0.0,0.0,0.0,0.0,0.0
31.0,404,0.0,0.0,0.0,0.0,0.0
31.0,405,0.0,0.0,0.0,0.0,0.0
31.0,406,0.0,0.0,0.0,0.0,0.0
31.0,407,0.0,0.0,0.0,0.0,0.0
31.0,408,0.0,0.0,0.0,0.0,0.0
31.0,409,0.0,0.0,0.0,0.0,0.0
31.0,410,0.0,0.0,0.0,0.0,0.0
31.0,411,0.0,0.0,0.0,0.0,0.0
31.0,412,0.0,0.0,0.0,0.0,0.0
31.0,413,0.0,0.0,0.0,0.0,0.0
31.0,414,0.0,0.0,0.0,0.0,0.0
31.0,415,0.0,0.0,0.0,0.0,0.0
31.0,416,0.0,0.0,0.0,0.0,0.0
31.0,417,0.0,0.0,0.0,0.0,0.0
31.0,418,0.0,0.0,0.0,0.0,0.0
31.0,419,0.0,0.0,0.0,0.0,0.0
31.0,420,0.0,0.0,0.0,0.0,0.0
31.0,421,0.0,0.0,0.0,0.0,0.0
31.0,422,0.0,0.0,0.0,0.0,0.0
31.0,423,0.0,0.0,0.0,0.0,0.0
31.0,424,0.0,0.0,0.0,0.0,0.0
31.0,425,0.0,0.0,0.0,0.0,0.0
31.0,426,0.0,0.0,0.0,0.0,0.0
31.0,427,0.0,0.0,0.0,0.0,0.0
31.0,428,0.0,0.0,0.0,0.0,0.0
31.0,429,0.0,0.0,0.0,0.0,0.0
31.0,430,0.0,0.0,0.0,0.0,0.0
31.0,431,0.0,0.0,0.0,0.0,0.0
31.0,432,0.0,0.0,0.0,0.0,0.0
31.0,433,0.0,0.0,0.0,0.0,0.0
31.0,434,0.0,0.0,0.0,0.0,0.0
31.0,435,0.0,0.0,0.0,0.0,0.0
31.0,436,0.0,0.0,0.0,0.0,0.0
31.0,437,0.0,0.0,0.0,0.0,0.0
31.0,438,0.0,0.0,0.0,0.0,0.0
31.0,439,0.0,0.0,0.0,0.0,0.0
31.0,440,0.0,0.0,0.0,0.0,0.0
31.0,441,0.0,0.0,0.0,0.0,0.0
31.0,442,0.0,0.0,0.0,0.0,0.0
31.0,443,0.0,0.0,0.0,0.0,0.0
31.0,444,0.0,0.0,0.0,0.0,0.0
31.0,445,0.0,0.0,0.0,0.0,0.0
31.0,446,0.0,0.0,0.0,0.0,0.0
31.0,447,0.0,0.0,0.0,0.0,0.0
31.0,448,0.0,0.0,0.0,0.0,0.0
31.0,449,0.0,0.0,0.0,0.0,0.0
31.0,450,0.0,0.0,0.0,0.0,0.0
31.0,451,0.0,0.0,0.0,0.0,0.0
31.0,452,0.0,0.0,0.0,0.0,0.0
31.0,453,0.0,0.0,0.0,0.0,0.0
31.0,454,0.0,0.0,0.0,0.0,0.0
31.0,455,0.0,0.0,0.0,0.0,0.0
31.0,456,0.0,0.0,0.0,0.0,0.0
31.0,457,0.0,0.0,0.0,0.0,0.0
31.0,458,0.0,0.0,0.0,0.0,0.0
31.0,459,0.0,0.0,0.0,0.0,0.0
31.0,460,0.0,0.0,0.0,0.0,0.0
31.0,461,0.0,0.0,0.0,0.0,0.0
31.0,462,0.0,0.0,0.0,0.0,0.0
31.0,463,0.0,0.0,0.0,0.0,0.0
31.0,464,0.0,0.0,0.0,0.0,0.0
31.0,465,0.0,0.0,0.0,0.0,0.0
31.0,466,0.0,0.0,0.0,0.0,0.0
31.0,467,0.0,0.0,0.0,0.0,0.0
31.0,468,0.0,0.0,0.0,0.0,0.0
31.0,469,0.0,0.0,0.0,0.0,0.0
31.0,470,0.0,0.0,0.0,0.0,0.0
31.0,471,0.0,0.0,0.0,0.0,0.0
31.0,472,0.0,0.0,0.0,0.0,0.0
31.0,473,0.0,0.0,0.0,0.0,0.0
31.0,474,0.0,0.0,0.0,0.0,0.0
31.0,475,0.0,0.0,0.0,0.0,0.0
31.0,476,0.0,0.0,0.0,0.0,0.0
31.0,477,0.0,0.0,0.0,0.0,0.0
31.0,478,0.0,0.0,0.0,0.0,0.0
31.0,479,0.0,0.0,0.0,0.0,0.0
31.0,480,0.0,0.0,0.0,0.0,0.0
31.0,481,0.0,0.0,0.0,0.0,0.0
31.0,482,0.0,0.0,0.0,0.0,0.0
31.0,483,0.0,0.0,0.0,0.0,0.0
31.0,484,0.0,0.0,0.0,0.0,0.0
31.0,485,0.0,0.0,0.0,0.0,0.0
31.0,486,0.0,0.0,0.0,0.0,0.0
31.0,487,0.0,0.0,0.0,0.0,0.0
31.0,488,0.0,0.0,0.0,0.0,0.0
31.0,489,0.0,0.0,0.0,0.0,0.0
31.0,490,0.0,0.0,0.0,0.0,0.0
31.0,491,0.0,0.0,0.0,0.0,0.0
31.0,492,0.0,0.0,0.0,0.0,0.0
31.0,493,0.0,0.0,0.0,0.0,0.0
31.0,494,0.0,0.0,0.0,0.0,0.0
31.0,495,0.0,0.0,0.0,0.0,0.0
31.0,496,0.0,0.0,0.0,0.0,0.0
31.0,497,0.0,0.0,0.0,0.0,0.0
31.0,498,0.0,0.0,0.0,0.0,0.0
31.0,499,0.0,0.0,0.0,0.0,0.0
31.0,500,0.0,0.0,0.0,0.0,0.0
31.0,501,0.0,0.0,0.0,0.0,0.0
31.0,502,0.0,0.0,0.0,0.0,0.0
31.0,503,0.0,0.0,0.0,0.0,0.0
31.0,504,0.0,0.0,0.0,0.0,0.0
31.0,505,0.0,0.0,0.0,0.0,0.0
31.0,506,0.0,0.0,0.0,0.0,0.0
31.0,507,0.0,0.0,0.0,0.0,0.0
31.0,508,0.0,0.0,0.0,0.0,0.0
31.0,509,0.0,0.0,0.0,0.0,0.0
31.0,510,0.0,0.0,0.0,0.0,0.0
31.0,511,0.0,0.0,0.0,0.0,0.0
31.0,512,0.0,0.0,0.0,0.0,0.0
31.0,513,0.0,0.0,0.0,0.0,0.0
31.0,514,0.0,0.0,0.0,0.0,0.0
31.0,515,0.0,0.0,0.0,0.0,0.0
31.0,516,0.0,0.0,0.0,0.0,0.0
31.0,517,0.0,0.0,0.0,0.0,0.0
31.0,518,0.0,0.0,0.0,0.0,0.0
31.0,519,0.0,0.0,0.0,0.0,0.0
31.0,520,0.0,0.0,0.0,0.0,0.0
31.0,521,0.0,0.0,0.0,0.0,0.0
31.0,522,0.0,0.0,0.0,0.0,0.0
31.0,523,0.0,0.0,0.0,0.0,0.0
31.0,524,0.0,0.0,0.0,0.0,0.0
31.0,525,0.0,0.0,0.0,0.0,0.0
31.0,526,0.0,0.0,0.0,0.0,0.0
31.0,527,0.0,0.0,0.0,0.0,0.0
31.0,528,0.0,0.0,0.0,0.0,0.0
31.0,529,0.0,0.0,0.0,0.0,0.0
31.0,530,0.0,0.0,0.0,0.0,0.0
31.0,531,0.0,0.0,0.0,0.0,0.0
31.0,532,0.0,0.0,0.0,0.0,0.0
31.0,533,0.0,0.0,0.0,0.0,0.0
31.0,534,0.0,0.0,0.0,0.0,0.0
31.0,535,0.0,0.0,0.0,0.0,0.0
31.0,536,0.0,0.0,0.0,0.0,0.0
31.0,537,0.0,0.0,0.0,0.0,0.0
31.0,538,0.0,0.0,0.0,0.0,0.0
31.0,539,0.0,0.0,0.0,0.0,0.0
31.0,540,0.0,0.0,0.0,0.0,0.0
31.0,541,0.0,0.0,0.0,0.0,0.0
31.0,542,0.0,0.0,0.0,0.0,0.0
31.0,543,0.0,0.0,0.0,0.0,0.0
31.0,544,0.0,0.0,0.0,0.0,0.0
31.0,545,0.0,0.0,0.0,0.0,0.0
31.0,546,0.0,0.0,0.0,0.0,0.0
31.0,547,0.0,0.0,0.0,0.0,0.0
31.0,548,0.0,0.0,0.0,0.0,0.0
31.0,549,0.0,0.0,0.0,0.0,0.0
31.0,550,0.0,0.0,0.0,0.0,0.0
31.0,551,0.0,0.0,0.0,0.0,0.0
31.0,552,0.0,0.0,0.0,0.0,0.0
31.0,553,0.0,0.0,0.0,0.0,0.0
31.0,554,0.0,0.0,0.0,0.0,0.0
31.0,555,0.0,0.0,0.0,0.0,0.0
31.0,556,0.0,0.0,0.0,0.0,0.0
31.0,557,0.0,0.0,0.0,0.0,0.0
31.0,558,0.0,0.0,0.0,0.0,0.0
31.0,559,0.0,0.0,0.0,0.0,0.0
31.0,560,0.0,0.0,0.0,0.0,0.0
31.0,561,0.0,0.0,0.0,0.0,0.0
31.0,562,0.0,0.0,0.0,0.0,0.0
31.0,563,0.0,0.0,0.0,0.0,0.0
31.0,564,0.0,0.0,0.0,0.0,0.0
31.0,565,0.0,0.0,0.0,0.0,0.0
31.0,566,0.0,0.0,0.0,0.0,0.0
31.0,567,0.0,0.0,0.0,0.0,0.0
31.0,568,0.0,0.0,0.0,0.0,0.0
31.0,569,0.0,0.0,0.0,0.0,0.0
31.0,570,0.0,0.0,0.0,0.0,0.0
31.0,571,0.0,0.0,0.0,0.0,0.0
31.0,572,0.0,0.0,0.0,0.0,0.0
31.0,573,0.0,0.0,0.0,0.0,0.0
31.0,574,0.0,0.0,0.0,0.0,0.0
31.0,575,0.0,0.0,0.0,0.0,0.0
31.0,576,0.0,0.0,0.0,0.0,0.0
31.0,577,0.0,0.0,0.0,0.0,0.0
31.0,578,0.0,0.0,0.0,0.0,0.0
31.0,579,0.0,0.0,0.0,0.0,0.0
31.0,580,0.0,0.0,0.0,0.0,0.0
31.0,581,0.0,0.0,0.0,0.0,0.0
31.0,582,0.0,0.0,0.0,0.0,0.0
31.0,583,0.0,0.0,0.0,0.0,0.0
31.0,584,0.0,0.0,0.0,0.0,0.0
31.0,585,0.0,0.0,0.0,0.0,0.0
31.0,586,0.0,0.0,0.0,0.0,0.0
31.0,587,0.0,0.0,0.0,0.0,0.0
31.0,588,0.0,0.0,0.0,0.0,0.0
31.0,589,0.0,0.0,0.0,0.0,0.0
31.0,590,0.0,0.0,0.0,0.0,0.0
31.0,591,0.0,0.0,0.0,0.0,0.0
31.0,592,0.0,0.0,0.0,0.0,0.0
31.0,593,0.0,0.0,0.0,0.0,0.0
31.0,594,0.0,0.0,0.0,0.0,0.0
31.0,595,0.0,0.0,0.0,0.0,0.0
31.0,596,0.0,0.0,0.0,0.0,0.0
31.0,597,0.0,0.0,0.0,0.0,0.0
31.0,598,0.0,0.0,0.0,0.0,0.0
31.0,599,0.0,0.0,0.0,0.0,0.0
31.0,600,0.0,0.0,0.0,0.0,0.0
31.0,601,0.0,0.0,0.0,0.0,0.0
31.0,602,0.0,0.0,0.0,0.0,0.0
31.0,603,0.0,0.0,0.0,0.0,0.0
31.0,604,0.0,0.0,0.0,0.0,0.0
31.0,605,0.0,0.0,0.0,0.0,0.0
31.0,606,0.0,0.0,0.0,0.0,0.0
31.0,607,0.0,0.0,0.0,0.0,0.0
31.0,608,0.0,0.0,0.0,0.0,0.0
31.0,609,0.0,0.0,0.0,0.0,0.0
31.0,610,0.0,0.0,0.0,0.0,0.0
31.0,611,0.0,0.0,0.0,0.0,0.0
31.0,612,0.0,0.0,0.0,0.0,0.0
31.0,613,0.0,0.0,0.0,0.0,0.0
31.0,614,0.0,0.0,0.0,0.0,0.0
31.0,615,0.0,0.0,0.0,0.0,0.0
31.0,616,0.0,0.0,0.0,0.0,0.0
31.0,617,0.0,0.0,0.0,0.0,0.0
31.0,618,0.0,0.0,0.0,0.0,0.0
31.0,619,0.0,0.0,0.0,0.0,0.0
31.0,620,0.0,0.0,0.0,0.0,0.0
31.0,621,0.0,0.0,0.0,0.0,0.0
31.0,622,0.0,0.0,0.0,0.0,0.0
31.0,623,0.0,0.0,0.0,0.0,0.0
31.0,624,0.0,0.0,0.0,0.0,0.0
31.0,625,0.0,0.0,0.0,0.0,0.0
31.0,626,0.0,0.0,0.0,0.0,0.0
31.0,627,0.0,0.0,0.0,0.0,0.0
31.0,628,0.0,0.0,0.0,0.0,0.0
31.0,629,0.0,0.0,0.0,0.0,0.0
31.0,630,0.0,0.0,0.0,0.0,0.0
31.0,631,0.0,0.0,0.0,0.0,0.0
31.0,632,0.0,0.0,0.0,0.0,0.0
31.0,633,0.0,0.0,0.0,0.0,0.0
31.0,634,0.0,0.0,0.0,0.0,0.0
31.0,635,0.0,0.0,0.0,0.0,0.0
31.0,636,0.0,0.0,0.0,0.0,0.0
31.0,637,0.0,0.0,0.0,0.0,0.0
31.0,638,0.0,0.0,0.0,0.0,0.0
31.0,639,0.0,0.0,0.0,0.0,0.0
31.0,640,0.0,0.0,0.0,0.0,0.0
31.0,641,0.0,0.0,0.0,0.0,0.0
31.0,642,0.0,0.0,0.0,0.0,0.0
31.0,643,0.0,0.0,0.0,0.0,0.0
31.0,644,0.0,0.0,0.0,0.0,0.0
31.0,645,0.0,0.0,0.0,0.0,0.0
31.0,646,0.0,0.0,0.0,0.0,0.0
31.0,647,0.0,0.0,0.0,0.0,0.0
31.0,648,0.0,0.0,0.0,0.0,0.0
31.0,649,0.0,0.0,0.0,0.0,0.0
31.0,650,0.0,0.0,0.0,0.0,0.0
31.0,651,0.0,0.0,0.0,0.0,0.0
31.0,652,0.0,0.0,0.0,0.0,0.0
31.0,653,0.0,0.0,0.0,0.0,0.0
31.0,654,0.0,0.0,0.0,0.0,0.0
31.0,655,0.0,0.0,0.0,0.0,0.0
31.0,656,0.0,0.0,0.0,0.0,0.0
31.0,657,0.0,0.0,0.0,0.0,0.0
31.0,658,0.0,0.0,0.0,0.0,0.0
31.0,659,0.0,0.0,0.0,0.0,0.0
31.0,660,0.0,0.0,0.0,0.0,0.0
31.0,661,0.0,0.0,0.0,0.0,0.0
31.0,662,0.0,0.0,0.0,0.0,0.0
31.0,663,0.0,0.0,0.0,0.0,0.0
31.0,664,0.0,0.0,0.0,0.0,0.0
31.0,665,0.0,0.0,0.0,0.0,0.0
31.0,666,0.0,0.0,0.0,0.0,0.0
31.0,667,0.0,0.0,0.0,0.0,0.0
31.0,668,0.0,0.0,0.0,0.0,0.0
31.0,669,0.0,0.0,0.0,0.0,0.0
31.0,670,0.0,0.0,0.0,0.0,0.0
31.0,671,0.0,0.0,0.0,0.0,0.0
31.0,672,0.0,0.0,0.0,0.0,0.0
31.0,673,0.0,0.0,0.0,0.0,0.0
31.0,674,0.0,0.0,0.0,0.0,0.0
31.0,675,0.0,0.0,0.0,0.0,0.0
31.0,676,0.0,0.0,0.0,0.0,0.0
31.0,677,0.0,0.0,0.0,0.0,0.0
31.0,678,0.0,0.0,0.0,0.0,0.0
31.0,679,0.0,0.0,0.0,0.0,0.0
31.0,680,0.0,0.0,0.0,0.0,0.0
31.0,681,0.0,0.0,0.0,0.0,0.0
31.0,682,0.0,0.0,0.0,0.0,0.0
31.0,683,0.0,0.0,0.0,0.0,0.0
31.0,684,0.0,0.0,0.0,0.0,0.0
31.0,685,0.0,0.0,0.0,0.0,0.0
31.0,686,0.0,0.0,0.0,0.0,0.0
31.0,687,0.0,0.0,0.0,0.0,0.0
31.0,688,0.0,0.0,0.0,0.0,0.0
31.0,689,0.0,0.0,0.0,0.0,0.0
31.0,690,0.0,0.0,0.0,0.0,0.0
31.0,691,0.0,0.0,0.0,0.0,0.0
31.0,692,0.0,0.0,0.0,0.0,0.0
31.0,693,0.0,0.0,0.0,0.0,0.0
31.0,694,0.0,0.0,0.0,0.0,0.0
31.0,695,0.0,0.0,0.0,0.0,0.0
31.0,696,0.0,0.0,0.0,0.0,0.0
31.0,697,0.0,0.0,0.0,0.0,0.0
31.0,698,0.0,0.0,0.0,0.0,0.0
31.0,699,0.0,0.0,0.0,0.0,0.0
31.0,700,0.0,0.0,0.0,0.0,0.0
31.0,701,0.0,0.0,0.0,0.0,0.0
31.0,702,0.0,0.0,0.0,0.0,0.0
31.0,703,0.0,0.0,0.0,0.0,0.0
31.0,704,0.0,0.0,0.0,0.0,0.0
31.0,705,0.0,0.0,0.0,0.0,0.0
31.0,706,0.0,0.0,0.0,0.0,0.0
31.0,707,0.0,0.0,0.0,0.0,0.0
31.0,708,0.0,0.0,0.0,0.0,0.0
31.0,709,0.0,0.0,0.0,0.0,0.0
31.0,710,0.0,0.0,0.0,0.0,0.0
31.0,711,0.0,0.0,0.0,0.0,0.0
31.0,712,0.0,0.0,0.0,0.0,0.0
31.0,713,0.0,0.0,0.0,0.0,0.0
31.0,714,0.0,0.0,0.0,0.0,0.0
31.0,715,0.0,0.0,0.0,0.0,0.0
31.0,716,0.0,0.0,0.0,0.0,0.0
31.0,717,0.0,0.0,0.0,0.0,0.0
31.0,718,0.0,0.0,0.0,0.0,0.0
31.0,719,0.0,0.0,0.0,0.0,0.0
31.0,720,0.0,0.0,0.0,0.0,0.0
31.0,721,0.0,0.0,0.0,0.0,0.0
31.0,722,0.0,0.0,0.0,0.0,0.0
31.0,723,0.0,0.0,0.0,0.0,0.0
31.0,724,0.0,0.0,0.0,0.0,0.0
31.0,725,0.0,0.0,0.0,0.0,0.0
31.0,726,0.0,0.0,0.0,0.0,0.0
31.0,727,0.0,0.0,0.0,0.0,0.0
31.0,728,0.0,0.0,0.0,0.0,0.0
31.0,729,0.0,0.0,0.0,0.0,0.0
31.0,730,0.0,0.0,0.0,0.0,0.0
31.0,731,0.0,0.0,0.0,0.0,0.0
31.0,732,0.0,0.0,0.0,0.0,0.0
31.0,733,0.0,0.0,0.0,0.0,0.0
31.0,734,0.0,0.0,0.0,0.0,0.0
31.0,735,0.0,0.0,0.0,0.0,0.0
31.0,736,0.0,0.0,0.0,0.0,0.0
31.0,737,0.0,0.0,0.0,0.0,0.0
31.0,738,0.0,0.0,0.0,0.0,0.0
31.0,739,0.0,0.0,0.0,0.0,0.0
31.0,740,0.0,0.0,0.0,0.0,0.0
31.0,741,0.0,0.0,0.0,0.0,0.0
31.0,742,0.0,0.0,0.0,0.0,0.0
31.0,743,0.0,0.0,0.0,0.0,0.0
31.0,744,0.0,0.0,0.0,0.0,0.0
31.0,745,0.0,0.0,0.0,0.0,0.0
31.0,746,0.0,0.0,0.0,0.0,0.0
31.0,747,0.0,0.0,0.0,0.0,0.0
31.0,748,0.0,0.0,0.0,0.0,0.0
31.0,749,0.0,0.0,0.0,0.0,0.0
31.0,750,0.0,0.0,0.0,0.0,0.0
31.0,751,0.0,0.0,0.0,0.0,0.0
31.0,752,0.0,0.0,0.0,0.0,0.0
31.0,753,0.0,0.0,0.0,0.0,0.0
31.0,754,0.0,0.0,0.0,0.0,0.0
31.0,755,0.0,0.0,0.0,0.0,0.0
31.0,756,0.0,0.0,0.0,0.0,0.0
31.0,757,0.0,0.0,0.0,0.0,0.0
31.0,758,0.0,0.0,0.0,0.0,0.0
31.0,759,0.0,0.0,0.0,0.0,0.0
31.0,760,0.0,0.0,0.0,0.0,0.0
31.0,761,0.0,0.0,0.0,0.0,0.0
31.0,762,0.0,0.0,0.0,0.0,0.0
31.0,763,0.0,0.0,0.0,0.0,0.0
31.0,764,0.0,0.0,0.0,0.0,0.0
31.0,765,0.0,0.0,0.0,0.0,0.0
31.0,766,0.0,0.0,0.0,0.0,0.0
31.0,767,0.0,0.0,0.0,0.0,0.0
31.0,768,0.0,0.0,0.0,0.0,0.0
31.0,769,0.0,0.0,0.0,0.0,0.0
31.0,770,0.0,0.0,0.0,0.0,0.0
31.0,771,0.0,0.0,0.0,0.0,0.0
31.0,772,0.0,0.0,0.0,0.0,0.0
31.0,773,0.0,0.0,0.0,0.0,0.0
31.0,774,0.0,0.0,0.0,0.0,0.0
31.0,775,0.0,0.0,0.0,0.0,0.0
31.0,776,0.0,0.0,0.0,0.0,0.0
31.0,777,0.0,0.0,0.0,0.0,0.0
31.0,778,0.0,0.0,0.0,0.0,0.0
31.0,779,0.0,0.0,0.0,0.0,0.0
31.0,780,0.0,0.0,0.0,0.0,0.0
31.0,781,0.0,0.0,0.0,0.0,0.0
31.0,782,0.0,0.0,0.0,0.0,0.0
31.0,783,0.0,0.0,0.0,0.0,0.0
31.0,784,0.0,0.0,0.0,0.0,0.0
31.0,785,0.0,0.0,0.0,0.0,0.0
31.0,786,0.0,0.0,0.0,0.0,0.0
31.0,787,0.0,0.0,0.0,0.0,0.0
31.0,788,0.0,0.0,0.0,0.0,0.0
31.0,789,0.0,0.0,0.0,0.0,0.0
31.0,790,0.0,0.0,0.0,0.0,0.0
31.0,791,0.0,0.0,0.0,0.0,0.0
31.0,792,0.0,0.0,0.0,0.0,0.0
31.0,793,0.0,0.0,0.0,0.0,0.0
31.0,794,0.0,0.0,0.0,0.0,0.0
31.0,795,0.0,0.0,0.0,0.0,0.0
31.0,796,0.0,0.0,0.0,0.0,0.0
31.0,797,0.0,0.0,0.0,0.0,0.0
31.0,798,0.0,0.0,0.0,0.0,0.0
31.0,799,0.0,0.0,0.0,0.0,0.0
31.0,800,0.0,0.0,0.0,0.0,0.0
31.0,801,0.0,0.0,0.0,0.0,0.0
31.0,802,0.0,0.0,0.0,0.0,0.0
31.0,803,0.0,0.0,0.0,0.0,0.0
31.0,804,0.0,0.0,0.0,0.0,0.0
31.0,805,0.0,0.0,0.0,0.0,0.0
31.0,806,0.0,0.0,0.0,0.0,0.0
31.0,807,0.0,0.0,0.0,0.0,0.0
31.0,808,0.0,0.0,0.0,0.0,0.0
31.0,809,0.0,0.0,0.0,0.0,0.0
31.0,810,0.0,0.0,0.0,0.0,0.0
31.0,811,0.0,0.0,0.0,0.0,0.0
31.0,812,0.0,0.0,0.0,0.0,0.0
31.0,813,0.0,0.0,0.0,0.0,0.0
31.0,814,0.0,0.0,0.0,0.0,0.0
31.0,815,0.0,0.0,0.0,0.0,0.0
31.0,816,0.0,0.0,0.0,0.0,0.0
31.0,817,0.0,0.0,0.0,0.0,0.0
31.0,818,0.0,0.0,0.0,0.0,0.0
31.0,819,0.0,0.0,0.0,0.0,0.0
31.0,820,0.0,0.0,0.0,0.0,0.0
31.0,821,0.0,0.0,0.0,0.0,0.0
31.0,822,0.0,0.0,0.0,0.0,0.0
31.0,823,0.0,0.0,0.0,0.0,0.0
31.0,824,0.0,0.0,0.0,0.0,0.0
31.0,825,0.0,0.0,0.0,0.0,0.0
31.0,826,0.0,0.0,0.0,0.0,0.0
31.0,827,0.0,0.0,0.0,0.0,0.0
31.0,828,0.0,0.0,0.0,0.0,0.0
31.0,829,0.0,0.0,0.0,0.0,0.0
31.0,830,0.0,0.0,0.0,0.0,0.0
31.0,831,0.0,0.0,0.0,0.0,0.0
31.0,832,0.0,0.0,0.0,0.0,0.0
31.0,833,0.0,0.0,0.0,0.0,0.0
31.0,834,0.0,0.0,0.0,0.0,0.0
31.0,835,0.0,0.0,0.0,0.0,0.0
31.0,836,0.0,0.0,0.0,0.0,0.0
31.0,837,0.0,0.0,0.0,0.0,0.0
31.0,838,0.0,0.0,0.0,0.0,0.0
31.0,839,0.0,0.0,0.0,0.0,0.0
31.0,840,0.0,0.0,0.0,0.0,0.0
31.0,841,0.0,0.0,0.0,0.0,0.0
31.0,842,0.0,0.0,0.0,0.0,0.0
31.0,843,0.0,0.0,0.0,0.0,0.0
31.0,844,0.0,0.0,0.0,0.0,0.0
31.0,845,0.0,0.0,0.0,0.0,0.0
31.0,846,0.0,0.0,0.0,0.0,0.0
31.0,847,0.0,0.0,0.0,0.0,0.0
31.0,848,0.0,0.0,0.0,0.0,0.0
31.0,849,0.0,0.0,0.0,0.0,0.0
31.0,850,0.0,0.0,0.0,0.0,0.0
31.0,851,0.0,0.0,0.0,0.0,0.0
31.0,852,0.0,0.0,0.0,0.0,0.0
31.0,853,0.0,0.0,0.0,0.0,0.0
31.0,854,0.0,0.0,0.0,0.0,0.0
31.0,855,0.0,0.0,0.0,0.0,0.0
31.0,856,0.0,0.0,0.0,0.0,0.0
31.0,857,0.0,0.0,0.0,0.0,0.0
31.0,858,0.0,0.0,0.0,0.0,0.0
31.0,859,0.0,0.0,0.0,0.0,0.0
31.0,860,0.0,0.0,0.0,0.0,0.0
31.0,861,0.0,0.0,0.0,0.0,0.0
31.0,862,0.0,0.0,0.0,0.0,0.0
31.0,863,0.0,0.0,0.0,0.0,0.0
31.0,864,0.0,0.0,0.0,0.0,0.0
31.0,865,0.0,0.0,0.0,0.0,0.0
31.0,866,0.0,0.0,0.0,0.0,0.0
31.0,867,0.0,0.0,0.0,0.0,0.0
31.0,868,0.0,0.0,0.0,0.0,0.0
31.0,869,0.0,0.0,0.0,0.0,0.0
31.0,870,0.0,0.0,0.0,0.0,0.0
31.0,871,0.0,0.0,0.0,0.0,0.0
31.0,872,0.0,0.0,0.0,0.0,0.0
31.0,873,0.0,0.0,0.0,0.0,0.0
31.0,874,0.0,0.0,0.0,0.0,0.0
31.0,875,0.0,0.0,0.0,0.0,0.0
31.0,876,0.0,0.0,0.0,0.0,0.0
31.0,877,0.0,0.0,0.0,0.0,0.0
31.0,878,0.0,0.0,0.0,0.0,0.0
31.0,879,0.0,0.0,0.0,0.0,0.0
31.0,880,0.0,0.0,0.0,0.0,0.0
31.0,881,0.0,0.0,0.0,0.0,0.0
31.0,882,0.0,0.0,0.0,0.0,0.0
31.0,883,0.0,0.0,0.0,0.0,0.0
31.0,884,0.0,0.0,0.0,0.0,0.0
31.0,885,0.0,0.0,0.0,0.0,0.0
31.0,886,0.0,0.0,0.0,0.0,0.0
31.0,887,0.0,0.0,0.0,0.0,0.0
31.0,888,0.0,0.0,0.0,0.0,0.0
31.0,889,0.0,0.0,0.0,0.0,0.0
31.0,890,0.0,0.0,0.0,0.0,0.0
31.0,891,0.0,0.0,0.0,0.0,0.0
31.0,892,0.0,0.0,0.0,0.0,0.0
31.0,893,0.0,0.0,0.0,0.0,0.0
31.0,894,0.0,0.0,0.0,0.0,0.0
31.0,895,0.0,0.0,0.0,0.0,0.0
31.0,896,0.0,0.0,0.0,0.0,0.0
31.0,897,0.0,0.0,0.0,0.0,0.0
31.0,898,0.0,0.0,0.0,0.0,0.0
31.0,899,0.0,0.0,0.0,0.0,0.0
31.0,900,0.0,0.0,0.0,0.0,0.0
31.0,901,0.0,0.0,0.0,0.0,0.0
31.0,902,0.0,0.0,0.0,0.0,0.0
31.0,903,0.0,0.0,0.0,0.0,0.0
31.0,904,0.0,0.0,0.0,0.0,0.0
31.0,905,0.0,0.0,0.0,0.0,0.0
31.0,906,0.0,0.0,0.0,0.0,0.0
31.0,907,0.0,0.0,0.0,0.0,0.0
31.0,908,0.0,0.0,0.0,0.0,0.0
31.0,909,0.0,0.0,0.0,0.0,0.0
31.0,910,0.0,0.0,0.0,0.0,0.0
31.0,911,0.0,0.0,0.0,0.0,0.0
31.0,912,0.0,0.0,0.0,0.0,0.0
31.0,913,0.0,0.0,0.0,0.0,0.0
31.0,914,0.0,0.0,0.0,0.0,0.0
31.0,915,0.0,0.0,0.0,0.0,0.0
31.0,916,0.0,0.0,0.0,0.0,0.0
31.0,917,0.0,0.0,0.0,0.0,0.0
31.0,918,0.0,0.0,0.0,0.0,0.0
31.0,919,0.0,0.0,0.0,0.0,0.0
31.0,920,0.0,0.0,0.0,0.0,0.0
31.0,921,0.0,0.0,0.0,0.0,0.0
31.0,922,0.0,0.0,0.0,0.0,0.0
31.0,923,0.0,0.0,0.0,0.0,0.0
31.0,924,0.0,0.0,0.0,0.0,0.0
31.0,925,0.0,0.0,0.0,0.0,0.0
31.0,926,0.0,0.0,0.0,0.0,0.0
31.0,927,0.0,0.0,0.0,0.0,0.0
31.0,928,0.0,0.0,0.0,0.0,0.0
31.0,929,0.0,0.0,0.0,0.0,0.0
31.0,930,0.0,0.0,0.0,0.0,0.0
31.0,931,0.0,0.0,0.0,0.0,0.0
31.0,932,0.0,0.0,0.0,0.0,0.0
31.0,933,0.0,0.0,0.0,0.0,0.0
31.0,934,0.0,0.0,0.0,0.0,0.0
31.0,935,0.0,0.0,0.0,0.0,0.0
31.0,936,0.0,0.0,0.0,0.0,0.0
31.0,937,0.0,0.0,0.0,0.0,0.0
31.0,938,0.0,0.0,0.0,0.0,0.0
31.0,939,0.0,0.0,0.0,0.0,0.0
31.0,940,0.0,0.0,0.0,0.0,0.0
31.0,941,0.0,0.0,0.0,0.0,0.0
31.0,942,0.0,0.0,0.0,0.0,0.0
31.0,943,0.0,0.0,0.0,0.0,0.0
31.0,944,0.0,0.0,0.0,0.0,0.0
31.0,945,0.0,0.0,0.0,0.0,0.0
31.0,946,0.0,0.0,0.0,0.0,0.0
31.0,947,0.0,0.0,0.0,0.0,0.0
31.0,948,0.0,0.0,0.0,0.0,0.0
31.0,949,0.0,0.0,0.0,0.0,0.0
31.0,950,0.0,0.0,0.0,0.0,0.0
31.0,951,0.0,0.0,0.0,0.0,0.0
31.0,952,0.0,0.0,0.0,0.0,0.0
31.0,953,0.0,0.0,0.0,0.0,0.0
31.0,954,0.0,0.0,0.0,0.0,0.0
31.0,955,0.0,0.0,0.0,0.0,0.0
31.0,956,0.0,0.0,0.0,0.0,0.0
31.0,957,0.0,0.0,0.0,0.0,0.0
31.0,958,0.0,0.0,0.0,0.0,0.0
31.0,959,0.0,0.0,0.0,0.0,0.0
31.0,960,0.0,0.0,0.0,0.0,0.0
31.0,961,0.0,0.0,0.0,0.0,0.0
31.0,962,0.0,0.0,0.0,0.0,0.0
31.0,963,0.0,0.0,0.0,0.0,0.0
31.0,964,0.0,0.0,0.0,0.0,0.0
31.0,965,0.0,0.0,0.0,0.0,0.0
31.0,966,0.0,0.0,0.0,0.0,0.0
31.0,967,0.0,0.0,0.0,0.0,0.0
31.0,968,0.0,0.0,0.0,0.0,0.0
31.0,969,0.0,0.0,0.0,0.0,0.0
31.0,970,0.0,0.0,0.0,0.0,0.0
31.0,971,0.0,0.0,0.0,0.0,0.0
31.0,972,0.0,0.0,0.0,0.0,0.0
31.0,973,0.0,0.0,0.0,0.0,0.0
31.0,974,0.0,0.0,0.0,0.0,0.0
31.0,975,0.0,0.0,0.0,0.0,0.0
31.0,976,0.0,0.0,0.0,0.0,0.0
31.0,977,0.0,0.0,0.0,0.0,0.0
31.0,978,0.0,0.0,0.0,0.0,0.0
31.0,979,0.0,0.0,0.0,0.0,0.0
31.0,980,0.0,0.0,0.0,0.0,0.0
31.0,981,0.0,0.0,0.0,0.0,0.0
31.0,982,0.0,0.0,0.0,0.0,0.0
31.0,983,0.0,0.0,0.0,0.0,0.0
31.0,984,0.0,0.0,0.0,0.0,0.0
31.0,985,0.0,0.0,0.0,0.0,0.0
31.0,986,0.0,0.0,0.0,0.0,0.0
31.0,987,0.0,0.0,0.0,0.0,0.0
31.0,988,0.0,0.0,0.0,0.0,0.0
31.0,989,0.0,0.0,0.0,0.0,0.0
31.0,990,0.0,0.0,0.0,0.0,0.0
31.0,991,0.0,0.0,0.0,0.0,0.0
31.0,992,0.0,0.0,0.0,0.0,0.0
31.0,993,0.0,0.0,0.0,0.0,0.0
31.0,994,0.0,0.0,0.0,0.0,0.0
31.0,995,0.0,0.0,0.0,0.0,0.0
31.0,996,0.0,0.0,0.0,0.0,0.0
31.0,997,0.0,0.0,0.0,0.0,0.0
31.0,998,0.0,0.0,0.0,0.0,0.0
31.0,999,0.0,0.0,0.0,0.0,0.0
31.0,1000,0.0,0.0,0.0,0.0,0.0
32.0,1,0.0,0.0,0.0,0.0,0.0
32.0,2,0.0,0.0,0.0,0.0,0.0
32.0,3,1.5833333333333333,1.8333333333333333,0.0,0.0,0.0
32.0,4,0.0,0.0,0.0,0.0,0.0
32.0,5,0.0,0.0,0.0,0.0,0.0
32.0,6,0.0,0.0,0.0,0.0,0.0
32.0,7,0.0,0.0,0.0,0.0,0.0
32.0,8,1.5833333333333333,0.0,0.0,0.0,0.0
32.0,9,0.0,0.0,0.0,0.0,0.0
32.0,10,1.6666666666666667,0.0,0.0,0.0,0.0
32.0,11,1.5,0.0,0.0,0.0,0.0
32.0,12,0.0,0.0,0.0,0.0,0.0
32.0,13,0.0,0.0,0.0,0.0,0.0
32.0,14,0.0,0.0,0.0,0.0,0.0
32.0,15,0.0,0.0,0.0,0.0,0.0
32.0,16,0.0,0.0,0.0,0.0,0.0
32.0,17,1.5,1.75,0.0,0.0,0.0
32.0,18,0.0,0.0,0.0,0.0,0.0
32.0,19,0.0,0.0,0.0,0.0,0.0
32.0,20,0.0,0.0,0.0,0.0,0.0
32.0,21,1.6666666666666667,2.0833333333333335,0.0,0.0,0.0
32.0,22,0.0,0.0,0.0,0.0,0.0
32.0,23,0.0,0.0,0.0,0.0,0.0
32.0,24,0.0,0.0,0.0,0.0,0.0
32.0,25,0.0,0.0,0.0,0.0,0.0
32.0,26,0.0,0.0,0.0,0.0,0.0
32.0,27,0.0,0.0,0.0,0.0,0.0
32.0,28,0.0,0.0,0.0,0.0,0.0
32.0,29,0.0,0.0,0.0,0.0,0.0
32.0,30,1.8333333333333333,0.0,0.0,0.0,0.0
32.0,31,0.0,0.0,0.0,0.0,0.0
32.0,32,0.0,0.0,0.0,0.0,0.0
32.0,33,1.5,0.0,0.0,0.0,0.0
32.0,34,0.0,0.0,0.0,0.0,0.0
32.0,35,0.0,0.0,0.0,0.0,0.0
32.0,36,0.0,0.0,0.0,0.0,0.0
32.0,37,0.0,0.0,0.0,0.0,0.0
32.0,38,0.0,0.0,0.0,0.0,0.0
32.0,39,0.0,0.0,0.0,0.0,0.0
32.0,40,0.0,0.0,0.0,0.0,0.0
32.0,41,0.0,0.0,0.0,0.0,0.0
32.0,42,0.0,0.0,0.0,0.0,0.0
32.0,43,0.0,0.0,0.0,0.0,0.0
32.0,44,0.0,0.0,0.0,0.0,0.0
32.0,45,0.0,0.0,0.0,0.0,0.0
32.0,46,1.8333333333333333,1.6666666666666667,0.0,0.0,0.0
32.0,47,0.0,0.0,0.0,0.0,0.0
32.0,48,0.0,0.0,0.0,0.0,0.0
32.0,49,0.0,0.0,0.0,0.0,0.0
32.0,50,0.0,0.0,0.0,0.0,0.0
32.0,51,0.0,0.0,0.0,0.0,0.0
32.0,52,0.0,0.0,0.0,0.0,0.0
32.0,53,0.0,0.0,0.0,0.0,0.0
32.0,54,0.0,0.0,0.0,0.0,0.0
32.0,55,0.0,0.0,0.0,0.0,0.0
32.0,56,0.0,0.0,0.0,0.0,0.0
32.0,57,0.0,0.0,0.0,0.0,0.0
32.0,58,0.0,0.0,0.0,0.0,0.0
32.0,59,0.0,0.0,0.0,0.0,0.0
32.0,60,0.0,0.0,0.0,0.0,0.0
32.0,61,0.0,0.0,0.0,0.0,0.0
32.0,62,0.0,0.0,0.0,0.0,0.0
32.0,63,0.0,0.0,0.0,0.0,0.0
32.0,64,0.0,0.0,0.0,0.0,0.0
32.0,65,0.0,0.0,0.0,0.0,0.0
32.0,66,0.0,0.0,0.0,0.0,0.0
32.0,67,0.0,0.0,0.0,0.0,0.0
32.0,68,0.0,0.0,0.0,0.0,0.0
32.0,69,0.0,0.0,0.0,0.0,0.0
32.0,70,0.0,0.0,0.0,0.0,0.0
32.0,71,0.0,0.0,0.0,0.0,0.0
32.0,72,0.0,0.0,0.0,0.0,0.0
32.0,73,0.0,0.0,0.0,0.0,0.0
32.0,74,0.0,0.0,0.0,0.0,0.0
32.0,75,0.0,0.0,0.0,0.0,0.0
32.0,76,0.0,0.0,0.0,0.0,0.0
32.0,77,0.0,0.0,0.0,0.0,0.0
32.0,78,0.0,0.0,0.0,0.0,0.0
32.0,79,0.0,0.0,0.0,0.0,0.0
32.0,80,0.0,0.0,0.0,0.0,0.0
32.0,81,0.0,0.0,0.0,0.0,0.0
32.0,82,0.0,0.0,0.0,0.0,0.0
32.0,83,0.0,0.0,0.0,0.0,0.0
32.0,84,0.0,0.0,0.0,0.0,0.0
32.0,85,0.0,0.0,0.0,0.0,0.0
32.0,86,0.0,0.0,0.0,0.0,0.0
32.0,87,0.0,0.0,0.0,0.0,0.0
32.0,88,0.0,0.0,0.0,0.0,0.0
32.0,89,0.0,0.0,0.0,0.0,0.0
32.0,90,0.0,0.0,0.0,0.0,0.0
32.0,91,0.0,0.0,0.0,0.0,0.0
32.0,92,0.0,0.0,0.0,0.0,0.0
32.0,93,0.0,0.0,0.0,0.0,0.0
32.0,94,0.0,0.0,0.0,0.0,0.0
32.0,95,0.0,0.0,0.0,0.0,0.0
32.0,96,0.0,0.0,0.0,0.0,0.0
32.0,97,0.0,0.0,0.0,0.0,0.0
32.0,98,0.0,0.0,0.0,0.0,0.0
32.0,99,0.0,0.0,0.0,0.0,0.0
32.0,100,0.0,0.0,0.0,0.0,0.0
32.0,101,0.0,0.0,0.0,0.0,0.0
32.0,102,0.0,0.0,0.0,0.0,0.0
32.0,103,0.0,0.0,0.0,0.0,0.0
32.0,104,0.0,0.0,0.0,0.0,0.0
32.0,105,0.0,0.0,0.0,0.0,0.0
32.0,106,0.0,0.0,0.0,0.0,0.0
32.0,107,0.0,0.0,0.0,0.0,0.0
32.0,108,0.0,0.0,0.0,0.0,0.0
32.0,109,0.0,0.0,0.0,0.0,0.0
32.0,110,0.0,0.0,0.0,0.0,0.0
32.0,111,0.0,0.0,0.0,0.0,0.0
32.0,112,0.0,0.0,0.0,0.0,0.0
32.0,113,0.0,0.0,0.0,0.0,0.0
32.0,114,0.0,0.0,0.0,0.0,0.0
32.0,115,0.0,0.0,0.0,0.0,0.0
32.0,116,0.0,0.0,0.0,0.0,0.0
32.0,117,0.0,0.0,0.0,0.0,0.0
32.0,118,0.0,0.0,0.0,0.0,0.0
32.0,119,0.0,0.0,0.0,0.0,0.0
32.0,120,0.0,0.0,0.0,0.0,0.0
32.0,121,0.0,0.0,0.0,0.0,0.0
32.0,122,0.0,0.0,0.0,0.0,0.0
32.0,123,0.0,0.0,0.0,0.0,0.0
32.0,124,0.0,0.0,0.0,0.0,0.0
32.0,125,0.0,0.0,0.0,0.0,0.0
32.0,126,0.0,0.0,0.0,0.0,0.0
32.0,127,0.0,0.0,0.0,0.0,0.0
32.0,128,0.0,0.0,0.0,0.0,0.0
32.0,129,0.0,0.0,0.0,0.0,0.0
32.0,130,0.0,0.0,0.0,0.0,0.0
32.0,131,0.0,0.0,0.0,0.0,0.0
32.0,132,0.0,0.0,0.0,0.0,0.0
32.0,133,0.0,0.0,0.0,0.0,0.0
32.0,134,0.0,0.0,0.0,0.0,0.0
32.0,135,0.0,0.0,0.0,0.0,0.0
32.0,136,0.0,0.0,0.0,0.0,0.0
32.0,137,0.0,0.0,0.0,0.0,0.0
32.0,138,0.0,0.0,0.0,0.0,0.0
32.0,139,0.0,0.0,0.0,0.0,0.0
32.0,140,0.0,0.0,0.0,0.0,0.0
32.0,141,0.0,0.0,0.0,0.0,0.0
32.0,142,0.0,0.0,0.0,0.0,0.0
32.0,143,0.0,0.0,0.0,0.0,0.0
32.0,144,0.0,0.0,0.0,0.0,0.0
32.0,145,0.0,0.0,0.0,0.0,0.0
32.0,146,0.0,0.0,0.0,0.0,0.0
32.0,147,0.0,0.0,0.0,0.0,0.0
32.0,148,0.0,0.0,0.0,0.0,0.0
32.0,149,0.0,0.0,0.0,0.0,0.0
32.0,150,0.0,0.0,0.0,0.0,0.0
32.0,151,0.0,0.0,0.0,0.0,0.0
32.0,152,0.0,0.0,0.0,0.0,0.0
32.0,153,0.0,0.0,0.0,0.0,0.0
32.0,154,0.0,0.0,0.0,0.0,0.0
32.0,155,0.0,0.0,0.0,0.0,0.0
32.0,156,0.0,0.0,0.0,0.0,0.0
32.0,157,0.0,0.0,0.0,0.0,0.0
32.0,158,0.0,0.0,0.0,0.0,0.0
32.0,159,0.0,0.0,0.0,0.0,0.0
32.0,160,0.0,0.0,0.0,0.0,0.0
32.0,161,0.0,0.0,0.0,0.0,0.0
32.0,162,0.0,0.0,0.0,0.0,0.0
32.0,163,0.0,0.0,0.0,0.0,0.0
32.0,164,0.0,0.0,0.0,0.0,0.0
32.0,165,0.0,0.0,0.0,0.0,0.0
32.0,166,0.0,0.0,0.0,0.0,0.0
32.0,167,0.0,0.0,0.0,0.0,0.0
32.0,168,0.0,0.0,0.0,0.0,0.0
32.0,169,0.0,0.0,0.0,0.0,0.0
32.0,170,0.0,0.0,0.0,0.0,0.0
32.0,171,0.0,0.0,0.0,0.0,0.0
32.0,172,0.0,0.0,0.0,0.0,0.0
32.0,173,0.0,0.0,0.0,0.0,0.0
32.0,174,0.0,0.0,0.0,0.0,0.0
32.0,175,0.0,0.0,0.0,0.0,0.0
32.0,176,0.0,0.0,0.0,0.0,0.0
32.0,177,0.0,0.0,0.0,0.0,0.0
32.0,178,0.0,0.0,0.0,0.0,0.0
32.0,179,0.0,0.0,0.0,0.0,0.0
32.0,180,0.0,0.0,0.0,0.0,0.0
32.0,181,0.0,0.0,0.0,0.0,0.0
32.0,182,0.0,0.0,0.0,0.0,0.0
32.0,183,0.0,0.0,0.0,0.0,0.0
32.0,184,0.0,0.0,0.0,0.0,0.0
32.0,185,0.0,0.0,0.0,0.0,0.0
32.0,186,0.0,0.0,0.0,0.0,0.0
32.0,187,0.0,0.0,0.0,0.0,0.0
32.0,188,0.0,0.0,0.0,0.0,0.0
32.0,189,0.0,0.0,0.0,0.0,0.0
32.0,190,0.0,0.0,0.0,0.0,0.0
32.0,191,0.0,0.0,0.0,0.0,0.0
32.0,192,0.0,0.0,0.0,0.0,0.0
32.0,193,0.0,0.0,0.0,0.0,0.0
32.0,194,0.0,0.0,0.0,0.0,0.0
32.0,195,0.0,0.0,0.0,0.0,0.0
32.0,196,0.0,0.0,0.0,0.0,0.0
32.0,197,0.0,0.0,0.0,0.0,0.0
32.0,198,0.0,0.0,0.0,0.0,0.0
32.0,199,0.0,0.0,0.0,0.0,0.0
32.0,200,0.0,0.0,0.0,0.0,0.0
32.0,201,0.0,0.0,0.0,0.0,0.0
32.0,202,0.0,0.0,0.0,0.0,0.0
32.0,203,0.0,0.0,0.0,0.0,0.0
32.0,204,0.0,0.0,0.0,0.0,0.0
32.0,205,0.0,0.0,0.0,0.0,0.0
32.0,206,0.0,0.0,0.0,0.0,0.0
32.0,207,0.0,0.0,0.0,0.0,0.0
32.0,208,0.0,0.0,0.0,0.0,0.0
32.0,209,0.0,0.0,0.0,0.0,0.0
32.0,210,0.0,0.0,0.0,0.0,0.0
32.0,211,0.0,0.0,0.0,0.0,0.0
32.0,212,0.0,0.0,0.0,0.0,0.0
32.0,213,0.0,0.0,0.0,0.0,0.0
32.0,214,0.0,0.0,0.0,0.0,0.0
32.0,215,0.0,0.0,0.0,0.0,0.0
32.0,216,0.0,0.0,0.0,0.0,0.0
32.0,217,0.0,0.0,0.0,0.0,0.0
32.0,218,0.0,0.0,0.0,0.0,0.0
32.0,219,0.0,0.0,0.0,0.0,0.0
32.0,220,0.0,0.0,0.0,0.0,0.0
32.0,221,0.0,0.0,0.0,0.0,0.0
32.0,222,0.0,0.0,0.0,0.0,0.0
32.0,223,0.0,0.0,0.0,0.0,0.0
32.0,224,0.0,0.0,0.0,0.0,0.0
32.0,225,0.0,0.0,0.0,0.0,0.0
32.0,226,0.0,0.0,0.0,0.0,0.0
32.0,227,0.0,0.0,0.0,0.0,0.0
32.0,228,0.0,0.0,0.0,0.0,0.0
32.0,229,0.0,0.0,0.0,0.0,0.0
32.0,230,0.0,0.0,0.0,0.0,0.0
32.0,231,0.0,0.0,0.0,0.0,0.0
32.0,232,0.0,0.0,0.0,0.0,0.0
32.0,233,0.0,0.0,0.0,0.0,0.0
32.0,234,0.0,0.0,0.0,0.0,0.0
32.0,235,0.0,0.0,0.0,0.0,0.0
32.0,236,0.0,0.0,0.0,0.0,0.0
32.0,237,0.0,0.0,0.0,0.0,0.0
32.0,238,0.0,0.0,0.0,0.0,0.0
32.0,239,0.0,0.0,0.0,0.0,0.0
32.0,240,0.0,0.0,0.0,0.0,0.0
32.0,241,0.0,0.0,0.0,0.0,0.0
32.0,242,0.0,0.0,0.0,0.0,0.0
32.0,243,0.0,0.0,0.0,0.0,0.0
32.0,244,0.0,0.0,0.0,0.0,0.0
32.0,245,0.0,0.0,0.0,0.0,0.0
32.0,246,0.0,0.0,0.0,0.0,0.0
32.0,247,0.0,0.0,0.0,0.0,0.0
32.0,248,0.0,0.0,0.0,0.0,0.0
32.0,249,0.0,0.0,0.0,0.0,0.0
32.0,250,0.0,0.0,0.0,0.0,0.0
32.0,251,0.0,0.0,0.0,0.0,0.0
32.0,252,0.0,0.0,0.0,0.0,0.0
32.0,253,0.0,0.0,0.0,0.0,0.0
32.0,254,0.0,0.0,0.0,0.0,0.0
32.0,255,0.0,0.0,0.0,0.0,0.0
32.0,256,0.0,0.0,0.0,0.0,0.0
32.0,257,0.0,0.0,0.0,0.0,0.0
32.0,258,0.0,0.0,0.0,0.0,0.0
32.0,259,0.0,0.0,0.0,0.0,0.0
32.0,260,0.0,0.0,0.0,0.0,0.0
32.0,261,0.0,0.0,0.0,0.0,0.0
32.0,262,0.0,0.0,0.0,0.0,0.0
32.0,263,0.0,0.0,0.0,0.0,0.0
32.0,264,0.0,0.0,0.0,0.0,0.0
32.0,265,0.0,0.0,0.0,0.0,0.0
32.0,266,0.0,0.0,0.0,0.0,0.0
32.0,267,0.0,0.0,0.0,0.0,0.0
32.0,268,0.0,0.0,0.0,0.0,0.0
32.0,269,0.0,0.0,0.0,0.0,0.0
32.0,270,0.0,0.0,0.0,0.0,0.0
32.0,271,0.0,0.0,0.0,0.0,0.0
32.0,272,0.0,0.0,0.0,0.0,0.0
32.0,273,0.0,0.0,0.0,0.0,0.0
32.0,274,0.0,0.0,0.0,0.0,0.0
32.0,275,0.0,0.0,0.0,0.0,0.0
32.0,276,0.0,0.0,0.0,0.0,0.0
32.0,277,0.0,0.0,0.0,0.0,0.0
32.0,278,0.0,0.0,0.0,0.0,0.0
32.0,279,0.0,0.0,0.0,0.0,0.0
32.0,280,0.0,0.0,0.0,0.0,0.0
32.0,281,0.0,0.0,0.0,0.0,0.0
32.0,282,0.0,0.0,0.0,0.0,0.0
32.0,283,0.0,0.0,0.0,0.0,0.0
32.0,284,0.0,0.0,0.0,0.0,0.0
32.0,285,0.0,0.0,0.0,0.0,0.0
32.0,286,0.0,0.0,0.0,0.0,0.0
32.0,287,0.0,0.0,0.0,0.0,0.0
32.0,288,0.0,0.0,0.0,0.0,0.0
32.0,289,0.0,0.0,0.0,0.0,0.0
32.0,290,0.0,0.0,0.0,0.0,0.0
32.0,291,0.0,0.0,0.0,0.0,0.0
32.0,292,0.0,0.0,0.0,0.0,0.0
32.0,293,0.0,0.0,0.0,0.0,0.0
32.0,294,0.0,0.0,0.0,0.0,0.0
32.0,295,0.0,0.0,0.0,0.0,0.0
32.0,296,0.0,0.0,0.0,0.0,0.0
32.0,297,0.0,0.0,0.0,0.0,0.0
32.0,298,0.0,0.0,0.0,0.0,0.0
32.0,299,0.0,0.0,0.0,0.0,0.0
32.0,300,0.0,0.0,0.0,0.0,0.0
32.0,301,0.0,0.0,0.0,0.0,0.0
32.0,302,0.0,0.0,0.0,0.0,0.0
32.0,303,0.0,0.0,0.0,0.0,0.0
32.0,304,0.0,0.0,0.0,0.0,0.0
32.0,305,0.0,0.0,0.0,0.0,0.0
32.0,306,0.0,0.0,0.0,0.0,0.0
32.0,307,0.0,0.0,0.0,0.0,0.0
32.0,308,0.0,0.0,0.0,0.0,0.0
32.0,309,0.0,0.0,0.0,0.0,0.0
32.0,310,0.0,0.0,0.0,0.0,0.0
32.0,311,0.0,0.0,0.0,0.0,0.0
32.0,312,0.0,0.0,0.0,0.0,0.0
32.0,313,0.0,0.0,0.0,0.0,0.0
32.0,314,0.0,0.0,0.0,0.0,0.0
32.0,315,0.0,0.0,0.0,0.0,0.0
32.0,316,0.0,0.0,0.0,0.0,0.0
32.0,317,0.0,0.0,0.0,0.0,0.0
32.0,318,0.0,0.0,0.0,0.0,0.0
32.0,319,0.0,0.0,0.0,0.0,0.0
32.0,320,0.0,0.0,0.0,0.0,0.0
32.0,321,0.0,0.0,0.0,0.0,0.0
32.0,322,0.0,0.0,0.0,0.0,0.0
32.0,323,0.0,0.0,0.0,0.0,0.0
32.0,324,0.0,0.0,0.0,0.0,0.0
32.0,325,0.0,0.0,0.0,0.0,0.0
32.0,326,0.0,0.0,0.0,0.0,0.0
32.0,327,0.0,0.0,0.0,0.0,0.0
32.0,328,0.0,0.0,0.0,0.0,0.0
32.0,329,0.0,0.0,0.0,0.0,0.0
32.0,330,0.0,0.0,0.0,0.0,0.0
32.0,331,0.0,0.0,0.0,0.0,0.0
32.0,332,0.0,0.0,0.0,0.0,0.0
32.0,333,0.0,0.0,0.0,0.0,0.0
32.0,334,0.0,0.0,0.0,0.0,0.0
32.0,335,0.0,0.0,0.0,0.0,0.0
32.0,336,0.0,0.0,0.0,0.0,0.0
32.0,337,0.0,0.0,0.0,0.0,0.0
32.0,338,0.0,0.0,0.0,0.0,0.0
32.0,339,0.0,0.0,0.0,0.0,0.0
32.0,340,0.0,0.0,0.0,0.0,0.0
32.0,341,0.0,0.0,0.0,0.0,0.0
32.0,342,0.0,0.0,0.0,0.0,0.0
32.0,343,0.0,0.0,0.0,0.0,0.0
32.0,344,0.0,0.0,0.0,0.0,0.0
32.0,345,0.0,0.0,0.0,0.0,0.0
32.0,346,0.0,0.0,0.0,0.0,0.0
32.0,347,0.0,0.0,0.0,0.0,0.0
32.0,348,0.0,0.0,0.0,0.0,0.0
32.0,349,0.0,0.0,0.0,0.0,0.0
32.0,350,0.0,0.0,0.0,0.0,0.0
32.0,351,0.0,0.0,0.0,0.0,0.0
32.0,352,0.0,0.0,0.0,0.0,0.0
32.0,353,0.0,0.0,0.0,0.0,0.0
32.0,354,0.0,0.0,0.0,0.0,0.0
32.0,355,0.0,0.0,0.0,0.0,0.0
32.0,356,0.0,0.0,0.0,0.0,0.0
32.0,357,0.0,0.0,0.0,0.0,0.0
32.0,358,0.0,0.0,0.0,0.0,0.0
32.0,359,0.0,0.0,0.0,0.0,0.0
32.0,360,0.0,0.0,0.0,0.0,0.0
32.0,361,0.0,0.0,0.0,0.0,0.0
32.0,362,0.0,0.0,0.0,0.0,0.0
32.0,363,0.0,0.0,0.0,0.0,0.0
32.0,364,0.0,0.0,0.0,0.0,0.0
32.0,365,0.0,0.0,0.0,0.0,0.0
32.0,366,0.0,0.0,0.0,0.0,0.0
32.0,367,0.0,0.0,0.0,0.0,0.0
32.0,368,0.0,0.0,0.0,0.0,0.0
32.0,369,0.0,0.0,0.0,0.0,0.0
32.0,370,0.0,0.0,0.0,0.0,0.0
32.0,371,0.0,0.0,0.0,0.0,0.0
32.0,372,0.0,0.0,0.0,0.0,0.0
32.0,373,0.0,0.0,0.0,0.0,0.0
32.0,374,0.0,0.0,0.0,0.0,0.0
32.0,375,0.0,0.0,0.0,0.0,0.0
32.0,376,0.0,0.0,0.0,0.0,0.0
32.0,377,0.0,0.0,0.0,0.0,0.0
32.0,378,0.0,0.0,0.0,0.0,0.0
32.0,379,0.0,0.0,0.0,0.0,0.0
32.0,380,0.0,0.0,0.0,0.0,0.0
32.0,381,0.0,0.0,0.0,0.0,0.0
32.0,382,0.0,0.0,0.0,0.0,0.0
32.0,383,0.0,0.0,0.0,0.0,0.0
32.0,384,0.0,0.0,0.0,0.0,0.0
32.0,385,0.0,0.0,0.0,0.0,0.0
32.0,386,0.0,0.0,0.0,0.0,0.0
32.0,387,0.0,0.0,0.0,0.0,0.0
32.0,388,0.0,0.0,0.0,0.0,0.0
32.0,389,0.0,0.0,0.0,0.0,0.0
32.0,390,0.0,0.0,0.0,0.0,0.0
32.0,391,0.0,0.0,0.0,0.0,0.0
32.0,392,0.0,0.0,0.0,0.0,0.0
32.0,393,0.0,0.0,0.0,0.0,0.0
32.0,394,0.0,0.0,0.0,0.0,0.0
32.0,395,0.0,0.0,0.0,0.0,0.0
32.0,396,0.0,0.0,0.0,0.0,0.0
32.0,397,0.0,0.0,0.0,0.0,0.0
32.0,398,0.0,0.0,0.0,0.0,0.0
32.0,399,0.0,0.0,0.0,0.0,0.0
32.0,400,0.0,0.0,0.0,0.0,0.0
32.0,401,0.0,0.0,0.0,0.0,0.0
32.0,402,0.0,0.0,0.0,0.0,0.0
32.0,403,0.0,0.0,0.0,0.0,0.0
32.0,404,0.0,0.0,0.0,0.0,0.0
32.0,405,0.0,0.0,0.0,0.0,0.0
32.0,406,0.0,0.0,0.0,0.0,0.0
32.0,407,0.0,0.0,0.0,0.0,0.0
32.0,408,0.0,0.0,0.0,0.0,0.0
32.0,409,0.0,0.0,0.0,0.0,0.0
32.0,410,0.0,0.0,0.0,0.0,0.0
32.0,411,0.0,0.0,0.0,0.0,0.0
32.0,412,0.0,0.0,0.0,0.0,0.0
32.0,413,0.0,0.0,0.0,0.0,0.0
32.0,414,0.0,0.0,0.0,0.0,0.0
32.0,415,0.0,0.0,0.0,0.0,0.0
32.0,416,0.0,0.0,0.0,0.0,0.0
32.0,417,0.0,0.0,0.0,0.0,0.0
32.0,418,0.0,0.0,0.0,0.0,0.0
32.0,419,0.0,0.0,0.0,0.0,0.0
32.0,420,0.0,0.0,0.0,0.0,0.0
32.0,421,0.0,0.0,0.0,0.0,0.0
32.0,422,0.0,0.0,0.0,0.0,0.0
32.0,423,0.0,0.0,0.0,0.0,0.0
32.0,424,0.0,0.0,0.0,0.0,0.0
32.0,425,0.0,0.0,0.0,0.0,0.0
32.0,426,0.0,0.0,0.0,0.0,0.0
32.0,427,0.0,0.0,0.0,0.0,0.0
32.0,428,0.0,0.0,0.0,0.0,0.0
32.0,429,0.0,0.0,0.0,0.0,0.0
32.0,430,0.0,0.0,0.0,0.0,0.0
32.0,431,0.0,0.0,0.0,0.0,0.0
32.0,432,0.0,0.0,0.0,0.0,0.0
32.0,433,0.0,0.0,0.0,0.0,0.0
32.0,434,0.0,0.0,0.0,0.0,0.0
32.0,435,0.0,0.0,0.0,0.0,0.0
32.0,436,0.0,0.0,0.0,0.0,0.0
32.0,437,0.0,0.0,0.0,0.0,0.0
32.0,438,0.0,0.0,0.0,0.0,0.0
32.0,439,0.0,0.0,0.0,0.0,0.0
32.0,440,0.0,0.0,0.0,0.0,0.0
32.0,441,0.0,0.0,0.0,0.0,0.0
32.0,442,0.0,0.0,0.0,0.0,0.0
32.0,443,0.0,0.0,0.0,0.0,0.0
32.0,444,0.0,0.0,0.0,0.0,0.0
32.0,445,0.0,0.0,0.0,0.0,0.0
32.0,446,0.0,0.0,0.0,0.0,0.0
32.0,447,0.0,0.0,0.0,0.0,0.0
32.0,448,0.0,0.0,0.0,0.0,0.0
32.0,449,0.0,0.0,0.0,0.0,0.0
32.0,450,0.0,0.0,0.0,0.0,0.0
32.0,451,0.0,0.0,0.0,0.0,0.0
32.0,452,0.0,0.0,0.0,0.0,0.0
32.0,453,0.0,0.0,0.0,0.0,0.0
32.0,454,0.0,0.0,0.0,0.0,0.0
32.0,455,0.0,0.0,0.0,0.0,0.0
32.0,456,0.0,0.0,0.0,0.0,0.0
32.0,457,0.0,0.0,0.0,0.0,0.0
32.0,458,0.0,0.0,0.0,0.0,0.0
32.0,459,0.0,0.0,0.0,0.0,0.0
32.0,460,0.0,0.0,0.0,0.0,0.0
32.0,461,0.0,0.0,0.0,0.0,0.0
32.0,462,0.0,0.0,0.0,0.0,0.0
32.0,463,0.0,0.0,0.0,0.0,0.0
32.0,464,0.0,0.0,0.0,0.0,0.0
32.0,465,0.0,0.0,0.0,0.0,0.0
32.0,466,0.0,0.0,0.0,0.0,0.0
32.0,467,0.0,0.0,0.0,0.0,0.0
32.0,468,0.0,0.0,0.0,0.0,0.0
32.0,469,0.0,0.0,0.0,0.0,0.0
32.0,470,0.0,0.0,0.0,0.0,0.0
32.0,471,0.0,0.0,0.0,0.0,0.0
32.0,472,0.0,0.0,0.0,0.0,0.0
32.0,473,0.0,0.0,0.0,0.0,0.0
32.0,474,0.0,0.0,0.0,0.0,0.0
32.0,475,0.0,0.0,0.0,0.0,0.0
32.0,476,0.0,0.0,0.0,0.0,0.0
32.0,477,0.0,0.0,0.0,0.0,0.0
32.0,478,0.0,0.0,0.0,0.0,0.0
32.0,479,0.0,0.0,0.0,0.0,0.0
32.0,480,0.0,0.0,0.0,0.0,0.0
32.0,481,0.0,0.0,0.0,0.0,0.0
32.0,482,0.0,0.0,0.0,0.0,0.0
32.0,483,0.0,0.0,0.0,0.0,0.0
32.0,484,0.0,0.0,0.0,0.0,0.0
32.0,485,0.0,0.0,0.0,0.0,0.0
32.0,486,0.0,0.0,0.0,0.0,0.0
32.0,487,0.0,0.0,0.0,0.0,0.0
32.0,488,0.0,0.0,0.0,0.0,0.0
32.0,489,0.0,0.0,0.0,0.0,0.0
32.0,490,0.0,0.0,0.0,0.0,0.0
32.0,491,0.0,0.0,0.0,0.0,0.0
32.0,492,0.0,0.0,0.0,0.0,0.0
32.0,493,0.0,0.0,0.0,0.0,0.0
32.0,494,0.0,0.0,0.0,0.0,0.0
32.0,495,0.0,0.0,0.0,0.0,0.0
32.0,496,0.0,0.0,0.0,0.0,0.0
32.0,497,0.0,0.0,0.0,0.0,0.0
32.0,498,0.0,0.0,0.0,0.0,0.0
32.0,499,0.0,0.0,0.0,0.0,0.0
32.0,500,0.0,0.0,0.0,0.0,0.0
32.0,501,0.0,0.0,0.0,0.0,0.0
32.0,502,0.0,0.0,0.0,0.0,0.0
32.0,503,0.0,0.0,0.0,0.0,0.0
32.0,504,0.0,0.0,0.0,0.0,0.0
32.0,505,0.0,0.0,0.0,0.0,0.0
32.0,506,0.0,0.0,0.0,0.0,0.0
32.0,507,0.0,0.0,0.0,0.0,0.0
32.0,508,0.0,0.0,0.0,0.0,0.0
32.0,509,0.0,0.0,0.0,0.0,0.0
32.0,510,0.0,0.0,0.0,0.0,0.0
32.0,511,0.0,0.0,0.0,0.0,0.0
32.0,512,0.0,0.0,0.0,0.0,0.0
32.0,513,0.0,0.0,0.0,0.0,0.0
32.0,514,0.0,0.0,0.0,0.0,0.0
32.0,515,0.0,0.0,0.0,0.0,0.0
32.0,516,0.0,0.0,0.0,0.0,0.0
32.0,517,0.0,0.0,0.0,0.0,0.0
32.0,518,0.0,0.0,0.0,0.0,0.0
32.0,519,0.0,0.0,0.0,0.0,0.0
32.0,520,0.0,0.0,0.0,0.0,0.0
32.0,521,0.0,0.0,0.0,0.0,0.0
32.0,522,0.0,0.0,0.0,0.0,0.0
32.0,523,0.0,0.0,0.0,0.0,0.0
32.0,524,0.0,0.0,0.0,0.0,0.0
32.0,525,0.0,0.0,0.0,0.0,0.0
32.0,526,0.0,0.0,0.0,0.0,0.0
32.0,527,0.0,0.0,0.0,0.0,0.0
32.0,528,0.0,0.0,0.0,0.0,0.0
32.0,529,0.0,0.0,0.0,0.0,0.0
32.0,530,0.0,0.0,0.0,0.0,0.0
32.0,531,0.0,0.0,0.0,0.0,0.0
32.0,532,0.0,0.0,0.0,0.0,0.0
32.0,533,0.0,0.0,0.0,0.0,0.0
32.0,534,0.0,0.0,0.0,0.0,0.0
32.0,535,0.0,0.0,0.0,0.0,0.0
32.0,536,0.0,0.0,0.0,0.0,0.0
32.0,537,0.0,0.0,0.0,0.0,0.0
32.0,538,0.0,0.0,0.0,0.0,0.0
32.0,539,0.0,0.0,0.0,0.0,0.0
32.0,540,0.0,0.0,0.0,0.0,0.0
32.0,541,0.0,0.0,0.0,0.0,0.0
32.0,542,0.0,0.0,0.0,0.0,0.0
32.0,543,0.0,0.0,0.0,0.0,0.0
32.0,544,0.0,0.0,0.0,0.0,0.0
32.0,545,0.0,0.0,0.0,0.0,0.0
32.0,546,0.0,0.0,0.0,0.0,0.0
32.0,547,0.0,0.0,0.0,0.0,0.0
32.0,548,0.0,0.0,0.0,0.0,0.0
32.0,549,0.0,0.0,0.0,0.0,0.0
32.0,550,0.0,0.0,0.0,0.0,0.0
32.0,551,0.0,0.0,0.0,0.0,0.0
32.0,552,0.0,0.0,0.0,0.0,0.0
32.0,553,0.0,0.0,0.0,0.0,0.0
32.0,554,0.0,0.0,0.0,0.0,0.0
32.0,555,0.0,0.0,0.0,0.0,0.0
32.0,556,0.0,0.0,0.0,0.0,0.0
32.0,557,0.0,0.0,0.0,0.0,0.0
32.0,558,0.0,0.0,0.0,0.0,0.0
32.0,559,0.0,0.0,0.0,0.0,0.0
32.0,560,0.0,0.0,0.0,0.0,0.0
32.0,561,0.0,0.0,0.0,0.0,0.0
32.0,562,0.0,0.0,0.0,0.0,0.0
32.0,563,0.0,0.0,0.0,0.0,0.0
32.0,564,0.0,0.0,0.0,0.0,0.0
32.0,565,0.0,0.0,0.0,0.0,0.0
32.0,566,0.0,0.0,0.0,0.0,0.0
32.0,567,0.0,0.0,0.0,0.0,0.0
32.0,568,0.0,0.0,0.0,0.0,0.0
32.0,569,0.0,0.0,0.0,0.0,0.0
32.0,570,0.0,0.0,0.0,0.0,0.0
32.0,571,0.0,0.0,0.0,0.0,0.0
32.0,572,0.0,0.0,0.0,0.0,0.0
32.0,573,0.0,0.0,0.0,0.0,0.0
32.0,574,0.0,0.0,0.0,0.0,0.0
32.0,575,0.0,0.0,0.0,0.0,0.0
32.0,576,0.0,0.0,0.0,0.0,0.0
32.0,577,0.0,0.0,0.0,0.0,0.0
32.0,578,0.0,0.0,0.0,0.0,0.0
32.0,579,0.0,0.0,0.0,0.0,0.0
32.0,580,0.0,0.0,0.0,0.0,0.0
32.0,581,0.0,0.0,0.0,0.0,0.0
32.0,582,0.0,0.0,0.0,0.0,0.0
32.0,583,0.0,0.0,0.0,0.0,0.0
32.0,584,0.0,0.0,0.0,0.0,0.0
32.0,585,0.0,0.0,0.0,0.0,0.0
32.0,586,0.0,0.0,0.0,0.0,0.0
32.0,587,0.0,0.0,0.0,0.0,0.0
32.0,588,0.0,0.0,0.0,0.0,0.0
32.0,589,0.0,0.0,0.0,0.0,0.0
32.0,590,0.0,0.0,0.0,0.0,0.0
32.0,591,0.0,0.0,0.0,0.0,0.0
32.0,592,0.0,0.0,0.0,0.0,0.0
32.0,593,0.0,0.0,0.0,0.0,0.0
32.0,594,0.0,0.0,0.0,0.0,0.0
32.0,595,0.0,0.0,0.0,0.0,0.0
32.0,596,0.0,0.0,0.0,0.0,0.0
32.0,597,0.0,0.0,0.0,0.0,0.0
32.0,598,0.0,0.0,0.0,0.0,0.0
32.0,599,0.0,0.0,0.0,0.0,0.0
32.0,600,0.0,0.0,0.0,0.0,0.0
32.0,601,0.0,0.0,0.0,0.0,0.0
32.0,602,0.0,0.0,0.0,0.0,0.0
32.0,603,0.0,0.0,0.0,0.0,0.0
32.0,604,0.0,0.0,0.0,0.0,0.0
32.0,605,0.0,0.0,0.0,0.0,0.0
32.0,606,0.0,0.0,0.0,0.0,0.0
32.0,607,0.0,0.0,0.0,0.0,0.0
32.0,608,0.0,0.0,0.0,0.0,0.0
32.0,609,0.0,0.0,0.0,0.0,0.0
32.0,610,0.0,0.0,0.0,0.0,0.0
32.0,611,0.0,0.0,0.0,0.0,0.0
32.0,612,0.0,0.0,0.0,0.0,0.0
32.0,613,0.0,0.0,0.0,0.0,0.0
32.0,614,0.0,0.0,0.0,0.0,0.0
32.0,615,0.0,0.0,0.0,0.0,0.0
32.0,616,0.0,0.0,0.0,0.0,0.0
32.0,617,0.0,0.0,0.0,0.0,0.0
32.0,618,0.0,0.0,0.0,0.0,0.0
32.0,619,0.0,0.0,0.0,0.0,0.0
32.0,620,0.0,0.0,0.0,0.0,0.0
32.0,621,0.0,0.0,0.0,0.0,0.0
32.0,622,0.0,0.0,0.0,0.0,0.0
32.0,623,0.0,0.0,0.0,0.0,0.0
32.0,624,0.0,0.0,0.0,0.0,0.0
32.0,625,0.0,0.0,0.0,0.0,0.0
32.0,626,0.0,0.0,0.0,0.0,0.0
32.0,627,0.0,0.0,0.0,0.0,0.0
32.0,628,0.0,0.0,0.0,0.0,0.0
32.0,629,0.0,0.0,0.0,0.0,0.0
32.0,630,0.0,0.0,0.0,0.0,0.0
32.0,631,0.0,0.0,0.0,0.0,0.0
32.0,632,0.0,0.0,0.0,0.0,0.0
32.0,633,0.0,0.0,0.0,0.0,0.0
32.0,634,0.0,0.0,0.0,0.0,0.0
32.0,635,0.0,0.0,0.0,0.0,0.0
32.0,636,0.0,0.0,0.0,0.0,0.0
32.0,637,0.0,0.0,0.0,0.0,0.0
32.0,638,0.0,0.0,0.0,0.0,0.0
32.0,639,0.0,0.0,0.0,0.0,0.0
32.0,640,0.0,0.0,0.0,0.0,0.0
32.0,641,0.0,0.0,0.0,0.0,0.0
32.0,642,0.0,0.0,0.0,0.0,0.0
32.0,643,0.0,0.0,0.0,0.0,0.0
32.0,644,0.0,0.0,0.0,0.0,0.0
32.0,645,0.0,0.0,0.0,0.0,0.0
32.0,646,0.0,0.0,0.0,0.0,0.0
32.0,647,0.0,0.0,0.0,0.0,0.0
32.0,648,0.0,0.0,0.0,0.0,0.0
32.0,649,0.0,0.0,0.0,0.0,0.0
32.0,650,0.0,0.0,0.0,0.0,0.0
32.0,651,0.0,0.0,0.0,0.0,0.0
32.0,652,0.0,0.0,0.0,0.0,0.0
32.0,653,0.0,0.0,0.0,0.0,0.0
32.0,654,0.0,0.0,0.0,0.0,0.0
32.0,655,0.0,0.0,0.0,0.0,0.0
32.0,656,0.0,0.0,0.0,0.0,0.0
32.0,657,0.0,0.0,0.0,0.0,0.0
32.0,658,0.0,0.0,0.0,0.0,0.0
32.0,659,0.0,0.0,0.0,0.0,0.0
32.0,660,0.0,0.0,0.0,0.0,0.0
32.0,661,0.0,0.0,0.0,0.0,0.0
32.0,662,0.0,0.0,0.0,0.0,0.0
32.0,663,0.0,0.0,0.0,0.0,0.0
32.0,664,0.0,0.0,0.0,0.0,0.0
32.0,665,0.0,0.0,0.0,0.0,0.0
32.0,666,0.0,0.0,0.0,0.0,0.0
32.0,667,0.0,0.0,0.0,0.0,0.0
32.0,668,0.0,0.0,0.0,0.0,0.0
32.0,669,0.0,0.0,0.0,0.0,0.0
32.0,670,0.0,0.0,0.0,0.0,0.0
32.0,671,0.0,0.0,0.0,0.0,0.0
32.0,672,0.0,0.0,0.0,0.0,0.0
32.0,673,0.0,0.0,0.0,0.0,0.0
32.0,674,0.0,0.0,0.0,0.0,0.0
32.0,675,0.0,0.0,0.0,0.0,0.0
32.0,676,0.0,0.0,0.0,0.0,0.0
32.0,677,0.0,0.0,0.0,0.0,0.0
32.0,678,0.0,0.0,0.0,0.0,0.0
32.0,679,0.0,0.0,0.0,0.0,0.0
32.0,680,0.0,0.0,0.0,0.0,0.0
32.0,681,0.0,0.0,0.0,0.0,0.0
32.0,682,0.0,0.0,0.0,0.0,0.0
32.0,683,0.0,0.0,0.0,0.0,0.0
32.0,684,0.0,0.0,0.0,0.0,0.0
32.0,685,0.0,0.0,0.0,0.0,0.0
32.0,686,0.0,0.0,0.0,0.0,0.0
32.0,687,0.0,0.0,0.0,0.0,0.0
32.0,688,0.0,0.0,0.0,0.0,0.0
32.0,689,0.0,0.0,0.0,0.0,0.0
32.0,690,0.0,0.0,0.0,0.0,0.0
32.0,691,0.0,0.0,0.0,0.0,0.0
32.0,692,0.0,0.0,0.0,0.0,0.0
32.0,693,0.0,0.0,0.0,0.0,0.0
32.0,694,0.0,0.0,0.0,0.0,0.0
32.0,695,0.0,0.0,0.0,0.0,0.0
32.0,696,0.0,0.0,0.0,0.0,0.0
32.0,697,0.0,0.0,0.0,0.0,0.0
32.0,698,0.0,0.0,0.0,0.0,0.0
32.0,699,0.0,0.0,0.0,0.0,0.0
32.0,700,0.0,0.0,0.0,0.0,0.0
32.0,701,0.0,0.0,0.0,0.0,0.0
32.0,702,0.0,0.0,0.0,0.0,0.0
32.0,703,0.0,0.0,0.0,0.0,0.0
32.0,704,0.0,0.0,0.0,0.0,0.0
32.0,705,0.0,0.0,0.0,0.0,0.0
32.0,706,0.0,0.0,0.0,0.0,0.0
32.0,707,0.0,0.0,0.0,0.0,0.0
32.0,708,0.0,0.0,0.0,0.0,0.0
32.0,709,0.0,0.0,0.0,0.0,0.0
32.0,710,0.0,0.0,0.0,0.0,0.0
32.0,711,0.0,0.0,0.0,0.0,0.0
32.0,712,0.0,0.0,0.0,0.0,0.0
32.0,713,0.0,0.0,0.0,0.0,0.0
32.0,714,0.0,0.0,0.0,0.0,0.0
32.0,715,0.0,0.0,0.0,0.0,0.0
32.0,716,0.0,0.0,0.0,0.0,0.0
32.0,717,0.0,0.0,0.0,0.0,0.0
32.0,718,0.0,0.0,0.0,0.0,0.0
32.0,719,0.0,0.0,0.0,0.0,0.0
32.0,720,0.0,0.0,0.0,0.0,0.0
32.0,721,0.0,0.0,0.0,0.0,0.0
32.0,722,0.0,0.0,0.0,0.0,0.0
32.0,723,0.0,0.0,0.0,0.0,0.0
32.0,724,0.0,0.0,0.0,0.0,0.0
32.0,725,0.0,0.0,0.0,0.0,0.0
32.0,726,0.0,0.0,0.0,0.0,0.0
32.0,727,0.0,0.0,0.0,0.0,0.0
32.0,728,0.0,0.0,0.0,0.0,0.0
32.0,729,0.0,0.0,0.0,0.0,0.0
32.0,730,0.0,0.0,0.0,0.0,0.0
32.0,731,0.0,0.0,0.0,0.0,0.0
32.0,732,0.0,0.0,0.0,0.0,0.0
32.0,733,0.0,0.0,0.0,0.0,0.0
32.0,734,0.0,0.0,0.0,0.0,0.0
32.0,735,0.0,0.0,0.0,0.0,0.0
32.0,736,0.0,0.0,0.0,0.0,0.0
32.0,737,0.0,0.0,0.0,0.0,0.0
32.0,738,0.0,0.0,0.0,0.0,0.0
32.0,739,0.0,0.0,0.0,0.0,0.0
32.0,740,0.0,0.0,0.0,0.0,0.0
32.0,741,0.0,0.0,0.0,0.0,0.0
32.0,742,0.0,0.0,0.0,0.0,0.0
32.0,743,0.0,0.0,0.0,0.0,0.0
32.0,744,0.0,0.0,0.0,0.0,0.0
32.0,745,0.0,0.0,0.0,0.0,0.0
32.0,746,0.0,0.0,0.0,0.0,0.0
32.0,747,0.0,0.0,0.0,0.0,0.0
32.0,748,0.0,0.0,0.0,0.0,0.0
32.0,749,0.0,0.0,0.0,0.0,0.0
32.0,750,0.0,0.0,0.0,0.0,0.0
32.0,751,0.0,0.0,0.0,0.0,0.0
32.0,752,0.0,0.0,0.0,0.0,0.0
32.0,753,0.0,0.0,0.0,0.0,0.0
32.0,754,0.0,0.0,0.0,0.0,0.0
32.0,755,0.0,0.0,0.0,0.0,0.0
32.0,756,0.0,0.0,0.0,0.0,0.0
32.0,757,0.0,0.0,0.0,0.0,0.0
32.0,758,0.0,0.0,0.0,0.0,0.0
32.0,759,0.0,0.0,0.0,0.0,0.0
32.0,760,0.0,0.0,0.0,0.0,0.0
32.0,761,0.0,0.0,0.0,0.0,0.0
32.0,762,0.0,0.0,0.0,0.0,0.0
32.0,763,0.0,0.0,0.0,0.0,0.0
32.0,764,0.0,0.0,0.0,0.0,0.0
32.0,765,0.0,0.0,0.0,0.0,0.0
32.0,766,0.0,0.0,0.0,0.0,0.0
32.0,767,0.0,0.0,0.0,0.0,0.0
32.0,768,0.0,0.0,0.0,0.0,0.0
32.0,769,0.0,0.0,0.0,0.0,0.0
32.0,770,0.0,0.0,0.0,0.0,0.0
32.0,771,0.0,0.0,0.0,0.0,0.0
32.0,772,0.0,0.0,0.0,0.0,0.0
32.0,773,0.0,0.0,0.0,0.0,0.0
32.0,774,0.0,0.0,0.0,0.0,0.0
32.0,775,0.0,0.0,0.0,0.0,0.0
32.0,776,0.0,0.0,0.0,0.0,0.0
32.0,777,0.0,0.0,0.0,0.0,0.0
32.0,778,0.0,0.0,0.0,0.0,0.0
32.0,779,0.0,0.0,0.0,0.0,0.0
32.0,780,0.0,0.0,0.0,0.0,0.0
32.0,781,0.0,0.0,0.0,0.0,0.0
32.0,782,0.0,0.0,0.0,0.0,0.0
32.0,783,0.0,0.0,0.0,0.0,0.0
32.0,784,0.0,0.0,0.0,0.0,0.0
32.0,785,0.0,0.0,0.0,0.0,0.0
32.0,786,0.0,0.0,0.0,0.0,0.0
32.0,787,0.0,0.0,0.0,0.0,0.0
32.0,788,0.0,0.0,0.0,0.0,0.0
32.0,789,0.0,0.0,0.0,0.0,0.0
32.0,790,0.0,0.0,0.0,0.0,0.0
32.0,791,0.0,0.0,0.0,0.0,0.0
32.0,792,0.0,0.0,0.0,0.0,0.0
32.0,793,0.0,0.0,0.0,0.0,0.0
32.0,794,0.0,0.0,0.0,0.0,0.0
32.0,795,0.0,0.0,0.0,0.0,0.0
32.0,796,0.0,0.0,0.0,0.0,0.0
32.0,797,0.0,0.0,0.0,0.0,0.0
32.0,798,0.0,0.0,0.0,0.0,0.0
32.0,799,0.0,0.0,0.0,0.0,0.0
32.0,800,0.0,0.0,0.0,0.0,0.0
32.0,801,0.0,0.0,0.0,0.0,0.0
32.0,802,0.0,0.0,0.0,0.0,0.0
32.0,803,0.0,0.0,0.0,0.0,0.0
32.0,804,0.0,0.0,0.0,0.0,0.0
32.0,805,0.0,0.0,0.0,0.0,0.0
32.0,806,0.0,0.0,0.0,0.0,0.0
32.0,807,0.0,0.0,0.0,0.0,0.0
32.0,808,0.0,0.0,0.0,0.0,0.0
32.0,809,0.0,0.0,0.0,0.0,0.0
32.0,810,0.0,0.0,0.0,0.0,0.0
32.0,811,0.0,0.0,0.0,0.0,0.0
32.0,812,0.0,0.0,0.0,0.0,0.0
32.0,813,0.0,0.0,0.0,0.0,0.0
32.0,814,0.0,0.0,0.0,0.0,0.0
32.0,815,0.0,0.0,0.0,0.0,0.0
32.0,816,0.0,0.0,0.0,0.0,0.0
32.0,817,0.0,0.0,0.0,0.0,0.0
32.0,818,0.0,0.0,0.0,0.0,0.0
32.0,819,0.0,0.0,0.0,0.0,0.0
32.0,820,0.0,0.0,0.0,0.0,0.0
32.0,821,0.0,0.0,0.0,0.0,0.0
32.0,822,0.0,0.0,0.0,0.0,0.0
32.0,823,0.0,0.0,0.0,0.0,0.0
32.0,824,0.0,0.0,0.0,0.0,0.0
32.0,825,0.0,0.0,0.0,0.0,0.0
32.0,826,0.0,0.0,0.0,0.0,0.0
32.0,827,0.0,0.0,0.0,0.0,0.0
32.0,828,0.0,0.0,0.0,0.0,0.0
32.0,829,0.0,0.0,0.0,0.0,0.0
32.0,830,0.0,0.0,0.0,0.0,0.0
32.0,831,0.0,0.0,0.0,0.0,0.0
32.0,832,0.0,0.0,0.0,0.0,0.0
32.0,833,0.0,0.0,0.0,0.0,0.0
32.0,834,0.0,0.0,0.0,0.0,0.0
32.0,835,0.0,0.0,0.0,0.0,0.0
32.0,836,0.0,0.0,0.0,0.0,0.0
32.0,837,0.0,0.0,0.0,0.0,0.0
32.0,838,0.0,0.0,0.0,0.0,0.0
32.0,839,0.0,0.0,0.0,0.0,0.0
32.0,840,0.0,0.0,0.0,0.0,0.0
32.0,841,0.0,0.0,0.0,0.0,0.0
32.0,842,0.0,0.0,0.0,0.0,0.0
32.0,843,0.0,0.0,0.0,0.0,0.0
32.0,844,0.0,0.0,0.0,0.0,0.0
32.0,845,0.0,0.0,0.0,0.0,0.0
32.0,846,0.0,0.0,0.0,0.0,0.0
32.0,847,0.0,0.0,0.0,0.0,0.0
32.0,848,0.0,0.0,0.0,0.0,0.0
32.0,849,0.0,0.0,0.0,0.0,0.0
32.0,850,0.0,0.0,0.0,0.0,0.0
32.0,851,0.0,0.0,0.0,0.0,0.0
32.0,852,0.0,0.0,0.0,0.0,0.0
32.0,853,0.0,0.0,0.0,0.0,0.0
32.0,854,0.0,0.0,0.0,0.0,0.0
32.0,855,0.0,0.0,0.0,0.0,0.0
32.0,856,0.0,0.0,0.0,0.0,0.0
32.0,857,0.0,0.0,0.0,0.0,0.0
32.0,858,0.0,0.0,0.0,0.0,0.0
32.0,859,0.0,0.0,0.0,0.0,0.0
32.0,860,0.0,0.0,0.0,0.0,0.0
32.0,861,0.0,0.0,0.0,0.0,0.0
32.0,862,0.0,0.0,0.0,0.0,0.0
32.0,863,0.0,0.0,0.0,0.0,0.0
32.0,864,0.0,0.0,0.0,0.0,0.0
32.0,865,0.0,0.0,0.0,0.0,0.0
32.0,866,0.0,0.0,0.0,0.0,0.0
32.0,867,0.0,0.0,0.0,0.0,0.0
32.0,868,0.0,0.0,0.0,0.0,0.0
32.0,869,0.0,0.0,0.0,0.0,0.0
32.0,870,0.0,0.0,0.0,0.0,0.0
32.0,871,0.0,0.0,0.0,0.0,0.0
32.0,872,0.0,0.0,0.0,0.0,0.0
32.0,873,0.0,0.0,0.0,0.0,0.0
32.0,874,0.0,0.0,0.0,0.0,0.0
32.0,875,0.0,0.0,0.0,0.0,0.0
32.0,876,0.0,0.0,0.0,0.0,0.0
32.0,877,0.0,0.0,0.0,0.0,0.0
32.0,878,0.0,0.0,0.0,0.0,0.0
32.0,879,0.0,0.0,0.0,0.0,0.0
32.0,880,0.0,0.0,0.0,0.0,0.0
32.0,881,0.0,0.0,0.0,0.0,0.0
32.0,882,0.0,0.0,0.0,0.0,0.0
32.0,883,0.0,0.0,0.0,0.0,0.0
32.0,884,0.0,0.0,0.0,0.0,0.0
32.0,885,0.0,0.0,0.0,0.0,0.0
32.0,886,0.0,0.0,0.0,0.0,0.0
32.0,887,0.0,0.0,0.0,0.0,0.0
32.0,888,0.0,0.0,0.0,0.0,0.0
32.0,889,0.0,0.0,0.0,0.0,0.0
32.0,890,0.0,0.0,0.0,0.0,0.0
32.0,891,0.0,0.0,0.0,0.0,0.0
32.0,892,0.0,0.0,0.0,0.0,0.0
32.0,893,0.0,0.0,0.0,0.0,0.0
32.0,894,0.0,0.0,0.0,0.0,0.0
32.0,895,0.0,0.0,0.0,0.0,0.0
32.0,896,0.0,0.0,0.0,0.0,0.0
32.0,897,0.0,0.0,0.0,0.0,0.0
32.0,898,0.0,0.0,0.0,0.0,0.0
32.0,899,0.0,0.0,0.0,0.0,0.0
32.0,900,0.0,0.0,0.0,0.0,0.0
32.0,901,0.0,0.0,0.0,0.0,0.0
32.0,902,0.0,0.0,0.0,0.0,0.0
32.0,903,0.0,0.0,0.0,0.0,0.0
32.0,904,0.0,0.0,0.0,0.0,0.0
32.0,905,0.0,0.0,0.0,0.0,0.0
32.0,906,0.0,0.0,0.0,0.0,0.0
32.0,907,0.0,0.0,0.0,0.0,0.0
32.0,908,0.0,0.0,0.0,0.0,0.0
32.0,909,0.0,0.0,0.0,0.0,0.0
32.0,910,0.0,0.0,0.0,0.0,0.0
32.0,911,0.0,0.0,0.0,0.0,0.0
32.0,912,0.0,0.0,0.0,0.0,0.0
32.0,913,0.0,0.0,0.0,0.0,0.0
32.0,914,0.0,0.0,0.0,0.0,0.0
32.0,915,0.0,0.0,0.0,0.0,0.0
32.0,916,0.0,0.0,0.0,0.0,0.0
32.0,917,0.0,0.0,0.0,0.0,0.0
32.0,918,0.0,0.0,0.0,0.0,0.0
32.0,919,0.0,0.0,0.0,0.0,0.0
32.0,920,0.0,0.0,0.0,0.0,0.0
32.0,921,0.0,0.0,0.0,0.0,0.0
32.0,922,0.0,0.0,0.0,0.0,0.0
32.0,923,0.0,0.0,0.0,0.0,0.0
32.0,924,0.0,0.0,0.0,0.0,0.0
32.0,925,0.0,0.0,0.0,0.0,0.0
32.0,926,0.0,0.0,0.0,0.0,0.0
32.0,927,0.0,0.0,0.0,0.0,0.0
32.0,928,0.0,0.0,0.0,0.0,0.0
32.0,929,0.0,0.0,0.0,0.0,0.0
32.0,930,0.0,0.0,0.0,0.0,0.0
32.0,931,0.0,0.0,0.0,0.0,0.0
32.0,932,0.0,0.0,0.0,0.0,0.0
32.0,933,0.0,0.0,0.0,0.0,0.0
32.0,934,0.0,0.0,0.0,0.0,0.0
32.0,935,0.0,0.0,0.0,0.0,0.0
32.0,936,0.0,0.0,0.0,0.0,0.0
32.0,937,0.0,0.0,0.0,0.0,0.0
32.0,938,0.0,0.0,0.0,0.0,0.0
32.0,939,0.0,0.0,0.0,0.0,0.0
32.0,940,0.0,0.0,0.0,0.0,0.0
32.0,941,0.0,0.0,0.0,0.0,0.0
32.0,942,0.0,0.0,0.0,0.0,0.0
32.0,943,0.0,0.0,0.0,0.0,0.0
32.0,944,0.0,0.0,0.0,0.0,0.0
32.0,945,0.0,0.0,0.0,0.0,0.0
32.0,946,0.0,0.0,0.0,0.0,0.0
32.0,947,0.0,0.0,0.0,0.0,0.0
32.0,948,0.0,0.0,0.0,0.0,0.0
32.0,949,0.0,0.0,0.0,0.0,0.0
32.0,950,0.0,0.0,0.0,0.0,0.0
32.0,951,0.0,0.0,0.0,0.0,0.0
32.0,952,0.0,0.0,0.0,0.0,0.0
32.0,953,0.0,0.0,0.0,0.0,0.0
32.0,954,0.0,0.0,0.0,0.0,0.0
32.0,955,0.0,0.0,0.0,0.0,0.0
32.0,956,0.0,0.0,0.0,0.0,0.0
32.0,957,0.0,0.0,0.0,0.0,0.0
32.0,958,0.0,0.0,0.0,0.0,0.0
32.0,959,0.0,0.0,0.0,0.0,0.0
32.0,960,0.0,0.0,0.0,0.0,0.0
32.0,961,0.0,0.0,0.0,0.0,0.0
32.0,962,0.0,0.0,0.0,0.0,0.0
32.0,963,0.0,0.0,0.0,0.0,0.0
32.0,964,0.0,0.0,0.0,0.0,0.0
32.0,965,0.0,0.0,0.0,0.0,0.0
32.0,966,0.0,0.0,0.0,0.0,0.0
32.0,967,0.0,0.0,0.0,0.0,0.0
32.0,968,0.0,0.0,0.0,0.0,0.0
32.0,969,0.0,0.0,0.0,0.0,0.0
32.0,970,0.0,0.0,0.0,0.0,0.0
32.0,971,0.0,0.0,0.0,0.0,0.0
32.0,972,0.0,0.0,0.0,0.0,0.0
32.0,973,0.0,0.0,0.0,0.0,0.0
32.0,974,0.0,0.0,0.0,0.0,0.0
32.0,975,0.0,0.0,0.0,0.0,0.0
32.0,976,0.0,0.0,0.0,0.0,0.0
32.0,977,0.0,0.0,0.0,0.0,0.0
32.0,978,0.0,0.0,0.0,0.0,0.0
32.0,979,0.0,0.0,0.0,0.0,0.0
32.0,980,0.0,0.0,0.0,0.0,0.0
32.0,981,0.0,0.0,0.0,0.0,0.0
32.0,982,0.0,0.0,0.0,0.0,0.0
32.0,983,0.0,0.0,0.0,0.0,0.0
32.0,984,0.0,0.0,0.0,0.0,0.0
32.0,985,0.0,0.0,0.0,0.0,0.0
32.0,986,0.0,0.0,0.0,0.0,0.0
32.0,987,0.0,0.0,0.0,0.0,0.0
32.0,988,0.0,0.0,0.0,0.0,0.0
32.0,989,0.0,0.0,0.0,0.0,0.0
32.0,990,0.0,0.0,0.0,0.0,0.0
32.0,991,0.0,0.0,0.0,0.0,0.0
32.0,992,0.0,0.0,0.0,0.0,0.0
32.0,993,0.0,0.0,0.0,0.0,0.0
32.0,994,0.0,0.0,0.0,0.0,0.0
32.0,995,0.0,0.0,0.0,0.0,0.0
32.0,996,0.0,0.0,0.0,0.0,0.0
32.0,997,0.0,0.0,0.0,0.0,0.0
32.0,998,0.0,0.0,0.0,0.0,0.0
32.0,999,0.0,0.0,0.0,0.0,0.0
32.0,1000,0.0,0.0,0.0,0.0,0.0
33.0,1,0.0,0.0,0.0,0.0,0.0
33.0,2,0.0,0.0,0.0,0.0,0.0
33.0,3,1.75,0.0,0.0,0.0,0.0
33.0,4,0.0,0.0,0.0,0.0,0.0
33.0,5,0.0,0.0,0.0,0.0,0.0
33.0,6,0.0,0.0,0.0,0.0,0.0
33.0,7,0.0,0.0,0.0,0.0,0.0
33.0,8,0.0,0.0,0.0,0.0,0.0
33.0,9,1.8333333333333333,0.0,0.0,0.0,0.0
33.0,10,0.0,0.0,0.0,0.0,0.0
33.0,11,0.0,0.0,0.0,0.0,0.0
33.0,12,0.0,0.0,0.0,0.0,0.0
33.0,13,0.0,0.0,0.0,0.0,0.0
33.0,14,0.0,0.0,0.0,0.0,0.0
33.0,15,0.0,0.0,0.0,0.0,0.0
33.0,16,0.0,0.0,0.0,0.0,0.0
33.0,17,0.0,0.0,0.0,0.0,0.0
33.0,18,0.0,0.0,0.0,0.0,0.0
33.0,19,0.0,0.0,0.0,0.0,0.0
33.0,20,0.0,0.0,0.0,0.0,0.0
33.0,21,0.0,0.0,0.0,0.0,0.0
33.0,22,0.0,0.0,0.0,0.0,0.0
33.0,23,0.0,0.0,0.0,0.0,0.0
33.0,24,0.0,0.0,0.0,0.0,0.0
33.0,25,0.0,0.0,0.0,0.0,0.0
33.0,26,0.0,0.0,0.0,0.0,0.0
33.0,27,0.0,0.0,0.0,0.0,0.0
33.0,28,0.0,0.0,0.0,0.0,0.0
33.0,29,0.0,0.0,0.0,0.0,0.0
33.0,30,0.0,0.0,0.0,0.0,0.0
33.0,31,0.0,0.0,0.0,0.0,0.0
33.0,32,0.0,0.0,0.0,0.0,0.0
33.0,33,0.0,0.0,0.0,0.0,0.0
33.0,34,0.0,0.0,0.0,0.0,0.0
33.0,35,0.0,0.0,0.0,0.0,0.0
33.0,36,1.6666666666666667,0.0,0.0,0.0,0.0
33.0,37,0.0,0.0,0.0,0.0,0.0
33.0,38,0.0,0.0,0.0,0.0,0.0
33.0,39,0.0,0.0,0.0,0.0,0.0
33.0,40,0.0,0.0,0.0,0.0,0.0
33.0,41,0.0,0.0,0.0,0.0,0.0
33.0,42,0.0,0.0,0.0,0.0,0.0
33.0,43,0.0,0.0,0.0,0.0,0.0
33.0,44,0.0,0.0,0.0,0.0,0.0
33.0,45,0.0,0.0,0.0,0.0,0.0
33.0,46,0.0,0.0,0.0,0.0,0.0
33.0,47,0.0,0.0,0.0,0.0,0.0
33.0,48,0.0,0.0,0.0,0.0,0.0
33.0,49,0.0,0.0,0.0,0.0,0.0
33.0,50,0.0,0.0,0.0,0.0,0.0
33.0,51,0.0,0.0,0.0,0.0,0.0
33.0,52,0.0,0.0,0.0,0.0,0.0
33.0,53,0.0,0.0,0.0,0.0,0.0
33.0,54,0.0,0.0,0.0,0.0,0.0
33.0,55,0.0,0.0,0.0,0.0,0.0
33.0,56,0.0,0.0,0.0,0.0,0.0
33.0,57,0.0,0.0,0.0,0.0,0.0
33.0,58,0.0,0.0,0.0,0.0,0.0
33.0,59,0.0,0.0,0.0,0.0,0.0
33.0,60,0.0,0.0,0.0,0.0,0.0
33.0,61,0.0,0.0,0.0,0.0,0.0
33.0,62,0.0,0.0,0.0,0.0,0.0
33.0,63,0.0,0.0,0.0,0.0,0.0
33.0,64,0.0,0.0,0.0,0.0,0.0
33.0,65,0.0,0.0,0.0,0.0,0.0
33.0,66,0.0,0.0,0.0,0.0,0.0
33.0,67,0.0,0.0,0.0,0.0,0.0
33.0,68,0.0,0.0,0.0,0.0,0.0
33.0,69,0.0,0.0,0.0,0.0,0.0
33.0,70,0.0,0.0,0.0,0.0,0.0
33.0,71,0.0,0.0,0.0,0.0,0.0
33.0,72,0.0,0.0,0.0,0.0,0.0
33.0,73,0.0,0.0,0.0,0.0,0.0
33.0,74,0.0,0.0,0.0,0.0,0.0
33.0,75,0.0,0.0,0.0,0.0,0.0
33.0,76,0.0,0.0,0.0,0.0,0.0
33.0,77,0.0,0.0,0.0,0.0,0.0
33.0,78,0.0,0.0,0.0,0.0,0.0
33.0,79,0.0,0.0,0.0,0.0,0.0
33.0,80,0.0,0.0,0.0,0.0,0.0
33.0,81,0.0,0.0,0.0,0.0,0.0
33.0,82,0.0,0.0,0.0,0.0,0.0
33.0,83,0.0,0.0,0.0,0.0,0.0
33.0,84,0.0,0.0,0.0,0.0,0.0
33.0,85,0.0,0.0,0.0,0.0,0.0
33.0,86,0.0,0.0,0.0,0.0,0.0
33.0,87,0.0,0.0,0.0,0.0,0.0
33.0,88,0.0,0.0,0.0,0.0,0.0
33.0,89,0.0,0.0,0.0,0.0,0.0
33.0,90,0.0,0.0,0.0,0.0,0.0
33.0,91,0.0,0.0,0.0,0.0,0.0
33.0,92,0.0,0.0,0.0,0.0,0.0
33.0,93,0.0,0.0,0.0,0.0,0.0
33.0,94,0.0,0.0,0.0,0.0,0.0
33.0,95,0.0,0.0,0.0,0.0,0.0
33.0,96,0.0,0.0,0.0,0.0,0.0
33.0,97,0.0,0.0,0.0,0.0,0.0
33.0,98,0.0,0.0,0.0,0.0,0.0
33.0,99,0.0,0.0,0.0,0.0,0.0
33.0,100,0.0,0.0,0.0,0.0,0.0
33.0,101,0.0,0.0,0.0,0.0,0.0
33.0,102,0.0,0.0,0.0,0.0,0.0
33.0,103,0.0,0.0,0.0,0.0,0.0
33.0,104,0.0,0.0,0.0,0.0,0.0
33.0,105,0.0,0.0,0.0,0.0,0.0
33.0,106,0.0,0.0,0.0,0.0,0.0
33.0,107,0.0,0.0,0.0,0.0,0.0
33.0,108,0.0,0.0,0.0,0.0,0.0
33.0,109,0.0,0.0,0.0,0.0,0.0
33.0,110,0.0,0.0,0.0,0.0,0.0
33.0,111,0.0,0.0,0.0,0.0,0.0
33.0,112,0.0,0.0,0.0,0.0,0.0
33.0,113,0.0,0.0,0.0,0.0,0.0
33.0,114,0.0,0.0,0.0,0.0,0.0
33.0,115,0.0,0.0,0.0,0.0,0.0
33.0,116,0.0,0.0,0.0,0.0,0.0
33.0,117,0.0,0.0,0.0,0.0,0.0
33.0,118,0.0,0.0,0.0,0.0,0.0
33.0,119,0.0,0.0,0.0,0.0,0.0
33.0,120,0.0,0.0,0.0,0.0,0.0
33.0,121,0.0,0.0,0.0,0.0,0.0
33.0,122,0.0,0.0,0.0,0.0,0.0
33.0,123,0.0,0.0,0.0,0.0,0.0
33.0,124,0.0,0.0,0.0,0.0,0.0
33.0,125,0.0,0.0,0.0,0.0,0.0
33.0,126,0.0,0.0,0.0,0.0,0.0
33.0,127,0.0,0.0,0.0,0.0,0.0
33.0,128,0.0,0.0,0.0,0.0,0.0
33.0,129,0.0,0.0,0.0,0.0,0.0
33.0,130,0.0,0.0,0.0,0.0,0.0
33.0,131,0.0,0.0,0.0,0.0,0.0
33.0,132,0.0,0.0,0.0,0.0,0.0
33.0,133,0.0,0.0,0.0,0.0,0.0
33.0,134,0.0,0.0,0.0,0.0,0.0
33.0,135,0.0,0.0,0.0,0.0,0.0
33.0,136,0.0,0.0,0.0,0.0,0.0
33.0,137,0.0,0.0,0.0,0.0,0.0
33.0,138,0.0,0.0,0.0,0.0,0.0
33.0,139,0.0,0.0,0.0,0.0,0.0
33.0,140,0.0,0.0,0.0,0.0,0.0
33.0,141,0.0,0.0,0.0,0.0,0.0
33.0,142,0.0,0.0,0.0,0.0,0.0
33.0,143,0.0,0.0,0.0,0.0,0.0
33.0,144,0.0,0.0,0.0,0.0,0.0
33.0,145,0.0,0.0,0.0,0.0,0.0
33.0,146,0.0,0.0,0.0,0.0,0.0
33.0,147,0.0,0.0,0.0,0.0,0.0
33.0,148,0.0,0.0,0.0,0.0,0.0
33.0,149,0.0,0.0,0.0,0.0,0.0
33.0,150,0.0,0.0,0.0,0.0,0.0
33.0,151,0.0,0.0,0.0,0.0,0.0
33.0,152,0.0,0.0,0.0,0.0,0.0
33.0,153,0.0,0.0,0.0,0.0,0.0
33.0,154,0.0,0.0,0.0,0.0,0.0
33.0,155,0.0,0.0,0.0,0.0,0.0
33.0,156,0.0,0.0,0.0,0.0,0.0
33.0,157,0.0,0.0,0.0,0.0,0.0
33.0,158,0.0,0.0,0.0,0.0,0.0
33.0,159,0.0,0.0,0.0,0.0,0.0
33.0,160,0.0,0.0,0.0,0.0,0.0
33.0,161,0.0,0.0,0.0,0.0,0.0
33.0,162,0.0,0.0,0.0,0.0,0.0
33.0,163,0.0,0.0,0.0,0.0,0.0
33.0,164,0.0,0.0,0.0,0.0,0.0
33.0,165,0.0,0.0,0.0,0.0,0.0
33.0,166,0.0,0.0,0.0,0.0,0.0
33.0,167,0.0,0.0,0.0,0.0,0.0
33.0,168,0.0,0.0,0.0,0.0,0.0
33.0,169,0.0,0.0,0.0,0.0,0.0
33.0,170,0.0,0.0,0.0,0.0,0.0
33.0,171,0.0,0.0,0.0,0.0,0.0
33.0,172,0.0,0.0,0.0,0.0,0.0
33.0,173,0.0,0.0,0.0,0.0,0.0
33.0,174,0.0,0.0,0.0,0.0,0.0
33.0,175,0.0,0.0,0.0,0.0,0.0
33.0,176,0.0,0.0,0.0,0.0,0.0
33.0,177,0.0,0.0,0.0,0.0,0.0
33.0,178,0.0,0.0,0.0,0.0,0.0
33.0,179,0.0,0.0,0.0,0.0,0.0
33.0,180,0.0,0.0,0.0,0.0,0.0
33.0,181,0.0,0.0,0.0,0.0,0.0
33.0,182,0.0,0.0,0.0,0.0,0.0
33.0,183,0.0,0.0,0.0,0.0,0.0
33.0,184,0.0,0.0,0.0,0.0,0.0
33.0,185,0.0,0.0,0.0,0.0,0.0
33.0,186,0.0,0.0,0.0,0.0,0.0
33.0,187,0.0,0.0,0.0,0.0,0.0
33.0,188,0.0,0.0,0.0,0.0,0.0
33.0,189,0.0,0.0,0.0,0.0,0.0
33.0,190,0.0,0.0,0.0,0.0,0.0
33.0,191,0.0,0.0,0.0,0.0,0.0
33.0,192,0.0,0.0,0.0,0.0,0.0
33.0,193,0.0,0.0,0.0,0.0,0.0
33.0,194,0.0,0.0,0.0,0.0,0.0
33.0,195,0.0,0.0,0.0,0.0,0.0
33.0,196,0.0,0.0,0.0,0.0,0.0
33.0,197,0.0,0.0,0.0,0.0,0.0
33.0,198,0.0,0.0,0.0,0.0,0.0
33.0,199,0.0,0.0,0.0,0.0,0.0
33.0,200,0.0,0.0,0.0,0.0,0.0
33.0,201,0.0,0.0,0.0,0.0,0.0
33.0,202,0.0,0.0,0.0,0.0,0.0
33.0,203,0.0,0.0,0.0,0.0,0.0
33.0,204,0.0,0.0,0.0,0.0,0.0
33.0,205,0.0,0.0,0.0,0.0,0.0
33.0,206,0.0,0.0,0.0,0.0,0.0
33.0,207,0.0,0.0,0.0,0.0,0.0
33.0,208,0.0,0.0,0.0,0.0,0.0
33.0,209,0.0,0.0,0.0,0.0,0.0
33.0,210,0.0,0.0,0.0,0.0,0.0
33.0,211,0.0,0.0,0.0,0.0,0.0
33.0,212,0.0,0.0,0.0,0.0,0.0
33.0,213,0.0,0.0,0.0,0.0,0.0
33.0,214,0.0,0.0,0.0,0.0,0.0
33.0,215,0.0,0.0,0.0,0.0,0.0
33.0,216,0.0,0.0,0.0,0.0,0.0
33.0,217,0.0,0.0,0.0,0.0,0.0
33.0,218,0.0,0.0,0.0,0.0,0.0
33.0,219,0.0,0.0,0.0,0.0,0.0
33.0,220,0.0,0.0,0.0,0.0,0.0
33.0,221,0.0,0.0,0.0,0.0,0.0
33.0,222,0.0,0.0,0.0,0.0,0.0
33.0,223,0.0,0.0,0.0,0.0,0.0
33.0,224,0.0,0.0,0.0,0.0,0.0
33.0,225,0.0,0.0,0.0,0.0,0.0
33.0,226,0.0,0.0,0.0,0.0,0.0
33.0,227,0.0,0.0,0.0,0.0,0.0
33.0,228,0.0,0.0,0.0,0.0,0.0
33.0,229,0.0,0.0,0.0,0.0,0.0
33.0,230,0.0,0.0,0.0,0.0,0.0
33.0,231,0.0,0.0,0.0,0.0,0.0
33.0,232,0.0,0.0,0.0,0.0,0.0
33.0,233,0.0,0.0,0.0,0.0,0.0
33.0,234,0.0,0.0,0.0,0.0,0.0
33.0,235,0.0,0.0,0.0,0.0,0.0
33.0,236,0.0,0.0,0.0,0.0,0.0
33.0,237,0.0,0.0,0.0,0.0,0.0
33.0,238,0.0,0.0,0.0,0.0,0.0
33.0,239,0.0,0.0,0.0,0.0,0.0
33.0,240,0.0,0.0,0.0,0.0,0.0
33.0,241,0.0,0.0,0.0,0.0,0.0
33.0,242,0.0,0.0,0.0,0.0,0.0
33.0,243,0.0,0.0,0.0,0.0,0.0
33.0,244,0.0,0.0,0.0,0.0,0.0
33.0,245,0.0,0.0,0.0,0.0,0.0
33.0,246,0.0,0.0,0.0,0.0,0.0
33.0,247,0.0,0.0,0.0,0.0,0.0
33.0,248,0.0,0.0,0.0,0.0,0.0
33.0,249,0.0,0.0,0.0,0.0,0.0
33.0,250,0.0,0.0,0.0,0.0,0.0
33.0,251,0.0,0.0,0.0,0.0,0.0
33.0,252,0.0,0.0,0.0,0.0,0.0
33.0,253,0.0,0.0,0.0,0.0,0.0
33.0,254,0.0,0.0,0.0,0.0,0.0
33.0,255,0.0,0.0,0.0,0.0,0.0
33.0,256,0.0,0.0,0.0,0.0,0.0
33.0,257,0.0,0.0,0.0,0.0,0.0
33.0,258,0.0,0.0,0.0,0.0,0.0
33.0,259,0.0,0.0,0.0,0.0,0.0
33.0,260,0.0,0.0,0.0,0.0,0.0
33.0,261,0.0,0.0,0.0,0.0,0.0
33.0,262,0.0,0.0,0.0,0.0,0.0
33.0,263,0.0,0.0,0.0,0.0,0.0
33.0,264,0.0,0.0,0.0,0.0,0.0
33.0,265,0.0,0.0,0.0,0.0,0.0
33.0,266,0.0,0.0,0.0,0.0,0.0
33.0,267,0.0,0.0,0.0,0.0,0.0
33.0,268,0.0,0.0,0.0,0.0,0.0
33.0,269,0.0,0.0,0.0,0.0,0.0
33.0,270,0.0,0.0,0.0,0.0,0.0
33.0,271,0.0,0.0,0.0,0.0,0.0
33.0,272,0.0,0.0,0.0,0.0,0.0
33.0,273,0.0,0.0,0.0,0.0,0.0
33.0,274,0.0,0.0,0.0,0.0,0.0
33.0,275,0.0,0.0,0.0,0.0,0.0
33.0,276,0.0,0.0,0.0,0.0,0.0
33.0,277,0.0,0.0,0.0,0.0,0.0
33.0,278,0.0,0.0,0.0,0.0,0.0
33.0,279,0.0,0.0,0.0,0.0,0.0
33.0,280,0.0,0.0,0.0,0.0,0.0
33.0,281,0.0,0.0,0.0,0.0,0.0
33.0,282,0.0,0.0,0.0,0.0,0.0
33.0,283,0.0,0.0,0.0,0.0,0.0
33.0,284,0.0,0.0,0.0,0.0,0.0
33.0,285,0.0,0.0,0.0,0.0,0.0
33.0,286,0.0,0.0,0.0,0.0,0.0
33.0,287,0.0,0.0,0.0,0.0,0.0
33.0,288,0.0,0.0,0.0,0.0,0.0
33.0,289,0.0,0.0,0.0,0.0,0.0
33.0,290,0.0,0.0,0.0,0.0,0.0
33.0,291,0.0,0.0,0.0,0.0,0.0
33.0,292,0.0,0.0,0.0,0.0,0.0
33.0,293,0.0,0.0,0.0,0.0,0.0
33.0,294,0.0,0.0,0.0,0.0,0.0
33.0,295,0.0,0.0,0.0,0.0,0.0
33.0,296,0.0,0.0,0.0,0.0,0.0
33.0,297,0.0,0.0,0.0,0.0,0.0
33.0,298,0.0,0.0,0.0,0.0,0.0
33.0,299,0.0,0.0,0.0,0.0,0.0
33.0,300,0.0,0.0,0.0,0.0,0.0
33.0,301,0.0,0.0,0.0,0.0,0.0
33.0,302,0.0,0.0,0.0,0.0,0.0
33.0,303,0.0,0.0,0.0,0.0,0.0
33.0,304,0.0,0.0,0.0,0.0,0.0
33.0,305,0.0,0.0,0.0,0.0,0.0
33.0,306,0.0,0.0,0.0,0.0,0.0
33.0,307,0.0,0.0,0.0,0.0,0.0
33.0,308,0.0,0.0,0.0,0.0,0.0
33.0,309,0.0,0.0,0.0,0.0,0.0
33.0,310,0.0,0.0,0.0,0.0,0.0
33.0,311,0.0,0.0,0.0,0.0,0.0
33.0,312,0.0,0.0,0.0,0.0,0.0
33.0,313,0.0,0.0,0.0,0.0,0.0
33.0,314,0.0,0.0,0.0,0.0,0.0
33.0,315,0.0,0.0,0.0,0.0,0.0
33.0,316,0.0,0.0,0.0,0.0,0.0
33.0,317,0.0,0.0,0.0,0.0,0.0
33.0,318,0.0,0.0,0.0,0.0,0.0
33.0,319,0.0,0.0,0.0,0.0,0.0
33.0,320,0.0,0.0,0.0,0.0,0.0
33.0,321,0.0,0.0,0.0,0.0,0.0
33.0,322,0.0,0.0,0.0,0.0,0.0
33.0,323,0.0,0.0,0.0,0.0,0.0
33.0,324,0.0,0.0,0.0,0.0,0.0
33.0,325,0.0,0.0,0.0,0.0,0.0
33.0,326,0.0,0.0,0.0,0.0,0.0
33.0,327,0.0,0.0,0.0,0.0,0.0
33.0,328,0.0,0.0,0.0,0.0,0.0
33.0,329,0.0,0.0,0.0,0.0,0.0
33.0,330,0.0,0.0,0.0,0.0,0.0
33.0,331,0.0,0.0,0.0,0.0,0.0
33.0,332,0.0,0.0,0.0,0.0,0.0
33.0,333,0.0,0.0,0.0,0.0,0.0
33.0,334,0.0,0.0,0.0,0.0,0.0
33.0,335,0.0,0.0,0.0,0.0,0.0
33.0,336,0.0,0.0,0.0,0.0,0.0
33.0,337,0.0,0.0,0.0,0.0,0.0
33.0,338,0.0,0.0,0.0,0.0,0.0
33.0,339,0.0,0.0,0.0,0.0,0.0
33.0,340,0.0,0.0,0.0,0.0,0.0
33.0,341,0.0,0.0,0.0,0.0,0.0
33.0,342,0.0,0.0,0.0,0.0,0.0
33.0,343,0.0,0.0,0.0,0.0,0.0
33.0,344,0.0,0.0,0.0,0.0,0.0
33.0,345,0.0,0.0,0.0,0.0,0.0
33.0,346,0.0,0.0,0.0,0.0,0.0
33.0,347,0.0,0.0,0.0,0.0,0.0
33.0,348,0.0,0.0,0.0,0.0,0.0
33.0,349,0.0,0.0,0.0,0.0,0.0
33.0,350,0.0,0.0,0.0,0.0,0.0
33.0,351,0.0,0.0,0.0,0.0,0.0
33.0,352,0.0,0.0,0.0,0.0,0.0
33.0,353,0.0,0.0,0.0,0.0,0.0
33.0,354,0.0,0.0,0.0,0.0,0.0
33.0,355,0.0,0.0,0.0,0.0,0.0
33.0,356,0.0,0.0,0.0,0.0,0.0
33.0,357,0.0,0.0,0.0,0.0,0.0
33.0,358,0.0,0.0,0.0,0.0,0.0
33.0,359,0.0,0.0,0.0,0.0,0.0
33.0,360,0.0,0.0,0.0,0.0,0.0
33.0,361,0.0,0.0,0.0,0.0,0.0
33.0,362,0.0,0.0,0.0,0.0,0.0
33.0,363,0.0,0.0,0.0,0.0,0.0
33.0,364,0.0,0.0,0.0,0.0,0.0
33.0,365,0.0,0.0,0.0,0.0,0.0
33.0,366,0.0,0.0,0.0,0.0,0.0
33.0,367,0.0,0.0,0.0,0.0,0.0
33.0,368,0.0,0.0,0.0,0.0,0.0
33.0,369,0.0,0.0,0.0,0.0,0.0
33.0,370,0.0,0.0,0.0,0.0,0.0
33.0,371,0.0,0.0,0.0,0.0,0.0
33.0,372,0.0,0.0,0.0,0.0,0.0
33.0,373,0.0,0.0,0.0,0.0,0.0
33.0,374,0.0,0.0,0.0,0.0,0.0
33.0,375,0.0,0.0,0.0,0.0,0.0
33.0,376,0.0,0.0,0.0,0.0,0.0
33.0,377,0.0,0.0,0.0,0.0,0.0
33.0,378,0.0,0.0,0.0,0.0,0.0
33.0,379,0.0,0.0,0.0,0.0,0.0
33.0,380,0.0,0.0,0.0,0.0,0.0
33.0,381,0.0,0.0,0.0,0.0,0.0
33.0,382,0.0,0.0,0.0,0.0,0.0
33.0,383,0.0,0.0,0.0,0.0,0.0
33.0,384,0.0,0.0,0.0,0.0,0.0
33.0,385,0.0,0.0,0.0,0.0,0.0
33.0,386,0.0,0.0,0.0,0.0,0.0
33.0,387,0.0,0.0,0.0,0.0,0.0
33.0,388,0.0,0.0,0.0,0.0,0.0
33.0,389,0.0,0.0,0.0,0.0,0.0
33.0,390,0.0,0.0,0.0,0.0,0.0
33.0,391,0.0,0.0,0.0,0.0,0.0
33.0,392,0.0,0.0,0.0,0.0,0.0
33.0,393,0.0,0.0,0.0,0.0,0.0
33.0,394,0.0,0.0,0.0,0.0,0.0
33.0,395,0.0,0.0,0.0,0.0,0.0
33.0,396,0.0,0.0,0.0,0.0,0.0
33.0,397,0.0,0.0,0.0,0.0,0.0
33.0,398,0.0,0.0,0.0,0.0,0.0
33.0,399,0.0,0.0,0.0,0.0,0.0
33.0,400,0.0,0.0,0.0,0.0,0.0
33.0,401,0.0,0.0,0.0,0.0,0.0
33.0,402,0.0,0.0,0.0,0.0,0.0
33.0,403,0.0,0.0,0.0,0.0,0.0
33.0,404,0.0,0.0,0.0,0.0,0.0
33.0,405,0.0,0.0,0.0,0.0,0.0
33.0,406,0.0,0.0,0.0,0.0,0.0
33.0,407,0.0,0.0,0.0,0.0,0.0
33.0,408,0.0,0.0,0.0,0.0,0.0
33.0,409,0.0,0.0,0.0,0.0,0.0
33.0,410,0.0,0.0,0.0,0.0,0.0
33.0,411,0.0,0.0,0.0,0.0,0.0
33.0,412,0.0,0.0,0.0,0.0,0.0
33.0,413,0.0,0.0,0.0,0.0,0.0
33.0,414,0.0,0.0,0.0,0.0,0.0
33.0,415,0.0,0.0,0.0,0.0,0.0
33.0,416,0.0,0.0,0.0,0.0,0.0
33.0,417,0.0,0.0,0.0,0.0,0.0
33.0,418,0.0,0.0,0.0,0.0,0.0
33.0,419,0.0,0.0,0.0,0.0,0.0
33.0,420,0.0,0.0,0.0,0.0,0.0
33.0,421,0.0,0.0,0.0,0.0,0.0
33.0,422,0.0,0.0,0.0,0.0,0.0
33.0,423,0.0,0.0,0.0,0.0,0.0
33.0,424,0.0,0.0,0.0,0.0,0.0
33.0,425,0.0,0.0,0.0,0.0,0.0
33.0,426,0.0,0.0,0.0,0.0,0.0
33.0,427,0.0,0.0,0.0,0.0,0.0
33.0,428,0.0,0.0,0.0,0.0,0.0
33.0,429,0.0,0.0,0.0,0.0,0.0
33.0,430,0.0,0.0,0.0,0.0,0.0
33.0,431,0.0,0.0,0.0,0.0,0.0
33.0,432,0.0,0.0,0.0,0.0,0.0
33.0,433,0.0,0.0,0.0,0.0,0.0
33.0,434,0.0,0.0,0.0,0.0,0.0
33.0,435,0.0,0.0,0.0,0.0,0.0
33.0,436,0.0,0.0,0.0,0.0,0.0
33.0,437,0.0,0.0,0.0,0.0,0.0
33.0,438,0.0,0.0,0.0,0.0,0.0
33.0,439,0.0,0.0,0.0,0.0,0.0
33.0,440,0.0,0.0,0.0,0.0,0.0
33.0,441,0.0,0.0,0.0,0.0,0.0
33.0,442,0.0,0.0,0.0,0.0,0.0
33.0,443,0.0,0.0,0.0,0.0,0.0
33.0,444,0.0,0.0,0.0,0.0,0.0
33.0,445,0.0,0.0,0.0,0.0,0.0
33.0,446,0.0,0.0,0.0,0.0,0.0
33.0,447,0.0,0.0,0.0,0.0,0.0
33.0,448,0.0,0.0,0.0,0.0,0.0
33.0,449,0.0,0.0,0.0,0.0,0.0
33.0,450,0.0,0.0,0.0,0.0,0.0
33.0,451,0.0,0.0,0.0,0.0,0.0
33.0,452,0.0,0.0,0.0,0.0,0.0
33.0,453,0.0,0.0,0.0,0.0,0.0
33.0,454,0.0,0.0,0.0,0.0,0.0
33.0,455,0.0,0.0,0.0,0.0,0.0
33.0,456,0.0,0.0,0.0,0.0,0.0
33.0,457,0.0,0.0,0.0,0.0,0.0
33.0,458,0.0,0.0,0.0,0.0,0.0
33.0,459,0.0,0.0,0.0,0.0,0.0
33.0,460,0.0,0.0,0.0,0.0,0.0
33.0,461,0.0,0.0,0.0,0.0,0.0
33.0,462,0.0,0.0,0.0,0.0,0.0
33.0,463,0.0,0.0,0.0,0.0,0.0
33.0,464,0.0,0.0,0.0,0.0,0.0
33.0,465,0.0,0.0,0.0,0.0,0.0
33.0,466,0.0,0.0,0.0,0.0,0.0
33.0,467,0.0,0.0,0.0,0.0,0.0
33.0,468,0.0,0.0,0.0,0.0,0.0
33.0,469,0.0,0.0,0.0,0.0,0.0
33.0,470,0.0,0.0,0.0,0.0,0.0
33.0,471,0.0,0.0,0.0,0.0,0.0
33.0,472,0.0,0.0,0.0,0.0,0.0
33.0,473,0.0,0.0,0.0,0.0,0.0
33.0,474,0.0,0.0,0.0,0.0,0.0
33.0,475,0.0,0.0,0.0,0.0,0.0
33.0,476,0.0,0.0,0.0,0.0,0.0
33.0,477,0.0,0.0,0.0,0.0,0.0
33.0,478,0.0,0.0,0.0,0.0,0.0
33.0,479,0.0,0.0,0.0,0.0,0.0
33.0,480,0.0,0.0,0.0,0.0,0.0
33.0,481,0.0,0.0,0.0,0.0,0.0
33.0,482,0.0,0.0,0.0,0.0,0.0
33.0,483,0.0,0.0,0.0,0.0,0.0
33.0,484,0.0,0.0,0.0,0.0,0.0
33.0,485,0.0,0.0,0.0,0.0,0.0
33.0,486,0.0,0.0,0.0,0.0,0.0
33.0,487,0.0,0.0,0.0,0.0,0.0
33.0,488,0.0,0.0,0.0,0.0,0.0
33.0,489,0.0,0.0,0.0,0.0,0.0
33.0,490,0.0,0.0,0.0,0.0,0.0
33.0,491,0.0,0.0,0.0,0.0,0.0
33.0,492,0.0,0.0,0.0,0.0,0.0
33.0,493,0.0,0.0,0.0,0.0,0.0
33.0,494,0.0,0.0,0.0,0.0,0.0
33.0,495,0.0,0.0,0.0,0.0,0.0
33.0,496,0.0,0.0,0.0,0.0,0.0
33.0,497,0.0,0.0,0.0,0.0,0.0
33.0,498,0.0,0.0,0.0,0.0,0.0
33.0,499,0.0,0.0,0.0,0.0,0.0
33.0,500,0.0,0.0,0.0,0.0,0.0
33.0,501,0.0,0.0,0.0,0.0,0.0
33.0,502,0.0,0.0,0.0,0.0,0.0
33.0,503,0.0,0.0,0.0,0.0,0.0
33.0,504,0.0,0.0,0.0,0.0,0.0
33.0,505,0.0,0.0,0.0,0.0,0.0
33.0,506,0.0,0.0,0.0,0.0,0.0
33.0,507,0.0,0.0,0.0,0.0,0.0
33.0,508,0.0,0.0,0.0,0.0,0.0
33.0,509,0.0,0.0,0.0,0.0,0.0
33.0,510,0.0,0.0,0.0,0.0,0.0
33.0,511,0.0,0.0,0.0,0.0,0.0
33.0,512,0.0,0.0,0.0,0.0,0.0
33.0,513,0.0,0.0,0.0,0.0,0.0
33.0,514,0.0,0.0,0.0,0.0,0.0
33.0,515,0.0,0.0,0.0,0.0,0.0
33.0,516,0.0,0.0,0.0,0.0,0.0
33.0,517,0.0,0.0,0.0,0.0,0.0
33.0,518,0.0,0.0,0.0,0.0,0.0
33.0,519,0.0,0.0,0.0,0.0,0.0
33.0,520,0.0,0.0,0.0,0.0,0.0
33.0,521,0.0,0.0,0.0,0.0,0.0
33.0,522,0.0,0.0,0.0,0.0,0.0
33.0,523,0.0,0.0,0.0,0.0,0.0
33.0,524,0.0,0.0,0.0,0.0,0.0
33.0,525,0.0,0.0,0.0,0.0,0.0
33.0,526,0.0,0.0,0.0,0.0,0.0
33.0,527,0.0,0.0,0.0,0.0,0.0
33.0,528,0.0,0.0,0.0,0.0,0.0
33.0,529,0.0,0.0,0.0,0.0,0.0
33.0,530,0.0,0.0,0.0,0.0,0.0
33.0,531,0.0,0.0,0.0,0.0,0.0
33.0,532,0.0,0.0,0.0,0.0,0.0
33.0,533,0.0,0.0,0.0,0.0,0.0
33.0,534,0.0,0.0,0.0,0.0,0.0
33.0,535,0.0,0.0,0.0,0.0,0.0
33.0,536,0.0,0.0,0.0,0.0,0.0
33.0,537,0.0,0.0,0.0,0.0,0.0
33.0,538,0.0,0.0,0.0,0.0,0.0
33.0,539,0.0,0.0,0.0,0.0,0.0
33.0,540,0.0,0.0,0.0,0.0,0.0
33.0,541,0.0,0.0,0.0,0.0,0.0
33.0,542,0.0,0.0,0.0,0.0,0.0
33.0,543,0.0,0.0,0.0,0.0,0.0
33.0,544,0.0,0.0,0.0,0.0,0.0
33.0,545,0.0,0.0,0.0,0.0,0.0
33.0,546,0.0,0.0,0.0,0.0,0.0
33.0,547,0.0,0.0,0.0,0.0,0.0
33.0,548,0.0,0.0,0.0,0.0,0.0
33.0,549,0.0,0.0,0.0,0.0,0.0
33.0,550,0.0,0.0,0.0,0.0,0.0
33.0,551,0.0,0.0,0.0,0.0,0.0
33.0,552,0.0,0.0,0.0,0.0,0.0
33.0,553,0.0,0.0,0.0,0.0,0.0
33.0,554,0.0,0.0,0.0,0.0,0.0
33.0,555,0.0,0.0,0.0,0.0,0.0
33.0,556,0.0,0.0,0.0,0.0,0.0
33.0,557,0.0,0.0,0.0,0.0,0.0
33.0,558,0.0,0.0,0.0,0.0,0.0
33.0,559,0.0,0.0,0.0,0.0,0.0
33.0,560,0.0,0.0,0.0,0.0,0.0
33.0,561,0.0,0.0,0.0,0.0,0.0
33.0,562,0.0,0.0,0.0,0.0,0.0
33.0,563,0.0,0.0,0.0,0.0,0.0
33.0,564,0.0,0.0,0.0,0.0,0.0
33.0,565,0.0,0.0,0.0,0.0,0.0
33.0,566,0.0,0.0,0.0,0.0,0.0
33.0,567,0.0,0.0,0.0,0.0,0.0
33.0,568,0.0,0.0,0.0,0.0,0.0
33.0,569,0.0,0.0,0.0,0.0,0.0
33.0,570,0.0,0.0,0.0,0.0,0.0
33.0,571,0.0,0.0,0.0,0.0,0.0
33.0,572,0.0,0.0,0.0,0.0,0.0
33.0,573,0.0,0.0,0.0,0.0,0.0
33.0,574,0.0,0.0,0.0,0.0,0.0
33.0,575,0.0,0.0,0.0,0.0,0.0
33.0,576,0.0,0.0,0.0,0.0,0.0
33.0,577,0.0,0.0,0.0,0.0,0.0
33.0,578,0.0,0.0,0.0,0.0,0.0
33.0,579,0.0,0.0,0.0,0.0,0.0
33.0,580,0.0,0.0,0.0,0.0,0.0
33.0,581,0.0,0.0,0.0,0.0,0.0
33.0,582,0.0,0.0,0.0,0.0,0.0
33.0,583,0.0,0.0,0.0,0.0,0.0
33.0,584,0.0,0.0,0.0,0.0,0.0
33.0,585,0.0,0.0,0.0,0.0,0.0
33.0,586,0.0,0.0,0.0,0.0,0.0
33.0,587,0.0,0.0,0.0,0.0,0.0
33.0,588,0.0,0.0,0.0,0.0,0.0
33.0,589,0.0,0.0,0.0,0.0,0.0
33.0,590,0.0,0.0,0.0,0.0,0.0
33.0,591,0.0,0.0,0.0,0.0,0.0
33.0,592,0.0,0.0,0.0,0.0,0.0
33.0,593,0.0,0.0,0.0,0.0,0.0
33.0,594,0.0,0.0,0.0,0.0,0.0
33.0,595,0.0,0.0,0.0,0.0,0.0
33.0,596,0.0,0.0,0.0,0.0,0.0
33.0,597,0.0,0.0,0.0,0.0,0.0
33.0,598,0.0,0.0,0.0,0.0,0.0
33.0,599,0.0,0.0,0.0,0.0,0.0
33.0,600,0.0,0.0,0.0,0.0,0.0
33.0,601,0.0,0.0,0.0,0.0,0.0
33.0,602,0.0,0.0,0.0,0.0,0.0
33.0,603,0.0,0.0,0.0,0.0,0.0
33.0,604,0.0,0.0,0.0,0.0,0.0
33.0,605,0.0,0.0,0.0,0.0,0.0
33.0,606,0.0,0.0,0.0,0.0,0.0
33.0,607,0.0,0.0,0.0,0.0,0.0
33.0,608,0.0,0.0,0.0,0.0,0.0
33.0,609,0.0,0.0,0.0,0.0,0.0
33.0,610,0.0,0.0,0.0,0.0,0.0
33.0,611,0.0,0.0,0.0,0.0,0.0
33.0,612,0.0,0.0,0.0,0.0,0.0
33.0,613,0.0,0.0,0.0,0.0,0.0
33.0,614,0.0,0.0,0.0,0.0,0.0
33.0,615,0.0,0.0,0.0,0.0,0.0
33.0,616,0.0,0.0,0.0,0.0,0.0
33.0,617,0.0,0.0,0.0,0.0,0.0
33.0,618,0.0,0.0,0.0,0.0,0.0
33.0,619,0.0,0.0,0.0,0.0,0.0
33.0,620,0.0,0.0,0.0,0.0,0.0
33.0,621,0.0,0.0,0.0,0.0,0.0
33.0,622,0.0,0.0,0.0,0.0,0.0
33.0,623,0.0,0.0,0.0,0.0,0.0
33.0,624,0.0,0.0,0.0,0.0,0.0
33.0,625,0.0,0.0,0.0,0.0,0.0
33.0,626,0.0,0.0,0.0,0.0,0.0
33.0,627,0.0,0.0,0.0,0.0,0.0
33.0,628,0.0,0.0,0.0,0.0,0.0
33.0,629,0.0,0.0,0.0,0.0,0.0
33.0,630,0.0,0.0,0.0,0.0,0.0
33.0,631,0.0,0.0,0.0,0.0,0.0
33.0,632,0.0,0.0,0.0,0.0,0.0
33.0,633,0.0,0.0,0.0,0.0,0.0
33.0,634,0.0,0.0,0.0,0.0,0.0
33.0,635,0.0,0.0,0.0,0.0,0.0
33.0,636,0.0,0.0,0.0,0.0,0.0
33.0,637,0.0,0.0,0.0,0.0,0.0
33.0,638,0.0,0.0,0.0,0.0,0.0
33.0,639,0.0,0.0,0.0,0.0,0.0
33.0,640,0.0,0.0,0.0,0.0,0.0
33.0,641,0.0,0.0,0.0,0.0,0.0
33.0,642,0.0,0.0,0.0,0.0,0.0
33.0,643,0.0,0.0,0.0,0.0,0.0
33.0,644,0.0,0.0,0.0,0.0,0.0
33.0,645,0.0,0.0,0.0,0.0,0.0
33.0,646,0.0,0.0,0.0,0.0,0.0
33.0,647,0.0,0.0,0.0,0.0,0.0
33.0,648,0.0,0.0,0.0,0.0,0.0
33.0,649,0.0,0.0,0.0,0.0,0.0
33.0,650,0.0,0.0,0.0,0.0,0.0
33.0,651,0.0,0.0,0.0,0.0,0.0
33.0,652,0.0,0.0,0.0,0.0,0.0
33.0,653,0.0,0.0,0.0,0.0,0.0
33.0,654,0.0,0.0,0.0,0.0,0.0
33.0,655,0.0,0.0,0.0,0.0,0.0
33.0,656,0.0,0.0,0.0,0.0,0.0
33.0,657,0.0,0.0,0.0,0.0,0.0
33.0,658,0.0,0.0,0.0,0.0,0.0
33.0,659,0.0,0.0,0.0,0.0,0.0
33.0,660,0.0,0.0,0.0,0.0,0.0
33.0,661,0.0,0.0,0.0,0.0,0.0
33.0,662,0.0,0.0,0.0,0.0,0.0
33.0,663,0.0,0.0,0.0,0.0,0.0
33.0,664,0.0,0.0,0.0,0.0,0.0
33.0,665,0.0,0.0,0.0,0.0,0.0
33.0,666,0.0,0.0,0.0,0.0,0.0
33.0,667,0.0,0.0,0.0,0.0,0.0
33.0,668,0.0,0.0,0.0,0.0,0.0
33.0,669,0.0,0.0,0.0,0.0,0.0
33.0,670,0.0,0.0,0.0,0.0,0.0
33.0,671,0.0,0.0,0.0,0.0,0.0
33.0,672,0.0,0.0,0.0,0.0,0.0
33.0,673,0.0,0.0,0.0,0.0,0.0
33.0,674,0.0,0.0,0.0,0.0,0.0
33.0,675,0.0,0.0,0.0,0.0,0.0
33.0,676,0.0,0.0,0.0,0.0,0.0
33.0,677,0.0,0.0,0.0,0.0,0.0
33.0,678,0.0,0.0,0.0,0.0,0.0
33.0,679,0.0,0.0,0.0,0.0,0.0
33.0,680,0.0,0.0,0.0,0.0,0.0
33.0,681,0.0,0.0,0.0,0.0,0.0
33.0,682,0.0,0.0,0.0,0.0,0.0
33.0,683,0.0,0.0,0.0,0.0,0.0
33.0,684,0.0,0.0,0.0,0.0,0.0
33.0,685,0.0,0.0,0.0,0.0,0.0
33.0,686,0.0,0.0,0.0,0.0,0.0
33.0,687,0.0,0.0,0.0,0.0,0.0
33.0,688,0.0,0.0,0.0,0.0,0.0
33.0,689,0.0,0.0,0.0,0.0,0.0
33.0,690,0.0,0.0,0.0,0.0,0.0
33.0,691,0.0,0.0,0.0,0.0,0.0
33.0,692,0.0,0.0,0.0,0.0,0.0
33.0,693,0.0,0.0,0.0,0.0,0.0
33.0,694,0.0,0.0,0.0,0.0,0.0
33.0,695,0.0,0.0,0.0,0.0,0.0
33.0,696,0.0,0.0,0.0,0.0,0.0
33.0,697,0.0,0.0,0.0,0.0,0.0
33.0,698,0.0,0.0,0.0,0.0,0.0
33.0,699,0.0,0.0,0.0,0.0,0.0
33.0,700,0.0,0.0,0.0,0.0,0.0
33.0,701,0.0,0.0,0.0,0.0,0.0
33.0,702,0.0,0.0,0.0,0.0,0.0
33.0,703,0.0,0.0,0.0,0.0,0.0
33.0,704,0.0,0.0,0.0,0.0,0.0
33.0,705,0.0,0.0,0.0,0.0,0.0
33.0,706,0.0,0.0,0.0,0.0,0.0
33.0,707,0.0,0.0,0.0,0.0,0.0
33.0,708,0.0,0.0,0.0,0.0,0.0
33.0,709,0.0,0.0,0.0,0.0,0.0
33.0,710,0.0,0.0,0.0,0.0,0.0
33.0,711,0.0,0.0,0.0,0.0,0.0
33.0,712,0.0,0.0,0.0,0.0,0.0
33.0,713,0.0,0.0,0.0,0.0,0.0
33.0,714,0.0,0.0,0.0,0.0,0.0
33.0,715,0.0,0.0,0.0,0.0,0.0
33.0,716,0.0,0.0,0.0,0.0,0.0
33.0,717,0.0,0.0,0.0,0.0,0.0
33.0,718,0.0,0.0,0.0,0.0,0.0
33.0,719,0.0,0.0,0.0,0.0,0.0
33.0,720,0.0,0.0,0.0,0.0,0.0
33.0,721,0.0,0.0,0.0,0.0,0.0
33.0,722,0.0,0.0,0.0,0.0,0.0
33.0,723,0.0,0.0,0.0,0.0,0.0
33.0,724,0.0,0.0,0.0,0.0,0.0
33.0,725,0.0,0.0,0.0,0.0,0.0
33.0,726,0.0,0.0,0.0,0.0,0.0
33.0,727,0.0,0.0,0.0,0.0,0.0
33.0,728,0.0,0.0,0.0,0.0,0.0
33.0,729,0.0,0.0,0.0,0.0,0.0
33.0,730,0.0,0.0,0.0,0.0,0.0
33.0,731,0.0,0.0,0.0,0.0,0.0
33.0,732,0.0,0.0,0.0,0.0,0.0
33.0,733,0.0,0.0,0.0,0.0,0.0
33.0,734,0.0,0.0,0.0,0.0,0.0
33.0,735,0.0,0.0,0.0,0.0,0.0
33.0,736,0.0,0.0,0.0,0.0,0.0
33.0,737,0.0,0.0,0.0,0.0,0.0
33.0,738,0.0,0.0,0.0,0.0,0.0
33.0,739,0.0,0.0,0.0,0.0,0.0
33.0,740,0.0,0.0,0.0,0.0,0.0
33.0,741,0.0,0.0,0.0,0.0,0.0
33.0,742,0.0,0.0,0.0,0.0,0.0
33.0,743,0.0,0.0,0.0,0.0,0.0
33.0,744,0.0,0.0,0.0,0.0,0.0
33.0,745,0.0,0.0,0.0,0.0,0.0
33.0,746,0.0,0.0,0.0,0.0,0.0
33.0,747,0.0,0.0,0.0,0.0,0.0
33.0,748,0.0,0.0,0.0,0.0,0.0
33.0,749,0.0,0.0,0.0,0.0,0.0
33.0,750,0.0,0.0,0.0,0.0,0.0
33.0,751,0.0,0.0,0.0,0.0,0.0
33.0,752,0.0,0.0,0.0,0.0,0.0
33.0,753,0.0,0.0,0.0,0.0,0.0
33.0,754,0.0,0.0,0.0,0.0,0.0
33.0,755,0.0,0.0,0.0,0.0,0.0
33.0,756,0.0,0.0,0.0,0.0,0.0
33.0,757,0.0,0.0,0.0,0.0,0.0
33.0,758,0.0,0.0,0.0,0.0,0.0
33.0,759,0.0,0.0,0.0,0.0,0.0
33.0,760,0.0,0.0,0.0,0.0,0.0
33.0,761,0.0,0.0,0.0,0.0,0.0
33.0,762,0.0,0.0,0.0,0.0,0.0
33.0,763,0.0,0.0,0.0,0.0,0.0
33.0,764,0.0,0.0,0.0,0.0,0.0
33.0,765,0.0,0.0,0.0,0.0,0.0
33.0,766,0.0,0.0,0.0,0.0,0.0
33.0,767,0.0,0.0,0.0,0.0,0.0
33.0,768,0.0,0.0,0.0,0.0,0.0
33.0,769,0.0,0.0,0.0,0.0,0.0
33.0,770,0.0,0.0,0.0,0.0,0.0
33.0,771,0.0,0.0,0.0,0.0,0.0
33.0,772,0.0,0.0,0.0,0.0,0.0
33.0,773,0.0,0.0,0.0,0.0,0.0
33.0,774,0.0,0.0,0.0,0.0,0.0
33.0,775,0.0,0.0,0.0,0.0,0.0
33.0,776,0.0,0.0,0.0,0.0,0.0
33.0,777,0.0,0.0,0.0,0.0,0.0
33.0,778,0.0,0.0,0.0,0.0,0.0
33.0,779,0.0,0.0,0.0,0.0,0.0
33.0,780,0.0,0.0,0.0,0.0,0.0
33.0,781,0.0,0.0,0.0,0.0,0.0
33.0,782,0.0,0.0,0.0,0.0,0.0
33.0,783,0.0,0.0,0.0,0.0,0.0
33.0,784,0.0,0.0,0.0,0.0,0.0
33.0,785,0.0,0.0,0.0,0.0,0.0
33.0,786,0.0,0.0,0.0,0.0,0.0
33.0,787,0.0,0.0,0.0,0.0,0.0
33.0,788,0.0,0.0,0.0,0.0,0.0
33.0,789,0.0,0.0,0.0,0.0,0.0
33.0,790,0.0,0.0,0.0,0.0,0.0
33.0,791,0.0,0.0,0.0,0.0,0.0
33.0,792,0.0,0.0,0.0,0.0,0.0
33.0,793,0.0,0.0,0.0,0.0,0.0
33.0,794,0.0,0.0,0.0,0.0,0.0
33.0,795,0.0,0.0,0.0,0.0,0.0
33.0,796,0.0,0.0,0.0,0.0,0.0
33.0,797,0.0,0.0,0.0,0.0,0.0
33.0,798,0.0,0.0,0.0,0.0,0.0
33.0,799,0.0,0.0,0.0,0.0,0.0
33.0,800,0.0,0.0,0.0,0.0,0.0
33.0,801,0.0,0.0,0.0,0.0,0.0
33.0,802,0.0,0.0,0.0,0.0,0.0
33.0,803,0.0,0.0,0.0,0.0,0.0
33.0,804,0.0,0.0,0.0,0.0,0.0
33.0,805,0.0,0.0,0.0,0.0,0.0
33.0,806,0.0,0.0,0.0,0.0,0.0
33.0,807,0.0,0.0,0.0,0.0,0.0
33.0,808,0.0,0.0,0.0,0.0,0.0
33.0,809,0.0,0.0,0.0,0.0,0.0
33.0,810,0.0,0.0,0.0,0.0,0.0
33.0,811,0.0,0.0,0.0,0.0,0.0
33.0,812,0.0,0.0,0.0,0.0,0.0
33.0,813,0.0,0.0,0.0,0.0,0.0
33.0,814,0.0,0.0,0.0,0.0,0.0
33.0,815,0.0,0.0,0.0,0.0,0.0
33.0,816,0.0,0.0,0.0,0.0,0.0
33.0,817,0.0,0.0,0.0,0.0,0.0
33.0,818,0.0,0.0,0.0,0.0,0.0
33.0,819,0.0,0.0,0.0,0.0,0.0
33.0,820,0.0,0.0,0.0,0.0,0.0
33.0,821,0.0,0.0,0.0,0.0,0.0
33.0,822,0.0,0.0,0.0,0.0,0.0
33.0,823,0.0,0.0,0.0,0.0,0.0
33.0,824,0.0,0.0,0.0,0.0,0.0
33.0,825,0.0,0.0,0.0,0.0,0.0
33.0,826,0.0,0.0,0.0,0.0,0.0
33.0,827,0.0,0.0,0.0,0.0,0.0
33.0,828,0.0,0.0,0.0,0.0,0.0
33.0,829,0.0,0.0,0.0,0.0,0.0
33.0,830,0.0,0.0,0.0,0.0,0.0
33.0,831,0.0,0.0,0.0,0.0,0.0
33.0,832,0.0,0.0,0.0,0.0,0.0
33.0,833,0.0,0.0,0.0,0.0,0.0
33.0,834,0.0,0.0,0.0,0.0,0.0
33.0,835,0.0,0.0,0.0,0.0,0.0
33.0,836,0.0,0.0,0.0,0.0,0.0
33.0,837,0.0,0.0,0.0,0.0,0.0
33.0,838,0.0,0.0,0.0,0.0,0.0
33.0,839,0.0,0.0,0.0,0.0,0.0
33.0,840,0.0,0.0,0.0,0.0,0.0
33.0,841,0.0,0.0,0.0,0.0,0.0
33.0,842,0.0,0.0,0.0,0.0,0.0
33.0,843,0.0,0.0,0.0,0.0,0.0
33.0,844,0.0,0.0,0.0,0.0,0.0
33.0,845,0.0,0.0,0.0,0.0,0.0
33.0,846,0.0,0.0,0.0,0.0,0.0
33.0,847,0.0,0.0,0.0,0.0,0.0
33.0,848,0.0,0.0,0.0,0.0,0.0
33.0,849,0.0,0.0,0.0,0.0,0.0
33.0,850,0.0,0.0,0.0,0.0,0.0
33.0,851,0.0,0.0,0.0,0.0,0.0
33.0,852,0.0,0.0,0.0,0.0,0.0
33.0,853,0.0,0.0,0.0,0.0,0.0
33.0,854,0.0,0.0,0.0,0.0,0.0
33.0,855,0.0,0.0,0.0,0.0,0.0
33.0,856,0.0,0.0,0.0,0.0,0.0
33.0,857,0.0,0.0,0.0,0.0,0.0
33.0,858,0.0,0.0,0.0,0.0,0.0
33.0,859,0.0,0.0,0.0,0.0,0.0
33.0,860,0.0,0.0,0.0,0.0,0.0
33.0,861,0.0,0.0,0.0,0.0,0.0
33.0,862,0.0,0.0,0.0,0.0,0.0
33.0,863,0.0,0.0,0.0,0.0,0.0
33.0,864,0.0,0.0,0.0,0.0,0.0
33.0,865,0.0,0.0,0.0,0.0,0.0
33.0,866,0.0,0.0,0.0,0.0,0.0
33.0,867,0.0,0.0,0.0,0.0,0.0
33.0,868,0.0,0.0,0.0,0.0,0.0
33.0,869,0.0,0.0,0.0,0.0,0.0
33.0,870,0.0,0.0,0.0,0.0,0.0
33.0,871,0.0,0.0,0.0,0.0,0.0
33.0,872,0.0,0.0,0.0,0.0,0.0
33.0,873,0.0,0.0,0.0,0.0,0.0
33.0,874,0.0,0.0,0.0,0.0,0.0
33.0,875,0.0,0.0,0.0,0.0,0.0
33.0,876,0.0,0.0,0.0,0.0,0.0
33.0,877,0.0,0.0,0.0,0.0,0.0
33.0,878,0.0,0.0,0.0,0.0,0.0
33.0,879,0.0,0.0,0.0,0.0,0.0
33.0,880,0.0,0.0,0.0,0.0,0.0
33.0,881,0.0,0.0,0.0,0.0,0.0
33.0,882,0.0,0.0,0.0,0.0,0.0
33.0,883,0.0,0.0,0.0,0.0,0.0
33.0,884,0.0,0.0,0.0,0.0,0.0
33.0,885,0.0,0.0,0.0,0.0,0.0
33.0,886,0.0,0.0,0.0,0.0,0.0
33.0,887,0.0,0.0,0.0,0.0,0.0
33.0,888,0.0,0.0,0.0,0.0,0.0
33.0,889,0.0,0.0,0.0,0.0,0.0
33.0,890,0.0,0.0,0.0,0.0,0.0
33.0,891,0.0,0.0,0.0,0.0,0.0
33.0,892,0.0,0.0,0.0,0.0,0.0
33.0,893,0.0,0.0,0.0,0.0,0.0
33.0,894,0.0,0.0,0.0,0.0,0.0
33.0,895,0.0,0.0,0.0,0.0,0.0
33.0,896,0.0,0.0,0.0,0.0,0.0
33.0,897,0.0,0.0,0.0,0.0,0.0
33.0,898,0.0,0.0,0.0,0.0,0.0
33.0,899,0.0,0.0,0.0,0.0,0.0
33.0,900,0.0,0.0,0.0,0.0,0.0
33.0,901,0.0,0.0,0.0,0.0,0.0
33.0,902,0.0,0.0,0.0,0.0,0.0
33.0,903,0.0,0.0,0.0,0.0,0.0
33.0,904,0.0,0.0,0.0,0.0,0.0
33.0,905,0.0,0.0,0.0,0.0,0.0
33.0,906,0.0,0.0,0.0,0.0,0.0
33.0,907,0.0,0.0,0.0,0.0,0.0
33.0,908,0.0,0.0,0.0,0.0,0.0
33.0,909,0.0,0.0,0.0,0.0,0.0
33.0,910,0.0,0.0,0.0,0.0,0.0
33.0,911,0.0,0.0,0.0,0.0,0.0
33.0,912,0.0,0.0,0.0,0.0,0.0
33.0,913,0.0,0.0,0.0,0.0,0.0
33.0,914,0.0,0.0,0.0,0.0,0.0
33.0,915,0.0,0.0,0.0,0.0,0.0
33.0,916,0.0,0.0,0.0,0.0,0.0
33.0,917,0.0,0.0,0.0,0.0,0.0
33.0,918,0.0,0.0,0.0,0.0,0.0
33.0,919,0.0,0.0,0.0,0.0,0.0
33.0,920,0.0,0.0,0.0,0.0,0.0
33.0,921,0.0,0.0,0.0,0.0,0.0
33.0,922,0.0,0.0,0.0,0.0,0.0
33.0,923,0.0,0.0,0.0,0.0,0.0
33.0,924,0.0,0.0,0.0,0.0,0.0
33.0,925,0.0,0.0,0.0,0.0,0.0
33.0,926,0.0,0.0,0.0,0.0,0.0
33.0,927,0.0,0.0,0.0,0.0,0.0
33.0,928,0.0,0.0,0.0,0.0,0.0
33.0,929,0.0,0.0,0.0,0.0,0.0
33.0,930,0.0,0.0,0.0,0.0,0.0
33.0,931,0.0,0.0,0.0,0.0,0.0
33.0,932,0.0,0.0,0.0,0.0,0.0
33.0,933,0.0,0.0,0.0,0.0,0.0
33.0,934,0.0,0.0,0.0,0.0,0.0
33.0,935,0.0,0.0,0.0,0.0,0.0
33.0,936,0.0,0.0,0.0,0.0,0.0
33.0,937,0.0,0.0,0.0,0.0,0.0
33.0,938,0.0,0.0,0.0,0.0,0.0
33.0,939,0.0,0.0,0.0,0.0,0.0
33.0,940,0.0,0.0,0.0,0.0,0.0
33.0,941,0.0,0.0,0.0,0.0,0.0
33.0,942,0.0,0.0,0.0,0.0,0.0
33.0,943,0.0,0.0,0.0,0.0,0.0
33.0,944,0.0,0.0,0.0,0.0,0.0
33.0,945,0.0,0.0,0.0,0.0,0.0
33.0,946,0.0,0.0,0.0,0.0,0.0
33.0,947,0.0,0.0,0.0,0.0,0.0
33.0,948,0.0,0.0,0.0,0.0,0.0
33.0,949,0.0,0.0,0.0,0.0,0.0
33.0,950,0.0,0.0,0.0,0.0,0.0
33.0,951,0.0,0.0,0.0,0.0,0.0
33.0,952,0.0,0.0,0.0,0.0,0.0
33.0,953,0.0,0.0,0.0,0.0,0.0
33.0,954,0.0,0.0,0.0,0.0,0.0
33.0,955,0.0,0.0,0.0,0.0,0.0
33.0,956,0.0,0.0,0.0,0.0,0.0
33.0,957,0.0,0.0,0.0,0.0,0.0
33.0,958,0.0,0.0,0.0,0.0,0.0
33.0,959,0.0,0.0,0.0,0.0,0.0
33.0,960,0.0,0.0,0.0,0.0,0.0
33.0,961,0.0,0.0,0.0,0.0,0.0
33.0,962,0.0,0.0,0.0,0.0,0.0
33.0,963,0.0,0.0,0.0,0.0,0.0
33.0,964,0.0,0.0,0.0,0.0,0.0
33.0,965,0.0,0.0,0.0,0.0,0.0
33.0,966,0.0,0.0,0.0,0.0,0.0
33.0,967,0.0,0.0,0.0,0.0,0.0
33.0,968,0.0,0.0,0.0,0.0,0.0
33.0,969,0.0,0.0,0.0,0.0,0.0
33.0,970,0.0,0.0,0.0,0.0,0.0
33.0,971,0.0,0.0,0.0,0.0,0.0
33.0,972,0.0,0.0,0.0,0.0,0.0
33.0,973,0.0,0.0,0.0,0.0,0.0
33.0,974,0.0,0.0,0.0,0.0,0.0
33.0,975,0.0,0.0,0.0,0.0,0.0
33.0,976,0.0,0.0,0.0,0.0,0.0
33.0,977,0.0,0.0,0.0,0.0,0.0
33.0,978,0.0,0.0,0.0,0.0,0.0
33.0,979,0.0,0.0,0.0,0.0,0.0
33.0,980,0.0,0.0,0.0,0.0,0.0
33.0,981,0.0,0.0,0.0,0.0,0.0
33.0,982,0.0,0.0,0.0,0.0,0.0
33.0,983,0.0,0.0,0.0,0.0,0.0
33.0,984,0.0,0.0,0.0,0.0,0.0
33.0,985,0.0,0.0,0.0,0.0,0.0
33.0,986,0.0,0.0,0.0,0.0,0.0
33.0,987,0.0,0.0,0.0,0.0,0.0
33.0,988,0.0,0.0,0.0,0.0,0.0
33.0,989,0.0,0.0,0.0,0.0,0.0
33.0,990,0.0,0.0,0.0,0.0,0.0
33.0,991,0.0,0.0,0.0,0.0,0.0
33.0,992,0.0,0.0,0.0,0.0,0.0
33.0,993,0.0,0.0,0.0,0.0,0.0
33.0,994,0.0,0.0,0.0,0.0,0.0
33.0,995,0.0,0.0,0.0,0.0,0.0
33.0,996,0.0,0.0,0.0,0.0,0.0
33.0,997,0.0,0.0,0.0,0.0,0.0
33.0,998,0.0,0.0,0.0,0.0,0.0
33.0,999,0.0,0.0,0.0,0.0,0.0
33.0,1000,0.0,0.0,0.0,0.0,0.0
